key,base_cer,dom_cer,delta,has_digit,ref,base_hyp,dom_hyp
AIHub_LowQualityPhoneVoice_valid__00006,30.0,13.333333333333334,-16.666666666666664,False,제가 지금 일 학년 거를 지금 수강 신청을 해야 되나요,그래서 그럼 일 학년 거를 지금 슈가융 신청을 해야 됐나요,제가 그럼 이 일 학년 거를 지금 수강 신청을 해야 되나요
AIHub_LowQualityPhoneVoice_valid__00012,41.66666666666667,37.5,-4.166666666666671,False,혹시 중도 요금 시작하는 과목이 다 계시나요,혹시 중정으로 생각하는 과목이 따로 계시잖아요,혹시 중단적으로 해약하는 과목이 따로 되시나요
AIHub_LowQualityPhoneVoice_valid__00018,0.0,0.0,0.0,False,예 알겠습니다,예 알겠습니다,예 알겠습니다
AIHub_LowQualityPhoneVoice_valid__00047,5.555555555555555,0.0,-5.555555555555555,False,아 네 그러면 지금은 안되는 거죠,아 네 그러면 지금은 안 되는 거죠,아 네 그러면 지금은 안되는 거죠
AIHub_LowQualityPhoneVoice_valid__00055,18.75,0.0,-18.75,False,아 그럼 학습 상담을 눌렀어요,아 그럼 학식 상담으로 눌렀어요,아 그럼 학습 상담을 눌렀어요
AIHub_LowQualityPhoneVoice_valid__00056,16.666666666666664,8.333333333333332,-8.333333333333332,False,네 학습 상담에서 이제,이 학교 상담에서 이제,네 학습 상단에서 이제
AIHub_LowQualityPhoneVoice_valid__00078,100.0,6.896551724137931,-93.10344827586206,False,잠시만 기다려 주세요 확인하고 안내 도와 드리겠습니다,네,잠시만 기다려주세요 확인하고 안내 도와드리겠습니다
AIHub_LowQualityPhoneVoice_valid__00089,0.0,0.0,0.0,False,뭐 이렇게 예를 들어서 잠시만요,뭐 이렇게 예를 들어서 잠시만요,뭐 이렇게 예를 들어서 잠시만요
AIHub_LowQualityPhoneVoice_valid__00103,22.22222222222222,0.0,-22.22222222222222,False,네 네 맞습니다 희망하시는 건가요,네 네 맞습니다 피마 마시는 건가요,네 네 맞습니다 희망하시는 건가요
AIHub_LowQualityPhoneVoice_valid__00160,21.62162162162162,5.405405405405405,-16.216216216216218,False,그럼 그날 제가 들었던 예외 처리해드렸습니다는 뭐가 되는 뭔 거예요,그럼 그날 제가 들었던 예외철이 해드렸습니다 뭐가 돼 먹은 거예요,그럼 그날 제가 들었던 예외 처리해드렸습니다는 뭐가 된 뭔 거예요
AIHub_LowQualityPhoneVoice_valid__00201,0.0,0.0,0.0,False,그럼 혹시 연락 안 그 어려운 시간대 있으신가요 혹시,그럼 혹시 연락 안 그 어려운 시간대 있으신가요 혹시,그럼 혹시 연락 안 그 어려운 시간대 있으신가요 혹시
AIHub_LowQualityPhoneVoice_valid__00216,13.636363636363635,6.0606060606060606,-7.575757575757574,False,일단은 인제 그 선택 그 집중이 그 때문에 아 선택과목 과탐이 이제 선택과목이 들어가는데 이제 과탐 관련해서 인제 조금,일단은 인제 그 선택 그 집중이 있었기 때문에 아 선택 과목 과탐이 인제 선택 과목이 들어가는데 인제 과탐 관련해서 인제 쪼끔,일단은 이제 그 선택 그 집중이 있을지 때문에 아 선택과목 과탐이 이제 선택과목이 들어가는데 이제 과탐 관련해서 인제 조금
AIHub_LowQualityPhoneVoice_valid__00231,5.88235294117647,0.0,-5.88235294117647,False,그럼 말씀해주신 내용 확인 도와드리겠습니다 잠시만 기다려주세요,그럼 말씀해주신 내용 확인 도와드리겠습니다 잠시만 기다려주시게요,그럼 말씀해주신 내용 확인 도와드리겠습니다 잠시만 기다려주세요
AIHub_LowQualityPhoneVoice_valid__00242,0.0,0.0,0.0,False,아 네 잠시만요,아 네 잠시만요,아 네 잠시만요
AIHub_LowQualityPhoneVoice_valid__00269,40.0,10.0,-30.0,False,아 왜 네 받았어요,아 네 네 반갑게요,아 네 네 받았어요
AIHub_LowQualityPhoneVoice_valid__00270,12.0,4.0,-8.0,False,아 네 이거 이거 이쪽으로 한 번 조회해보시고,아 네 이거 이거 이쪽으로 한번 정리해보시고,아 네 이거 이거 이쪽으로 한번 조회해보시고
AIHub_LowQualityPhoneVoice_valid__00281,19.35483870967742,22.58064516129032,3.2258064516129004,False,계정을 학 학생 회원으로 두셔야 돼요 카테고리가 두 개죠,개정을 학 학생형으로 주셔야 돼요 카테고리가 두 개,계정은 학생 회원으로 주셔야 돼요 카테고리가 두 개 이제
AIHub_LowQualityPhoneVoice_valid__00283,2.857142857142857,2.857142857142857,0.0,False,아 그래요 아 그러면 이제 이거 그러면 가능하다는 말씀이신 거죠,아 그래요 아 그러면 인제 이거 그러면 가능하다는 말씀이신 거죠,아 그래요 아 그러면 인제 이거 그러면 가능하다는 말씀이신 거죠
AIHub_LowQualityPhoneVoice_valid__00299,95.77464788732394,1.4084507042253522,-94.36619718309858,False,회원님 그러시면 이 부분 제가 정확하게 확인하고 다시 연락드릴 거고요 어 연락 받으실 번호 아 네 알겠습니다 확인하고 바로 연락,네 네 네,회원님 그러시면 이 부분 제가 정확하게 확인하고 다시 연락드릴 거고요 어 연락받으실 번호 아 네 알겠습니다 확인하고 바로 연락
AIHub_LowQualityPhoneVoice_valid__00304,7.142857142857142,7.142857142857142,0.0,False,아 네 알겠습니다 확인하고 바 다시 연락드리겠습니다,아 네 알겠습니다 확인하고 밥 다시 연락 드리겠습니다,아 네 알겠습니다 확인하고 다시 연락드리겠습니다
AIHub_LowQualityPhoneVoice_valid__00316,8.0,0.0,-8.0,False,강좌 같은 경우에도 지금 업로드된 강좌 한해서,강좌 같은 경우도 지금 업무드된 강좌 한해서,강좌 같은 경우에도 지금 업로드된 강좌 한해서
AIHub_LowQualityPhoneVoice_valid__00329,19.148936170212767,4.25531914893617,-14.893617021276597,False,그 계약 끝나셔서 이제 강의 없어지는 관련해서 통화했었는데 궁금한 게 있어서요 이구요,그 개학 끝나셔서 이제 강의 없어지는 거에 대해서 통화했었는데 궁금한 게 있었어요 이고요,그 계약 끝나셔서 이제 강의 없어지는 거 관련해서 통화했었는데 궁금한 게 있어서요 이구요
AIHub_LowQualityPhoneVoice_valid__00332,0.0,0.0,0.0,False,그거는 그 아 그면은 혹시 말씀하셨거든요,그거는 그 아 그면은 혹시 말씀하셨거든요,그거는 그 아 그면은 혹시 말씀하셨거든요
AIHub_LowQualityPhoneVoice_valid__00341,22.22222222222222,11.11111111111111,-11.11111111111111,False,계획대로 제가 좀 할라고 하거든요,계획도 제가 할라고 하거든요,계획도 제가 좀 할라고 하거든요
AIHub_LowQualityPhoneVoice_valid__00346,0.0,0.0,0.0,False,네 감사합니다 좋은 하루 되세요,네 감사합니다 좋은 하루 되세요,네 감사합니다 좋은 하루 되세요
AIHub_LowQualityPhoneVoice_valid__00351,10.16949152542373,3.389830508474576,-6.779661016949154,False,이 인제 저희가 너무 금액이 천차만별이라서 현금 금액을 안내해드리긴 어렵고 어 인제 그것도 기간이 있거든요,이 인제 저희가 너무 금액이 천창한 별이라서 삼금 금액을 안 내드리긴 어렵고 어 인제 그것도 기간이 있거든요,인제 저희가 너무 금액이 천차만별이라서 현금 금액을 안내해드리긴 어렵고 어 인제 그것도 기간이 있거든요
AIHub_LowQualityPhoneVoice_valid__00358,0.0,0.0,0.0,False,기본 국어 영어 수학 과학,기본 국어 영어 수학 과학,기본 국어 영어 수학 과학
AIHub_LowQualityPhoneVoice_valid__00369,7.6923076923076925,0.0,-7.6923076923076925,False,아 네 수고하십니다 저 뭐 좀 여쭤보고 싶은데요,아 네 수고하셨습니다 저 뭐 좀 여쭤보고 싶은데요,아 네 수고하십니다 저 뭐 좀 여쭤보고 싶은데요
AIHub_LowQualityPhoneVoice_valid__00376,0.0,0.0,0.0,False,네 수고하세요,네 수고하세요,네 수고하세요
AIHub_LowQualityPhoneVoice_valid__00380,44.44444444444444,16.666666666666664,-27.77777777777778,False,아 그 파이널 교재 신청하신 거요,아 그 많이 하신 거에요,아 그 파이널 위를 신청하신 거예요
AIHub_LowQualityPhoneVoice_valid__00383,30.0,25.0,-5.0,False,그 파이널 말고 마지막이다로 알았는데,에 파이널 말고 마지롱이다 말고는,그 파이널 말고 마지막이다 말하면은
AIHub_LowQualityPhoneVoice_valid__00386,63.63636363636363,9.090909090909092,-54.54545454545454,False,쌤 무슨 사정 때문에,어 요즘 서장 땜에,네 무슨 사정 때문에
AIHub_LowQualityPhoneVoice_valid__00401,32.0,28.000000000000004,-3.9999999999999964,False,그렇죠 네 그게 아예 다 내려갔어요 공지자체가,저 네 그게 아예 다 내려가세요 공지사는,그쵸 네 그게 아예 다 내려가세요 공지사항
AIHub_LowQualityPhoneVoice_valid__00416,58.333333333333336,0.0,-58.333333333333336,False,네 교재 캐시요 어머니,근데 조직해 주요 어머니,네 교재 캐시요 어머니
AIHub_LowQualityPhoneVoice_valid__00430,8.0,0.0,-8.0,False,네 이렇게 전화로 이렇게 상담해도 되는 건가요,네 이렇게 전화로 이렇게 상담회도 뵙는 건가요,네 이렇게 전화로 이렇게 상담해도 되는 건가요
AIHub_LowQualityPhoneVoice_valid__00431,6.521739130434782,4.3478260869565215,-2.1739130434782608,False,유선상으로 상담은 가능하세요 일단 저희 쪽으로 예 그 예약을 접수를 하시면은 선생님,유산상으로 상담은 가능하세요 일단 저희 쪽으로 그 예약을 접수를 하시면은 선생님,유선상으로 상담은 가능하세요 일단 저희 쪽으로 그 예약을 접수를 하시면은 선생님
AIHub_LowQualityPhoneVoice_valid__00432,2.941176470588235,2.941176470588235,0.0,False,휴대폰으로 연락을 주실 거고 유선상으로 상담받으실 수 있으세요,휴대폰으로 연락을 주실 거고 유선상으로 상 받으실 수 있으세요,휴대폰으로 연락을 주실 거고 유선상으로 상담 받으실 수 있으세요
AIHub_LowQualityPhoneVoice_valid__00433,0.0,35.714285714285715,35.714285714285715,False,혹시 무상인가요 유상인가요,혹시 무상인가요 유상인가요,혹시 유 삼인가요 유 삼인가요
AIHub_LowQualityPhoneVoice_valid__00434,17.857142857142858,14.285714285714285,-3.571428571428573,False,아 아 네 금액은 별도로 지불하지 않으셔도 되는데요,아 아 네 금액은 별도로 불하지 않으셔도 됩니다,아 아 네 금액은 별도로 지불하지 않으셔도 됩니다
AIHub_LowQualityPhoneVoice_valid__00466,9.090909090909092,3.0303030303030303,-6.060606060606061,False,일단은 그러시면 이 부분 제가 확인하고 다시 연락드릴 거구요,한 번은 그러시면 이 부분 제가 확인하고 다시 연락드릴 거구요,일단은 그러시면 이 부분 제가 확인하고 다시 연락드릴 거고요
AIHub_LowQualityPhoneVoice_valid__00471,11.76470588235294,0.0,-11.76470588235294,False,어 저희가 너무 죄송하게도 지금,어 저거 너무 죄송하게도 지금,어 저희가 너무 죄송하게도 지금
AIHub_LowQualityPhoneVoice_valid__00473,18.75,0.0,-18.75,False,선생님 강좌 수강 신청해주셨고,선생님 강자 수강신청 해주셨고,선생님 강좌 수강 신청해주셨고
AIHub_LowQualityPhoneVoice_valid__00480,17.77777777777778,4.444444444444445,-13.333333333333334,False,어 잠시만요 제가 추가적으로 신청 가능한지 조회해 봐 드릴게요 잠시만 기다려주세요,어 잠시만요 제가 추가적으로 신청 가능한지 조회 해바드리께 잠시만 기다리시세요,어 잠시만요 제가 추가적으로 신청 가능한지 조회해봐드릴게요 잠시만 기다려주세요
AIHub_LowQualityPhoneVoice_valid__00486,11.11111111111111,3.7037037037037033,-7.407407407407407,False,네 그 부분을 제가 확인을 해봐드려야 될 것 같고,네 그 부분에 제가 확인을 해봐 드려야 될 거 같고,네 그 부분을 제가 확인을 해봐 드려야 될 것 같고
AIHub_LowQualityPhoneVoice_valid__00515,83.33333333333334,0.0,-83.33333333333334,False,말씀해주신 교재가 아마,어 에스 엠 에스 신 교재가 아마,말씀해주신 교재가 아마
AIHub_LowQualityPhoneVoice_valid__00516,0.0,0.0,0.0,False,품절이 되었을 건데요 잠시만요,품절이 되었을 건데요 잠시만요,품절이 되었을 건데요 잠시만요
AIHub_LowQualityPhoneVoice_valid__00517,25.0,0.0,-25.0,False,예리한 한국사 파이널 말씀하시는 거죠,리리안 한국사 바이너스 말씀하시는 거죠,예리한 한국사 파이널 말씀하시는 거죠
AIHub_LowQualityPhoneVoice_valid__00532,26.785714285714285,0.0,-26.785714285714285,False,아니요 지금 없습니다 현재로서는 그리고 구매하실 때 교재 품절이라고 위에 나와있거든요 그 결제하실 때,아니요 제가 없습니다 현재로서는 그리고 공연하실 때 결제품절이라고 위에 나와 있거든요 결제할 수 있게,아니요 지금 없습니다 현재로서는 그리고 구매하실 때 교재 품절이라고 위에 나와있거든요 그 결제하실 때
AIHub_LowQualityPhoneVoice_valid__00537,36.0,0.0,-36.0,False,교재 있으면은 저희 교재 금액을 아예 적어놔요,근데 이제는 저희 규제 금액은 아예 적어놔요,교재 있으면은 저희 교재 금액을 아예 적어놔요
AIHub_LowQualityPhoneVoice_valid__00545,7.142857142857142,0.0,-7.142857142857142,False,근데 그 아무것도 안 떠있고 바이러스가 먹었더라고요,근데 그 아무것도 안 떨고 바이러스가 먹었더라고요,근데 그 아무것도 안 떠있고 바이러스가 먹었더라고요
AIHub_LowQualityPhoneVoice_valid__00546,11.76470588235294,0.0,-11.76470588235294,False,아무것도 안 떠있고 바이러스가요,아무것도 안 떠 있고 바이러스가야,아무것도 안 떠있고 바이러스가요
AIHub_LowQualityPhoneVoice_valid__00551,25.0,0.0,-25.0,False,아니요 영어예요,아니에요 영어에요,아니요 영어예요
AIHub_LowQualityPhoneVoice_valid__00555,16.666666666666664,8.333333333333332,-8.333333333333332,False,아 네 확인되셨고요 네 어떤 부분이 이제 지금 문의사항 다시 한번만 말씀해 주시겠습니까,아 네 확인되셨고요 네 어떤 부분이 이제 지금 모닝 이상 다시 한 번 말씀해주시겠습니까,아 네 확인되셨고요 네 어떤 부분이 이제 지금 문의 사항 다시 한 번 말씀해주시겠습니까
AIHub_LowQualityPhoneVoice_valid__00576,28.57142857142857,7.142857142857142,-21.428571428571427,False,크롬인지 구분이 안 가세요,그럼 인제 구분이 안 가세요,크롬인지 구분이 안 가서요
AIHub_LowQualityPhoneVoice_valid__00585,12.5,0.0,-12.5,False,엣지 사용하고 계신가요 그러면,sg 사용하고 계신가요 그러면,엣지 사용하고 계신가요 그러면
AIHub_LowQualityPhoneVoice_valid__00598,7.216494845360824,10.309278350515463,3.092783505154639,False,그러면 저희 사이트에서 오류가 있을 수도 있어서 확인해보고 전화 한번 드려야 되 되거든 될 거 같습니다 그래서 연락처 한번 남겨주시면 저희도 한번 확인해보고 연락 드리겠습니다,그러면 저희 사이트에서 오류가 있을 수도 있어서 확인해보고 전화 한 번 드려야 되거든 될 거 같습니다 그래서 연락처 한 번 넘겨주시면 저희도 한 번 확인해보고 연락드리겠습니다,그러면 저희 사이트에서 오류가 있을 수도 있어서 확인해보고 전화 한 번 드려야 될 거 같습니다 그래서 연락처 한 번 남겨주시면 저희도 한 번 확인해보고 연락드리겠습니다
AIHub_LowQualityPhoneVoice_valid__00637,97.36842105263158,13.157894736842104,-84.21052631578947,False,가능하시고요 아니면 카드 할부 기간에 따라서 수납 납부도 가능하시고요,감사합니다,가능하시구요 아니면 카드 할부 기간을 따라서 분할 납부도 가능하시구요
AIHub_LowQualityPhoneVoice_valid__00638,100.0,0.0,-100.0,False,감사합니다 상담사,안녕하세요 삼 사 일,감사합니다 상담사
AIHub_LowQualityPhoneVoice_valid__00651,14.0625,12.5,-1.5625,False,강의도 돈만 내년에 더 여 더 뭐라 그 새 새로 이제 돈을 낼 거 아니에요 그러면은 그 강의를 들을 수 있는 거에요,강의도 돈만 내년에 더 더 뭐라 그러지 새로 이제 돈을 낼 거 아니에요 그러면은 그 강의 이제 부를 수 있는 거에요,강의도 돈만 내년에 더 더 뭐라 새로 이제 돈을 낼 거 아니에요 그러면은 그 강의도 들을 수 있는 거예요
AIHub_LowQualityPhoneVoice_valid__00673,27.906976744186046,4.651162790697675,-23.25581395348837,False,어 여쭤보려고 하는 거는 어제 저희 아이가 그 이제 인강 신청을 했거든여 패스,아마 낫 때 보일려고 하는 거는 어제 저희 아이가 그 인제 인간 신청을 했거든요 팩트,어 여쭤보려고 하는 거는 어제 저희 아이가 그 인제 인강 신청을 했거든요 패스
AIHub_LowQualityPhoneVoice_valid__00676,15.306122448979592,10.204081632653061,-5.1020408163265305,False,아 어 혹시 뭐 어떤 부분으로 문의를 주시는지 제가 한번 들어보고 뭐 혹시 연결해야 돼 연결해 드려야 하는 뭐 그 부서가 있으면 연결해 드리고 아니면 제가 예 진행을 해드리구요,아 어 혹시 뭐 어떤 부분으로 문의를 지시는지 제가 함 들어보고 뭐 연결해야 돼 연결해 드려야 하는 뭐 그 부서가 있으면은 해드리고 아님 제가 진행을 해드리고요,아 어 혹시 뭐 어떤 부분으로 문의를 주시는지 제가 한번 들어보고 뭐 혹시 제가 연결해야 될 연결해 드려야 하는 뭐 그 부서가 있으면 해드리고 아니면 제가 진행을 해드리고요
AIHub_LowQualityPhoneVoice_valid__00691,37.03703703703704,0.0,-37.03703703703704,False,네 왜냐면 저희가 교재 금액이 워낙 천차만별이라서,왜냐면 저희가 교직은 우리 워낙 천천한 별이라서,네 왜냐면 저희가 교재 금액이 워낙 천차만별이라서
AIHub_LowQualityPhoneVoice_valid__00693,28.000000000000004,12.0,-16.000000000000004,False,아니오 비슷해요 그냥 다만 교재 캐시가 멕시멈,아니요 그냥 다만 교재 캐시가 맥시멀,아니요 비슷해요 그 다만 교재 캐시가 맥시멈
AIHub_LowQualityPhoneVoice_valid__00694,0.0,6.25,6.25,False,네 그쪽이었어요 삼십 삼십 육,네 그쪽이었어요 삼십 삼십 육,네 그쪽이었어요 삼십 삼십 육만
AIHub_LowQualityPhoneVoice_valid__00701,29.411764705882355,5.88235294117647,-23.529411764705884,False,아 끝나는 거예요 변경이 안돼요,나 끝나는 거예요 경경이 안 되냐,아 끝나는 거예요 변경이 안 돼요
AIHub_LowQualityPhoneVoice_valid__00706,6.153846153846154,1.5384615384615385,-4.615384615384616,False,그래서 그게 어떻게 되는지 과목마다 하면 어떻게 되는지 좀 그런 금액이나 이런 걸 신청하는 걸 좀 알고 싶어 가지구요,그래서 그게 어떻게 되는지 과목마저 하면 어떻게 되는지 좀 그런 금액이나 이런 걸 신성하는 걸 좀 알고 싶어가지고요,그래서 그게 어떻게 되는지 과목마다 하면 어떻게 되는지 좀 그런 금액이나 이런 걸 신청하는 걸 좀 알고 싶어 가지고요
AIHub_LowQualityPhoneVoice_valid__00730,0.0,0.0,0.0,False,아 알겠습니다,아 알겠습니다,아 알겠습니다
AIHub_LowQualityPhoneVoice_valid__00740,16.666666666666664,11.538461538461538,-5.128205128205126,False,예 여보세요 네 지금 확인해보니까 어제 그 까 예 어제 결제하신 지 얼마 안 돼서 저희 전액 환 그 강좌는 전액 환불이 가능하실 것 같으아요,네 여보세요 네 지금 확인해 보니까 어제 예 어제 결제하신 지 얼마 안 돼서 저희 전역 그 강좌는 전역 한불이 가능하실 거 같아요,네 여보세요 네 지금 확인해보니까 어제 예 어제 결제하신 지 얼마 안돼서 저희 전액 그 강좌는 전액 환불이 가능하실 것 같아요
AIHub_LowQualityPhoneVoice_valid__00749,0.0,0.0,0.0,False,네 우선은 저희가 그 어제 결제하시고 나서 오늘 출고가 된 시점이라서 우선은 받으시고 회원님께서 집에서 받으시고 교재를,네 우선은 저희가 그 어제 결제하시고 나서 오늘 출고가 된 시점이라서 우선은 받으시고 회원님께서 집에서 받으시고 교재를,네 우선은 저희가 그 어제 결제하시고 나서 오늘 출고가 된 시점이라서 우선은 받으시고 회원님께서 집에서 받으시고 교재를
AIHub_LowQualityPhoneVoice_valid__00760,6.666666666666667,0.0,-6.666666666666667,False,이게 반송 주소 보시고 이제,이게 반성 주소 보시고 이제,이게 반송 주소 보시고 이제
AIHub_LowQualityPhoneVoice_valid__00774,28.57142857142857,24.489795918367346,-4.081632653061224,False,어 근데 그거 계획 근데 그 그 계획 같은 건 아직 나와있지 않으셔 가지고 않아 가지구요,아 근데 그거 그 계획 같은 건 아직 나와 있지 않으셔가지 많아가지구요,아 네 그거 계획 그 계획 같은 건 아직 나와있지 않아셔 가지 않아가지고요
AIHub_LowQualityPhoneVoice_valid__00777,27.27272727272727,4.545454545454546,-22.727272727272723,False,떤 강좌 말씀하시는 건지 알 수 있을까요,떠는 강좌 말씀하시는 분 알 수 있을걸,어떤 강좌 말씀하시는 건지 알 수 있을까요
AIHub_LowQualityPhoneVoice_valid__00783,19.047619047619047,14.285714285714285,-4.761904761904763,False,지금 수능 끈이 끝나지도 않아 가지고요,지금 수능 끊으니 끝나지도 않아가지고요,지금 수능 끝나지도 않아 가지고요
AIHub_LowQualityPhoneVoice_valid__00798,18.181818181818183,9.090909090909092,-9.090909090909092,False,고렇게 진행하시겠어요,고급기 진행하시겠어요,그렇게 진행하시겠어요
AIHub_LowQualityPhoneVoice_valid__00800,18.75,0.0,-18.75,False,네 여보세요 다시 불러드릴게요,네 여기서 다시 불러드릴게요,네 여보세요 다시 불러드릴게요
AIHub_LowQualityPhoneVoice_valid__00814,27.27272727272727,27.27272727272727,0.0,False,개념이에요 개념 위주,개념이에요 개념이죠,개념이에요 개념이죠
AIHub_LowQualityPhoneVoice_valid__00826,31.57894736842105,5.263157894736842,-26.31578947368421,False,영어는 그 잠시만요 영어는 선생님이,영어는 그 영어는 선생님,영어는 그 잠시만요 영어는 선생님
AIHub_LowQualityPhoneVoice_valid__00836,3.125,0.0,-3.125,False,아 그다음에는 이거 이거를 하고 나서 좀 더 심화는 뭐예요,아 그다음에는 이거 이거를 하고 나서 좀 더 심화하는 뭐예요,아 그다음에는 이거 이거를 하고 나서 좀 더 심화는 뭐예요
AIHub_LowQualityPhoneVoice_valid__00837,11.11111111111111,14.814814814814813,3.7037037037037024,False,뭐 다 인제 선택 과목이어 가지고 다른 나머지들은,뭐 다 인제 선택 과목이여가지고 나른 나머지들은,뭐 다 인제 선택과목 이어가지고 다른 나머지들을
AIHub_LowQualityPhoneVoice_valid__00845,9.090909090909092,9.090909090909092,0.0,False,잠시만 기다려 주세요,잠시만 기다려주세요,잠시만 기다려주세요
AIHub_LowQualityPhoneVoice_valid__00849,0.0,0.0,0.0,False,아 예 알겠습니다 들어가세요,아 예 알겠습니다 들어가세요,아 예 알겠습니다 들어가세요
AIHub_LowQualityPhoneVoice_valid__00857,14.705882352941178,17.647058823529413,2.9411764705882355,False,로그인하셔 가지구여 저희 홈페이지에 로그인 해서가 로그인하셔서,로그인하셔가지구요 저희 홈페이지에 로그인하셔가 로그인하셔서,로그인하셔 가지고요 저희 홈페이지에 로그인하셔 로그인하셔서
AIHub_LowQualityPhoneVoice_valid__00871,20.0,2.2222222222222223,-17.77777777777778,False,그 문제풀이 같이 통합된 거 듣고 있는데요 이게 보니까 복습노트가 따로 있나 봐요,몬뎁풀이 같이 투어 된 거 듣고 있는데요 이게 보니까 복순루트가 따로 있나 봐요,그 문제 풀이 같이 통합된 거 듣고 있는데요 이게 보니까 복습노트가 따로 있나 봐요
AIHub_LowQualityPhoneVoice_valid__00900,62.96296296296296,7.4074074074074066,-55.55555555555556,False,손금 모의고사하고 블랙 모의고사 어 살려고 하는데,폭감 노예고사하고 블랙 노예고사 찾는 게 어 처리되어 구하는 데,소금 모의고사하고 블랙 모의고사 어 하려고 하는데
AIHub_LowQualityPhoneVoice_valid__00909,17.857142857142858,5.357142857142857,-12.5,False,네 네 블랙 모의고사는 그 파일로 손끝은 네 따로 재입고 예정이 없어서 현재 구매는 어려우신 상태예요,네 네 블랙 로이브 사는 그 파일로 손 끝은 네 따로 재입고 예정이 없어서 인제 구매는 어려워진 상태에요,네 네 블랙 모의고사는 그 파일로 손 끝은 네 따로 재입고 예정이 없어서 인제 구매는 어려우신 상태예요
AIHub_LowQualityPhoneVoice_valid__00916,7.142857142857142,0.0,-7.142857142857142,False,아 지금이 할인 기간이에요,아 지금이 할인 시간이에요,아 지금이 할인 기간이에요
AIHub_LowQualityPhoneVoice_valid__00925,36.84210526315789,26.31578947368421,-10.526315789473681,False,여쭤볼려 하는데요 저희 아이가 그 늦게 요번에 프리 패스 끊어 가지고,저 따지 마는데요 저희 아이가 또 요번에 컴퓨스 끊어가지고,네 여쭤보려고 하는데요 저희 아이가 그 요번에 프리패스를 끊어가지고
AIHub_LowQualityPhoneVoice_valid__00930,8.333333333333332,8.333333333333332,0.0,False,어 그러면 수강신청하시면 됩니다 재수강 신청,어 그러면 수강신청 하시면 됩니다 재수강신청,어 그러면 수강신청 하시면 됩니다 재수강신청
AIHub_LowQualityPhoneVoice_valid__00941,15.0,1.6666666666666667,-13.333333333333334,False,문의를 주셔서 네 한번 확인 요청해 주시면 되시고 다만 파이널 강좌 관련해선 저희가 도움을 드릴 수가 없어요,그리고 주셔서 예 한번 확인 좀 전해주시면 되시고 아만 파이널 강좌 관련해선 저희가 도움을 드릴 수가 없어요,문의를 주셔서 예 한번 확인 요청해 주시면 되시고 다만 파이널 강좌 관련해선 저희가 도움을 드릴 수가 없어요
AIHub_LowQualityPhoneVoice_valid__00950,31.818181818181817,9.090909090909092,-22.727272727272727,False,학습 지원 센터입니다 무엇을 도와드릴까요,약습 시간 챔터입니다 모아서 도와드릴까요,학습지원센터입니다 무엇을 도와드릴까요
AIHub_LowQualityPhoneVoice_valid__00965,26.08695652173913,8.695652173913043,-17.391304347826086,False,그 그렇게 되면은 환불을 받을 수 있다 예전에 한 번 환불을 받은 적 있긴 하거든여,그 그렇게 되면 환부를 받을 수 있죠 예전에 환부를 받은 적이 있긴 하거든요,그 그렇게 되면은 환불을 받을 수 있어요 예전에 한 번 환불을 받은 적이 있긴 하거든요
AIHub_LowQualityPhoneVoice_valid__00983,10.909090909090908,3.6363636363636362,-7.272727272727272,False,그 주셨던 본교재 같은 경우에는 그 선생님께서 강의를 보고 해설을 참고하게끔 만 그 구성하신 거예요,그 그 주장과 본교재 같은 경우에는 그 선생님께서 강의를 보고 해설을 참고하게끔 그 구성하신 거예요,그 주셨던 본교재 같은 경우에는 그 선생님께서 강의를 보고 해설을 참고하게끔 그 구성하신 거예요
AIHub_LowQualityPhoneVoice_valid__00987,2.4390243902439024,0.0,-2.4390243902439024,False,이 상태로 환불을 하게 되면은 강의를 안 들어서 그냥 고대로 환불이 되나요,이 상태로 환불을 하게 되면은 강의자 안 들어서 그냥 고대로 환불이 되나요,이 상태로 환불을 하게 되면은 강의를 안 들어서 그냥 고대로 환불이 되나요
AIHub_LowQualityPhoneVoice_valid__00999,25.581395348837212,9.30232558139535,-16.27906976744186,False,네 네 일단 예 알겠습니다 일단은 나중에 또 혹시 변경되면 전화를 드리겠습니다,네 네 네 일단 네 알겠습니다 일단은 나중에 또 이 변경들은 전해 주시겠습니다,네 네 네 일단 아 예 알겠습니다 일단은 나중에 또 혹시 변경되면 전화를 드리겠습니다
AIHub_LowQualityPhoneVoice_valid__01007,12.121212121212121,3.0303030303030303,-9.09090909090909,False,어떤 식인지 잘 몰라가지고 음 뭐 환불형 뭐 이런 것도 있고,몇 번식인지 잘 몰라가지고 음 뭐 환불량 뭐 이런 것도 있고,어떤 식인지 잘 몰라가지고 음 뭐 환불량 뭐 이런 것도 있고
AIHub_LowQualityPhoneVoice_valid__01024,8.333333333333332,0.0,-8.333333333333332,False,교재 가지고 공부를 해야 되는 거잖아요 그쵸,조제 가지고 공부를 해야 되는 거잖아요 그쵸,교재 가지고 공부를 해야 되는 거잖아요 그쵸
AIHub_LowQualityPhoneVoice_valid__01029,0.0,0.0,0.0,False,음 네 알겠습니다,음 네 알겠습니다,음 네 알겠습니다
AIHub_LowQualityPhoneVoice_valid__01041,0.0,0.0,0.0,False,기다려서 감사합니다,기다려서 감사합니다,기다려서 감사합니다
AIHub_LowQualityPhoneVoice_valid__01043,63.63636363636363,9.090909090909092,-54.54545454545454,False,예 확인 감사드리고요,네 확인 감사하대요 이브요,네 확인 감사드리고요
AIHub_LowQualityPhoneVoice_valid__01066,0.0,0.0,0.0,False,지금 상태에서 자동으로 연계되는 건 아니라서 그거는 제가 요청을 해드릴게요 건의로,지금 상태에서 자동으로 연계되는 건 아니라서 그거는 제가 요청을 해드릴게요 건의로,지금 상태에서 자동으로 연계되는 건 아니라서 그거는 제가 요청을 해드릴게요 건의로
AIHub_LowQualityPhoneVoice_valid__01068,6.25,0.0,-6.25,False,일단 폐강을 먼저 말씀드리면은,일단 필강을 먼저 말씀드리면은,일단 폐강을 먼저 말씀드리면은
AIHub_LowQualityPhoneVoice_valid__01075,5.263157894736842,5.263157894736842,0.0,False,년마다 강좌가 리뉴얼되시긴 하거든요,연마다 강좌가 리뉴얼되시긴 하거든요,엄마다 강좌가 리뉴얼되시긴 하거든요
AIHub_LowQualityPhoneVoice_valid__01085,43.75,6.25,-37.5,False,네 죄송해 메모 좀 하겠습니다,네 수업 네 번씩 하겠습니다,네 죄송하 메모 좀 하겠습니다
AIHub_LowQualityPhoneVoice_valid__01106,17.77777777777778,4.444444444444445,-13.333333333333334,False,우선은 환급조건이 크게는 두 가지가 먼저 있습니다 성적 입력하시는 거 알고 계시죠,저는 환급 조건이 크기는 지가 지가 먼저 있습니다 성적 입력하시는 거 알고 계시죠,우선은 환급 조건이 크기는 두 가지가 먼저 있습니다 성적 입력하시는 거 알고 계시죠
AIHub_LowQualityPhoneVoice_valid__01138,8.823529411764707,2.941176470588235,-5.882352941176471,False,음 그러면 보통 예비 고는 이렇게 결제를 하는 게 맞죠 이렇게,음 그러면은 보통 뮤비고는 이렇게 결제를 하는 게 맞죠 이렇게,음 그러면은 보통 예비 고는 이렇게 결제를 하는 게 맞죠 이렇게
AIHub_LowQualityPhoneVoice_valid__01149,0.0,0.0,0.0,False,어 뭐 그거랑 세 가지 종류가 있다고 들었거든요,어 뭐 그거랑 세 가지 종류가 있다고 들었거든요,어 뭐 그거랑 세 가지 종류가 있다고 들었거든요
AIHub_LowQualityPhoneVoice_valid__01158,60.0,0.0,-60.0,False,학생 이름으로 로그인해야 한단 말이죠,너가 인제한단 말이죠,학생 이름으로 로그인해야 한단 말이죠
AIHub_LowQualityPhoneVoice_valid__01174,10.344827586206897,0.0,-10.344827586206897,False,아 뭐 없을 수도 있고 있을 수도 있는 거예요 그러면,아 뭐 없을 수 있고 있을 수도 있는 거야 그러면,아 뭐 없을 수도 있고 있을 수도 있는 거예요 그러면
AIHub_LowQualityPhoneVoice_valid__01188,10.44776119402985,2.9850746268656714,-7.462686567164178,False,아 저희 쪽에서는 뭐 지금 아니면 그 이제 다음에 또 이게 계정이나 뭐 여러 가지 업로드될 강좌라면은 폐강 예정인 거고요,저 이쪽에서는 뭐 지금 아니면 그 인제 다음에 또 이제 계정이나 뭐 여러 가지 업로드될 강좌라면은 폐강 예정인 거구요,아 저희 쪽에서는 뭐 지금 아니면 그 인제 다음에 또 이제 계정이나 뭐 여러 가지 업로드될 강좌라면은 폐강 예정인 거고요
AIHub_LowQualityPhoneVoice_valid__01204,0.0,0.0,0.0,False,그 책자를 만약에 저희가 그 구입을 하면,그 책자를 만약에 저희가 그 구입을 하면,그 책자를 만약에 저희가 그 구입을 하면
AIHub_LowQualityPhoneVoice_valid__01205,0.0,0.0,0.0,False,이게 얼마나 있어야 저희가 받을 수 있는 건가요,이게 얼마나 있어야 저희가 받을 수 있는 건가요,이게 얼마나 있어야 저희가 받을 수 있는 건가요
AIHub_LowQualityPhoneVoice_valid__01219,83.33333333333334,116.66666666666667,33.33333333333333,False,저희가 만일,이번에 가면,이거 해 가면은
AIHub_LowQualityPhoneVoice_valid__01220,14.285714285714285,7.142857142857142,-7.142857142857142,False,그게 있어야 되잖아 교재가,그게 있어야 되잖아 도제가,그게 있어야 되잖아요 교재가
AIHub_LowQualityPhoneVoice_valid__01226,3.8461538461538463,0.0,-3.8461538461538463,False,음 그러면 패드 같은 것도 있어야 되나요 음 네,음 그러면 패드 같은 것도 입어야 되나요 음 네,음 그러면 패드 같은 것도 있어야 되나요 음 네
AIHub_LowQualityPhoneVoice_valid__01229,0.0,0.0,0.0,False,아 로그인해서 결제 진행하면 된다고요,아 로그인해서 결제 진행하면 된다고요,아 로그인해서 결제 진행하면 된다고요
AIHub_LowQualityPhoneVoice_valid__01232,24.137931034482758,0.0,-24.137931034482758,False,그 강의 선생님마다 교재가 다 자체 교재가 있는 거죠,그 방위 선생님마다 그제가 다 자체 그제가 있는 거다,그 강의 선생님마다 교재가 다 자체 교재가 있는 거죠
AIHub_LowQualityPhoneVoice_valid__01246,0.0,0.0,0.0,False,네 감사합니다,네 감사합니다,네 감사합니다
AIHub_LowQualityPhoneVoice_valid__01249,16.666666666666664,0.0,-16.666666666666664,False,아 학년 제한이 없어요,아 학년 살이 없어요,아 학년 제한이 없어요
AIHub_LowQualityPhoneVoice_valid__01250,15.384615384615385,0.0,-15.384615384615385,False,아 그러면 전 학년을 다 볼 수 있다는 얘긴가요,아 그러면 전 학년을 다 볼 수 있다니깐가요,아 그러면 전 학년을 다 볼 수 있다는 얘긴가요
AIHub_LowQualityPhoneVoice_valid__01271,28.000000000000004,12.0,-16.000000000000004,False,금액을 지금 제 저희는 지금 하는 게 더 유리,저는 지금 저희는 지금 가는 게 더 유명,금액을 지금 저희는 지금 하는 게 더 유명
AIHub_LowQualityPhoneVoice_valid__01286,63.63636363636363,0.0,-63.63636363636363,False,네 여보세요 여보세요,안녕하세요 안녕하세요,네 여보세요 여보세요
AIHub_LowQualityPhoneVoice_valid__01291,20.689655172413794,10.344827586206897,-10.344827586206897,False,예 저희도 그 특정 시간 거 이제 지체되면 그 뒤로는,예 저 저희도 그 흡성 시간 거버 이제 지체 되면 그 뒤로는,예 저 저희도 그 특정 시간 어 이제 지체되면 그 뒤로는
AIHub_LowQualityPhoneVoice_valid__01299,0.0,0.0,0.0,False,잠시만요 저희도 한번 확인하고 다시 알려드릴게요 잠시만요,잠시만요 저희도 한번 확인하고 다시 알려드릴게요 잠시만요,잠시만요 저희도 한번 확인하고 다시 알려드릴게요 잠시만요
AIHub_LowQualityPhoneVoice_valid__01304,48.64864864864865,16.216216216216218,-32.432432432432435,False,결제를 하실려고 해도 입금이 안되실 거예요 유효하지 않는 네 그래서,일단은 하실려고 해도 입금이 안 되실 거예요 이유가 하지 않는 아예 인형이 에서 예 그래서,결제를 하시려고 해도 입금이 안되실 거예요 유효하지 않는 상황에서 네 그래서
AIHub_LowQualityPhoneVoice_valid__01337,11.11111111111111,1.8518518518518516,-9.25925925925926,False,사실 고게 저만 저뿐만 아니고 다른 분들도 충분히 오해할 수 있는 부분이 있는 것 같거든요 그래서,사실 그게 저접뿐만 아니고 따른 분들도 충분히 오해할 수 있는 부분이 있는 거 같거든요 그래서,사실 그게 저만 저뿐만 아니고 다른 분들도 충분히 오해할 수 있는 부분이 있는 것 같거든요 그래서
AIHub_LowQualityPhoneVoice_valid__01344,5.714285714285714,0.0,-5.714285714285714,False,저도 그렇게 해야 된다라고 말하는 게 사실 좀 이해가 안 되고요,저도 그렇게 해야 된다라고 말하는 게 사실 쫌 이해가 안 되구요,저도 그렇게 해야 된다라고 말하는 게 사실 좀 이해가 안 되고요
AIHub_LowQualityPhoneVoice_valid__01358,0.0,0.0,0.0,False,기다릴 수 있죠 그래서 그런 분들도 있다면서요 지금,기다릴 수 있죠 그래서 그런 분들도 있다면서요 지금,기다릴 수 있죠 그래서 그런 분들도 있다면서요 지금
AIHub_LowQualityPhoneVoice_valid__01363,4.3478260869565215,4.3478260869565215,0.0,False,이벤트 생 상품이라서 우선은 기한이 있었고,이벤트 생 상품이라서 우선 기한이 있었고,이벤트 생 상품이라서 우선 기한이 있었고
AIHub_LowQualityPhoneVoice_valid__01381,100.0,0.0,-100.0,False,네 그렇습니다,아,네 그렇습니다
AIHub_LowQualityPhoneVoice_valid__01399,7.6923076923076925,20.51282051282051,12.820512820512818,False,교재도 두껍고 요렇게 되기 때문에 단과 같은 경우는 단가로 보시게 되면,이제도 두껍고 요렇게 되기 때문에 단과 같은 경우는 단과로 보시게 되면,이제 노트 꺼고 요렇게 되기 때문에 단과 같은 경우는 단과로 보시게 되면
AIHub_LowQualityPhoneVoice_valid__01407,40.0,26.666666666666668,-13.333333333333332,False,혹시 뭐 예비 고 삼 학생이다 수강기간이 정해져 있구요,지금은 예비 고 삼 학생입니다 kms가 기반이 정해져 있구요,지금 뭐 예비 고 삼 학생이다 큐엔에스 강 기간이 정해져 있구요
AIHub_LowQualityPhoneVoice_valid__01408,15.384615384615385,12.82051282051282,-2.5641025641025657,False,고 삼 뭐 또는 스무 살 이상의 엔 수생들도 구매를 할 수 있는 거구요,고 삼 어떤 애 스무 살 이상의 인수생들도 구매를 할 수 있는 거구요,고 삼 뭐 또는 스무 살 이상의 선생님들도 구매를 할 수 있는 거고요
AIHub_LowQualityPhoneVoice_valid__01422,5.714285714285714,2.857142857142857,-2.857142857142857,False,그리고 저희가 추가적으로 더 증정을 해드려서라는 상품이 있는데요,그리고 저희가 추가적으로 어 증정을 해드려서 라는 상품이 있는데요,그리고 저희가 추가적으로 더 증정을 해드려서 라는 상품이 있는데요
AIHub_LowQualityPhoneVoice_valid__01429,29.72972972972973,16.216216216216218,-13.513513513513512,False,어 소위 말하는 강의량이 적은 음 이제 교재도 자연스럽게 얇아지겠죠,아 소리 와도서 강림 양의 적은 그럼 이제 교재도 자연스럽게 얇아지겠죠,아 소위 말해서 강의량의 적은 그럼 이제 교재도 자연스럽게 얇아지겠죠
AIHub_LowQualityPhoneVoice_valid__01444,19.047619047619047,14.285714285714285,-4.761904761904763,False,대신에 다운로드는 안돼요 피씨 종류에선,대신에 다운로드는 안 돼요 피시 정리에선,대신에 다운로드는 안 돼요 기기 종류에선
AIHub_LowQualityPhoneVoice_valid__01450,14.285714285714285,16.666666666666664,2.3809523809523796,False,이 점은 위해서 이용해주시고 맥시멈 최대 네 번까지는 아마 등록이 될 거예요,이점은 위에서 이용해주시고 맥시멀 최대 네이버까지는 아마 등록이 될 거에요,이 점은 좀 위에서 이용해주시고 최대 네 번까지는 아마 등록이 될 거예요
AIHub_LowQualityPhoneVoice_valid__01457,5.555555555555555,0.0,-5.555555555555555,False,그럼 아까 말씀해주신 그 뭐 그 뭐 기본권 뭐 프리미엄 이게 지금,그럼 어떤 말씀해주신 그 뭐 그 뭐 기본권 뭐 프리미엄 이게 지금,그럼 아까 말씀해주신 그 뭐 그 뭐 기본권 뭐 프리미엄 이게 지금
AIHub_LowQualityPhoneVoice_valid__01471,0.0,0.0,0.0,False,그 순서를 어떻게 해야 될지 몰라가지고,그 순서를 어떻게 해야 될지 몰라가지고,그 순서를 어떻게 해야 될지 몰라가지고
AIHub_LowQualityPhoneVoice_valid__01473,25.0,3.571428571428571,-21.42857142857143,False,전반적으로 나와있거든요 이 부분 참고해주시면 되세요,암관적으로 나와 있거든요 이 부분 참고해주시면,일반적으로 나와있거든요 이 부분 참고해주시면 되세요
AIHub_LowQualityPhoneVoice_valid__01477,0.0,0.0,0.0,False,아 네 알겠습니다,아 네 알겠습니다,아 네 알겠습니다
AIHub_LowQualityPhoneVoice_valid__01487,36.36363636363637,0.0,-36.36363636363637,False,네 감사합니다 상담사,네 감사합니다,네 감사합니다 상담사
AIHub_LowQualityPhoneVoice_valid__01490,0.0,0.0,0.0,False,실질적으로는 다 들을 수 있는 거죠,실질적으로는 다 들을 수 있는 거죠,실질적으로는 다 들을 수 있는 거죠
AIHub_LowQualityPhoneVoice_valid__01505,2.857142857142857,2.857142857142857,0.0,False,선생님 것도 화학이 개념완성이 이 학기 것만 있는지 좀 봐주세요,선생님 것도 화학이 개념완성이 이 학기 거만 있는지 좀 봐주세요,선생님 것도 화학의 개념완성이 이 학기 것만 있는지 좀 봐주세요
AIHub_LowQualityPhoneVoice_valid__01513,44.44444444444444,11.11111111111111,-33.33333333333333,False,말씀해 주시겠어요,수능 해주시겠어요,말씀해주시겠어요
AIHub_LowQualityPhoneVoice_valid__01534,12.280701754385964,3.508771929824561,-8.771929824561402,False,만약에 출고 전 상태이시라고 하시면은 저희 쪽에서 취소 처리는 가능하세요 출고 전 발송되기 전 상태라고,만약에 출고 전 상태이시라고 하시면은 저희 쪽에서 취소될 가능하지요 출고 전 발송되기 전 상태라고 하,만약에 출고 전 상태이시라고 하시면은 저희 쪽에서 취소 처리는 가능하세요 출고 전 발송되기 전 상태라고 하
AIHub_LowQualityPhoneVoice_valid__01553,33.33333333333333,8.333333333333332,-24.999999999999996,False,네 네 추가금액 가능하,근데 추가금액 가능,네 네 추가금액 가능
AIHub_LowQualityPhoneVoice_valid__01556,33.33333333333333,0.0,-33.33333333333333,False,네 수고하십니다 뭐 좀 여쭤볼게요,네 수고하신다고 어제 여쭤볼게요,네 수고하십니다 뭐 좀 여쭤볼게요
AIHub_LowQualityPhoneVoice_valid__01571,17.72151898734177,25.31645569620253,7.594936708860761,False,네 그리고 올해 같은 경우에도 엔 수생 패스가 판매가 될지 안될지도 결정되지나 결 그 판매 여부 유무가 아직 결 확정된 확정된 상태는 아니세요,네 그리고 올해 같은 경우에도 엔서 샘피스가 판매가 될지 안 될지도 결정되지 않은 결 그 판매 여모 여모가 될 결 확정된 확정된 상태는 아니세요,네 그리고 올해 같은 경우에도 엔 수생 패스가 판매가 결제한 걸지도 결정이 되지 않은 그 판매 여부 유무까지 확정된 상태는 아니세요
AIHub_LowQualityPhoneVoice_valid__01586,76.47058823529412,5.88235294117647,-70.58823529411765,False,네 다른 문의사항 더 없으실까요,받으실까요,네 다른 문의 사항 더 없으실까요
AIHub_LowQualityPhoneVoice_valid__01599,35.714285714285715,21.428571428571427,-14.285714285714288,False,예 그렇죠 남 남은 시간이 얼마 없어서 그때는 이제 함 할인이 적은 편이에요,예 그래서 나는 남은 시간이 얼마나 많아서 그때는 이제 한 한 이 한 이,예 그렇죠 남은 남은 시간이 얼마 없어서 그때는 이제 한 할인이 들어가는 것 참이에요
AIHub_LowQualityPhoneVoice_valid__01619,92.85714285714286,42.857142857142854,-50.00000000000001,False,네 여쭤볼게 전화드렸는데요,네,여쭤볼 게 전화드리는 거요
AIHub_LowQualityPhoneVoice_valid__01625,6.0606060606060606,0.0,-6.0606060606060606,False,그러면 그전에 기간 남아있는 거는 뭐 환불이 안 되는 건가요,그러니까 그전에 기간 남아있는 거는 뭐 환불이 안 되는 건가요,그러면 그전에 기간 남아있는 거는 뭐 환불이 안 되는 건가요
AIHub_LowQualityPhoneVoice_valid__01632,28.125,21.875,-6.25,False,그러면 이게 행사가 뭐 딱히 똑같은 건가요 동일 가격인가요,그러면 이제 흰색을 뭐 딱 이케까지 똑같은 건가요 동일 가격인가요,그러면 이게 행사가 뭐 싹 싹 싹까지 똑같은 건가요 동일 가격인가요
AIHub_LowQualityPhoneVoice_valid__01633,26.31578947368421,5.263157894736842,-21.052631578947366,False,다시 한 번 말씀 부탁드려도 될까요,다시 한 번 말씀 부탁드릴게요,다시 한번 말씀 부탁드려도 될까요
AIHub_LowQualityPhoneVoice_valid__01634,28.57142857142857,4.761904761904762,-23.809523809523807,False,통화 소리가 계속 그 끊겼다가 들려서요,소환 소리가 계속 그 큰 소리가 들려서요,통화 소리가 계속 그 끊겼다 들려서요
AIHub_LowQualityPhoneVoice_valid__01656,81.81818181818183,0.0,-81.81818181818183,False,어머니 태블릿은 선택,아니 테이블에,어머니 태블릿은 선택
AIHub_LowQualityPhoneVoice_valid__01662,7.6923076923076925,7.6923076923076925,0.0,False,네 잠시만 기다려 주세요,네 잠시만 기다려주세요,네 잠시만 기다려주세요
AIHub_LowQualityPhoneVoice_valid__01701,11.627906976744185,6.976744186046512,-4.651162790697674,False,그래서 이거는 스마트 전용 탭인데요 그냥 기존에 탭 있다면은 그걸로 수강하시고,그래서 이거는 스마트 전용 팁인데요 그냥 기존에 팁이 따면은 그걸로 수강하시고,그래서 이거는 스마트 전용 탭인데요 그냥 기존에 탭이 따면은 그걸로 수강하시고
AIHub_LowQualityPhoneVoice_valid__01709,3.7037037037037033,0.0,-3.7037037037037033,False,여기 나와있는 모든 강좌 그 다 수강 가능하시고요,여기 나와 있는 모든 강좌 그 다 수강 가능하시고요,여기 나와있는 모든 강좌 그 다 수강 가능하시고요
AIHub_LowQualityPhoneVoice_valid__01716,14.035087719298245,3.508771929824561,-10.526315789473683,False,다 가능하고 일단 여기에 있는 거 전체를 들을 수 있는 거죠 학년하고 상관없이 다 들을 수 있는 건가요,다 가능하고 일단 여기에 있는 전체를 들을 수 있는 거다 한 년하고 상관없이 다 들을 수 있는 거면가야,다 가능하고 일단 여기에 있는 전체를 들을 수 있는 거죠 학년하고 상관없이 다 들을 수 있는 건가요
AIHub_LowQualityPhoneVoice_valid__01727,12.0,4.0,-8.0,False,그 내리는데 제가 그거를 들으려고 해도 내려도,그 내리는데 제가 그거를 들을려고 더 내려도,그 내리는데 제가 그거를 들을려고 해도 내려도
AIHub_LowQualityPhoneVoice_valid__01753,3.225806451612903,3.225806451612903,0.0,False,그러면 이제 예를 들어서 거기에 나오는 인제 그 출판사에,그러면 인제 예를 들어서 거기에 나오는 인제 그 출판사에,그러면 인제 예를 들어서 거기에 나오는 인제 그 출판사에
AIHub_LowQualityPhoneVoice_valid__01757,16.0,8.0,-8.0,False,지금 일단 모든 강좌가 오픈이 되어있기는 한데,음 일단 모든 강좌가 오픈을 되어 있기는 한데,그 일단 모든 강좌가 오픈이 되어있기는 한데
AIHub_LowQualityPhoneVoice_valid__01758,57.14285714285714,7.142857142857142,-50.0,False,국어 영어만 진행을 하구요,그거 영어만 지내고 야,국어 영어만 진행을 하고요
AIHub_LowQualityPhoneVoice_valid__01762,12.5,0.0,-12.5,False,네 모바일도 동일하게 진행이 되는데요 아버님,레일 모바일도 동일하게 진행이 되는데 아버님,네 모바일도 동일하게 진행이 되는데요 아버님
AIHub_LowQualityPhoneVoice_valid__01789,18.181818181818183,0.0,-18.181818181818183,False,교재 캐시가 나갑니다,불제 캐시가 나갑니다,교재 캐시가 나갑니다
AIHub_LowQualityPhoneVoice_valid__01792,18.51851851851852,11.11111111111111,-7.407407407407408,False,인 서울은 이 학교 별로 그 환급 금액이 틀리나요,인서울은 이 학대별로 그 학업 금액이 틀리나요,인서울은 이 학교별로 그 학급 금액이 틀리나요
AIHub_LowQualityPhoneVoice_valid__01815,21.73913043478261,4.3478260869565215,-17.391304347826086,False,단과나 단과 과목인 패키지 강좌가 있으세요,단과는 단과가 먹긴 패키지 강좌가 있으세요,단과랑 단과 과목인 패키지 강좌가 있으세요
AIHub_LowQualityPhoneVoice_valid__01827,7.6923076923076925,0.0,-7.6923076923076925,False,단과로 이제 보시면 돼요,단과로 이제 보시면 돼야,단과로 이제 보시면 돼요
AIHub_LowQualityPhoneVoice_valid__01844,28.57142857142857,4.761904761904762,-23.809523809523807,False,네 근데 그 복습 북이 그 한 권인가요,네 근데 그 복속복이 그 항공인가요,네 근데 그 복습북이 그 한 권인가요
AIHub_LowQualityPhoneVoice_valid__01864,22.857142857142858,11.428571428571429,-11.428571428571429,False,어 그리고 또 뭐가 궁금했지 아 아 무이자 할부 이런 거 되나요,어 그래두 뭐가 궁금했지 아 무유제 할부 이런 거 되나요,어 그게 또 뭐가 궁금했지 아 무이자 할부 이런 거 되나요
AIHub_LowQualityPhoneVoice_valid__01872,22.727272727272727,9.090909090909092,-13.636363636363635,False,방금 제가 인제 새로운 이번에 끊은 걸로,당금 제가 인제 그 새로운 입원에 끊은 걸로,방금 제가 인제 그 새로운 이번에 끊은 걸로
AIHub_LowQualityPhoneVoice_valid__01884,4.651162790697675,4.651162790697675,0.0,False,다 사라지는 거구요 네 네 그 회원님께서 인제 수강하시는 네 네 네 그쵸 그쵸,다 사라지는 거구요 네 네 그니까 회원님께서 인제 수강하시는 네 네 네 그쵸 그쵸,다 사라지는 거고요 네 네 그까 회원님께서 인제 수강하시는 네 네 네 그쵸 그쵸
AIHub_LowQualityPhoneVoice_valid__01885,0.0,0.0,0.0,False,만약에 그 사이에 없어지면요,만약에 그 사이에 없어지면요,만약에 그 사이에 없어지면요
AIHub_LowQualityPhoneVoice_valid__01892,21.052631578947366,0.0,-21.052631578947366,False,네 뭐 무제한으로 듣는 거 있었는데,내 뭐 무대 안으로 듣는 거 있었는데,네 뭐 무제한으로 듣는 거 있었는데
AIHub_LowQualityPhoneVoice_valid__01900,86.66666666666667,0.0,-86.66666666666667,False,그 내 강의실에 들어가시면요,그 네강시를 들어간 것이 뭐냐며,그 내 강의실에 들어가시면요
AIHub_LowQualityPhoneVoice_valid__01904,31.25,6.25,-25.0,False,즐겨 찾기 즐겨 찾는 강좌 있고 수강 강좌 전체 보기 있고,실계타기 실계타는 강좌 있고 수강 강좌 전체 목이 있고,즐겨찾기 즐겨찾는 강좌 있고 수강 강좌 전체 보기 있고
AIHub_LowQualityPhoneVoice_valid__01908,7.4074074074074066,7.4074074074074066,0.0,False,이렇게 하고 그리고 뭐 강의 다운 받을 수 있어요,이렇게 하고 그리고 어 강의 다운받을 수 있어요,이렇게 하고 그리고 어 강의 다운받을 수 있어요
AIHub_LowQualityPhoneVoice_valid__01909,3.7037037037037033,0.0,-3.7037037037037033,False,아 그럼 그 앱 설치하고 탭 태블릿에 다운을 받고,아 그럼 그 앱 설치하고 탭 태블릿에 따운을 받고,아 그럼 그 앱 설치하고 탭 태블릿에 다운을 받고
AIHub_LowQualityPhoneVoice_valid__01917,23.52941176470588,17.647058823529413,-5.8823529411764675,False,복습 북 그 하얀색이 한 권인데,복숍복 그 하얀색에 한 권인데,목술북 그 하얀색이 한 권인데
AIHub_LowQualityPhoneVoice_valid__01931,11.11111111111111,7.4074074074074066,-3.703703703703704,False,교재를 살려 그러는데 지금 사도 되나요 아니면 또,교대를 살려 그러는데 지금 사도 되나요 아니면 또 뭐,교재를 살려 그러는데 지금 사도 되나요 아니면 또 뭐
AIHub_LowQualityPhoneVoice_valid__01932,0.0,0.0,0.0,False,아 지금 구매해도 되나요,아 지금 구매해도 되나요,아 지금 구매해도 되나요
AIHub_LowQualityPhoneVoice_valid__01947,21.428571428571427,0.0,-21.428571428571427,False,카드사 쪽에서 제공되고 있는 할부 혜택만 가능하세요,카드 사축에서 제공되고 있는 살부 히템만 가능하세요,카드사 쪽에서 제공되고 있는 할부 혜택만 가능하세요
AIHub_LowQualityPhoneVoice_valid__01950,0.0,0.0,0.0,False,네 알겠습니다,네 알겠습니다,네 알겠습니다
AIHub_LowQualityPhoneVoice_valid__01983,9.803921568627452,3.9215686274509802,-5.882352941176471,False,이게 뭐 환급되거나 이런 건 없는 거예요 그럼 다른 사람은 지금 다 쓸 수 있는 거고 저희는,이게 뭐 환급 대거나 이런 건 없는 거예요 그럼 따른 사람은 지금도 쓸 수 있는 거고 저희는,이게 뭐 환급되거나 이런 건 없는 거예요 그럼 다른 사람은 지금도 쓸 수 있는 거고 저희는
AIHub_LowQualityPhoneVoice_valid__02019,5.263157894736842,0.0,-5.263157894736842,False,과목까지도 같이 검색이 막 돼버려요,과목까지도 같이 검색이 막 돼 버려요,과목까지도 같이 검색이 막 돼버려요
AIHub_LowQualityPhoneVoice_valid__02042,7.6923076923076925,0.0,-7.6923076923076925,False,아 그 완전 다른 거네요,아 거 완전 다른 거네요,아 그 완전 다른 거네요
AIHub_LowQualityPhoneVoice_valid__02043,9.523809523809524,0.0,-9.523809523809524,False,아 그렇구나 아 네 우선 예 알겠습니다,아 그렇군요 아 네 우선 예 알겠습니다,아 그렇구나 아 네 우선 예 알겠습니다
AIHub_LowQualityPhoneVoice_valid__02044,42.857142857142854,35.714285714285715,-7.142857142857139,False,네 다른 점 더 없으실까요,아이 다 영상도 없으실까요,네 다른 문의 사항 더 없으실까요
AIHub_LowQualityPhoneVoice_valid__02049,13.157894736842104,7.894736842105263,-5.263157894736842,False,계정이 두 개이신 거 같은데 혹시 들어간 로그인 계정이 어떻게 되세요,평일 두 개이신 거 같은데 혹시 들어간 로그인 대전이 어떻게 되세요,자동이유 두 개이신 거 같은데 혹시 들어간 로그인 계정이 어떻게 되세요
AIHub_LowQualityPhoneVoice_valid__02070,11.428571428571429,11.428571428571429,0.0,False,이거 같은 경우는요 그럼 그 가곡 가족 관계 증명서를 제출하시고,이거 같은 경우는요 그럼 그 가꼬 가족들 인계증명서를 제출하시고,이거 같은 경우는요 그럼 그 가공 가족 관계 증명서를 결제를 하시고
AIHub_LowQualityPhoneVoice_valid__02072,21.73913043478261,0.0,-21.73913043478261,False,안 되실 것 같아요 어 어려우실 것 같아요,안 되실 거 같애요 아 어려우실 거 같애요,안 되실 것 같아요 어 어려우실 것 같아요
AIHub_LowQualityPhoneVoice_valid__02079,18.181818181818183,18.181818181818183,0.0,False,어떤 상품을 구매하셨,어떤 상품으로 구매하셨,어떤 상품으로 구매하셨
AIHub_LowQualityPhoneVoice_valid__02085,20.754716981132077,9.433962264150944,-11.320754716981133,False,우선은 십 일 월 지금 그 그 판매하고 있었고요 얘는 그 금액이 이 인상될 예정이라고 나와있어요,저는 십 일 월 지금 그 참여하고 있었구요 이는 그 금액이 은 인상될 예정이라고 나와 있어요,우선은 십 일 월 지금 그 판매하고 있었고요 이 그 금액이 음 인상될 예정이라고 나와있어요
AIHub_LowQualityPhoneVoice_valid__02095,0.0,2.7777777777777777,2.7777777777777777,False,잠시만요 확인 한 번만 다시 하고 말씀드릴게요 잠시만 기다려주세요,잠시만요 확인 한 번만 다시 하고 말씀드릴게요 잠시만 기다려주세요,잠시만요 확인 한번만 다시 하고 말씀드릴게요 잠시만 기다려주세요
AIHub_LowQualityPhoneVoice_valid__02103,13.88888888888889,13.88888888888889,0.0,False,실제 재원생이 인증되실 때 할인이 가능하셔서 지금은 적용이 어렵고,실제 재원생이 인증되실 때 이제 할인이 가능하셔서 지금은 정면이 어렵고,실제 재원생이 인증되실 때 할인이 가능하셔서 지금은 어려고
AIHub_LowQualityPhoneVoice_valid__02112,85.0,10.0,-75.0,False,확인 가능하실 거예요 그때 한번 확인,아 뭐 확,확인 가능하실 거예요 네 한번 확인
AIHub_LowQualityPhoneVoice_valid__02117,23.52941176470588,5.88235294117647,-17.64705882352941,False,이번에는 몇 프로로 될지는 그때,이번에는 몇 프로로도 될지는,이번에는 몇 프로로도 될지는 그때
AIHub_LowQualityPhoneVoice_valid__02125,85.71428571428571,7.142857142857142,-78.57142857142857,False,저기 뭐 쫌 여쭤보겠는데요,저게 뭐 어쩌고 저쩌고 되는 게여,저기 뭐 좀 여쭤보겠는데요
AIHub_LowQualityPhoneVoice_valid__02134,46.666666666666664,0.0,-46.666666666666664,False,지금 이게 그런데 이 친구가,이제 그러면 되게 그런데 이 친구가,지금 이게 그런데 이 친구가
AIHub_LowQualityPhoneVoice_valid__02136,14.705882352941178,2.941176470588235,-11.764705882352942,False,요고로 구매하시면 될 것 같습니다 오십 사만 원 오십 사만 원,요구로 보내시면 될 거 같습니다 오십 사만 원 오십 사만 원,요거로 구매하시면 될 것 같습니다 오십 사만 원 오십 사만 원
AIHub_LowQualityPhoneVoice_valid__02143,0.0,0.0,0.0,False,감사합니다 네,감사합니다 네,감사합니다 네
AIHub_LowQualityPhoneVoice_valid__02149,4.651162790697675,6.976744186046512,2.325581395348837,False,네 어쨌든 지금으로썬 뭐 어떤 이 금액적인 행사가 있는 건 없단 말씀이신 거죠,네 어쨌든 지금으로서 뭐 어떤 입 금액적인 행사가 있는 건 없단 말씀이신 거죠,네 어쨌든 지금 무슨 뭐 어떤 이 금액적인 행사가 있는 건 없단 말씀이신 거죠
AIHub_LowQualityPhoneVoice_valid__02153,6.666666666666667,6.666666666666667,0.0,False,이제 그 다른 거는 접속을 할 수 없다던지 이런 혜택을 받을 수 있는 거죠 그러면,이제 그 다른 거는 접속을 할 수 없다던지 이제 이런 혜택을 받을 수 있는 거죠 그러면,이제 그 다른 거는 접속을 할 수 없다던지 이제 이런 혜택을 받을 수 있는 거죠 그러면
AIHub_LowQualityPhoneVoice_valid__02168,8.333333333333332,8.333333333333332,0.0,False,음 아 네네 알겠습니다,음 아 네 네 알겠습니다,음 아 네 네 알겠습니다
AIHub_LowQualityPhoneVoice_valid__02192,37.5,12.5,-25.0,False,아 까 할인돼서,아 그까 한인 돼서,아 그까 할인돼서
AIHub_LowQualityPhoneVoice_valid__02196,17.647058823529413,2.941176470588235,-14.705882352941178,False,그 차액을 그거 교재 살 수 있도록 그 캐시로 주실 수 없나요,그 차액을 그거 어 교질 살 수 있도록 캐시로 주실 순 없나요,그 차액을 그거 교재 살 수 있도록 그 캐시로 주실 수는 없나요
AIHub_LowQualityPhoneVoice_valid__02202,11.76470588235294,0.0,-11.76470588235294,False,일단 이 부분을 좀 저희가 확인을 해봐야 될 것 같고요 내용을,일단 이 부분을 좀 저희가 확인을 해봐야 될 거 같구요 애용에,일단 이 부분을 좀 저희가 확인을 해봐야 될 것 같고요 내용을
AIHub_LowQualityPhoneVoice_valid__02203,11.25,2.5,-8.75,False,어떻게 진행해드릴 수 있는지에 대해서 확인을 하고 제가 연락을 드리도록 할 건데요 연락받으실 연락처 한번 말씀해주시겠어요 연락드리도록 할 거고요,어떻게 진행을 해드릴 수 있는지에 대해서 확인하라고 제가 연락을 드리도록 할 건데요 연락받으션에 연락처 한 번 말씀해주시겠어요 연락드리도록 할 거구요,어떻게 진행을 해드릴 수 있는지에 대해서 확인을 하고 제가 연락을 드리도록 할 건데요 연락받으실 연락처 한번 말씀해주시겠어요 연락드리도록 할 거고요
AIHub_LowQualityPhoneVoice_valid__02220,23.809523809523807,23.809523809523807,0.0,False,그것도 그 태블릿은 그냥 이용 가능하세,그 태블릿은 그냥 이용 가능하다,그 태블릿은 그냥 이용 가능하세요
AIHub_LowQualityPhoneVoice_valid__02230,0.0,0.0,0.0,False,아 그럼 저희가 뭐 아이패드 그런 걸 사용해도 이게 가능하다는 거고,아 그럼 저희가 뭐 아이패드 그런 걸 사용해도 이게 가능하다는 거고,아 그럼 저희가 뭐 아이패드 그런 걸 사용해도 이게 가능하다는 거고
AIHub_LowQualityPhoneVoice_valid__02271,20.0,10.0,-10.0,False,재문의 부탁드릴게요,결문이 부탁드릴게요,질문의 부탁드릴게요
AIHub_LowQualityPhoneVoice_valid__02273,5.263157894736842,10.526315789473683,5.263157894736842,False,이 학년 꺼 그 패스를 하려 그래요,이 학년 거 그 패스를 하려 그래요,이 학년 거 그 패스를 할려 그래요
AIHub_LowQualityPhoneVoice_valid__02281,11.11111111111111,3.7037037037037033,-7.407407407407407,False,어 유 월 달 쯤에 결제하셔도 이번 연도 연말까지,어 유 월 달쯤에 결제해서도 이번 연도 연말까지,어 유 월달 쯤에 결제하셔도 이번 연도 연말까지
AIHub_LowQualityPhoneVoice_valid__02284,30.76923076923077,0.0,-30.76923076923077,False,어 잠시만 기다려주세요 지금 한번 확인해드릴게요,어 잠시만 기다려 주시게요 지금 음 한번 확인해 드리께요,어 잠시만 기다려주세요 지금 한번 확인해드릴게요
AIHub_LowQualityPhoneVoice_valid__02303,5.88235294117647,0.0,-5.88235294117647,False,여기에 판매하는 태블릿은 스터디,여기에 판매하는 태블릿은 스타디,여기에 판매하는 태블릿은 스터디
AIHub_LowQualityPhoneVoice_valid__02315,10.0,6.0,-4.0,False,어 혜택이라기보다는 일단은 무통장입금 시에 교재 배송비 무료쿠폰 한 장 제공해드리고 있어요,어 혜택이라기보다는 일단은 무통장 입금실 교재 배송비 무료 쿠폰 한 장 제공해드리고 있어요,어 혜택이라기보다는 일단은 무통장 입금 시 교재 배송비 무료 쿠폰 한 장 제공해드리고 있어요
AIHub_LowQualityPhoneVoice_valid__02330,8.695652173913043,0.0,-8.695652173913043,False,아 그냥 초대만 되는 걸 말씀하시는 거예요,아 근데 초대만 되는 걸 말씀하시는 거예요,아 그냥 초대만 되는 걸 말씀하시는 거예요
AIHub_LowQualityPhoneVoice_valid__02339,4.761904761904762,0.0,-4.761904761904762,False,아니 거기 화면에 방 들어가기가 있길래,아니 거기 화면은 방 들어가기가 있길래,아니 거기 화면에 방 들어가기가 있길래
AIHub_LowQualityPhoneVoice_valid__02348,0.0,0.0,0.0,False,네 혹시 관계가 어떻게 되세요 회원님이랑,네 혹시 관계가 어떻게 되세요 회원님이랑,네 혹시 관계가 어떻게 되세요 회원님이랑
AIHub_LowQualityPhoneVoice_valid__02350,7.6923076923076925,0.0,-7.6923076923076925,False,혹시 인증은 언제쯤 진행하셨는지 알 수 있을까요,혹시 인접은 언제쯤 진행하시는지 알 수 있을까요,혹시 인증은 언제쯤 진행하셨는지 알 수 있을까요
AIHub_LowQualityPhoneVoice_valid__02358,35.483870967741936,6.451612903225806,-29.032258064516128,False,학원에는 학원에서는 그렇게 안내를 받으셨단 말씀이신 거죠,학원에서는 그렇게 안 내려 봤었다는 말씀이신 거죠,학원에는 학원에서는 그렇게 안내를 받으셨다는 말씀이신 거죠
AIHub_LowQualityPhoneVoice_valid__02363,38.70967741935484,38.70967741935484,0.0,False,전혀 전달받은게 아직은 없어서요 어머님 그거는 안내 조금,전화가 전달 받은 게 아직은 없어서요 어머니 고온 안 내주고,저희가 전달받은 게 아직은 없어서요 어머니 고거는 안내 좀 해주세요
AIHub_LowQualityPhoneVoice_valid__02395,30.0,10.0,-20.0,False,선생님의 사회 문학,선생님의 사회모나,선생님의 사회 문화
AIHub_LowQualityPhoneVoice_valid__02402,7.6923076923076925,7.6923076923076925,0.0,False,네 지금 들어가져 있어요,예 지금 들어가져 있어요,네 지금 들어가져있어요
AIHub_LowQualityPhoneVoice_valid__02406,0.0,0.0,0.0,False,네 이 부분 눌러주시면 지금 말씀해주신,네 이 부분 눌러주시면 지금 말씀해주신,네 이 부분 눌러주시면 지금 말씀해주신
AIHub_LowQualityPhoneVoice_valid__02416,12.0,0.0,-12.0,False,이런 과목을 아 강좌를 여러 개 수강하신다면은,이런 과목을 아 감자를 여러 개 수방하신다면은,이런 과목을 아 강좌를 여러 개 수강하신다면은
AIHub_LowQualityPhoneVoice_valid__02422,0.0,0.0,0.0,False,아 그럼 제가 요거 보고 여기서 가입하면 되는 거죠,아 그럼 제가 요거 보고 여기서 가입하면 되는 거죠,아 그럼 제가 요거 보고 여기서 가입하면 되는 거죠
AIHub_LowQualityPhoneVoice_valid__02425,0.0,0.0,0.0,False,네 감사합니다,네 감사합니다,네 감사합니다
AIHub_LowQualityPhoneVoice_valid__02427,0.0,0.0,0.0,False,아 가격 차이가 있잖아요,아 가격 차이가 있잖아요,아 가격 차이가 있잖아요
AIHub_LowQualityPhoneVoice_valid__02430,9.090909090909092,2.272727272727273,-6.818181818181818,False,네 교재 구매하실 때 어 캐시 사용하여서 그 금액만큼 구매가 가능하신 거구요 만약에 모자르실 경우에는 어 추가로 다른 결제수단 이용하여서 더 구매는 가능하세요,네 교재 구매하실 때 어 케이지 사용하여서 그 금액만큼 구매가 가능하신 거구요 만약에 모자르실 경우에는 어 추가로 다른 결제 수산 이용하여서 저 구매는 가능하지,네 교재 구매하실 때 어 캐시 사용하여서 그 금액만큼 구매가 가능하신 거고요 만약에 모자르실 경우에는 어 추가로 다른 결제 수단 이용하여서 더 구매는 가능하세요
AIHub_LowQualityPhoneVoice_valid__02449,44.44444444444444,0.0,-44.44444444444444,False,대략적으로 설명을 좀 드리자면은요,이번에 약속을 설명 좀 드리자면은요,대략적으로 설명을 좀 드리자면은요
AIHub_LowQualityPhoneVoice_valid__02450,27.27272727272727,11.363636363636363,-15.909090909090907,False,아 네네 수능 과정을 하게 되면 그 학교 아직 교구가 지금 정해져 있지 않잖아요,안데 네 신용과정을 하기에는 그 학교 아직 교고가 지금 전해져 있지 않잖아요,아 네 네 수능 과정을 하기 때문에 그 학교 아직 교구가 지금 정해져 있지 않잖아요
AIHub_LowQualityPhoneVoice_valid__02465,7.142857142857142,7.142857142857142,0.0,False,하는 애들은 다 가운데에 자가 다 별 표로 나오네요,하는 애들은 다 가운데자가 다 별 표로 나오네요,하는 애들은 다 가운데 자가 다 별표로 나오네요
AIHub_LowQualityPhoneVoice_valid__02473,3.4482758620689653,10.344827586206897,6.8965517241379315,False,어 여기 쭉 내려서 보니까 인제 참여하기를 해 할려고,어 여기 쭉 내려서 보니까 인제 참여하기를 했 할려고,어 여기 쭉 내려서 보니까 인제 참여하기를 했려고
AIHub_LowQualityPhoneVoice_valid__02474,4.166666666666666,0.0,-4.166666666666666,False,맨 밑에 보면 참여한 아이들 댓글이 보이세요,나 밑에 보면 참여한 아이들 댓글이 보이세요,맨 밑에 보면 참여한 아이들 댓글이 보이세요
AIHub_LowQualityPhoneVoice_valid__02479,18.75,12.5,-6.25,False,저는 그것 좀 감쳐준단 말이죠,저는 그것은 감수준단 말이죠,저는 그것 좀 감수 준단 말이죠
AIHub_LowQualityPhoneVoice_valid__02481,12.5,0.0,-12.5,False,아 그럼 지금 그렇게 보이세요,아 그럼 그럼 그렇게 보이세요,아 그럼 지금 그렇게 보이세요
AIHub_LowQualityPhoneVoice_valid__02482,0.0,0.0,0.0,False,아 네 그렇습니다 네,아 네 그렇습니다 네,아 네 그렇습니다 네
AIHub_LowQualityPhoneVoice_valid__02523,0.0,0.0,0.0,False,어 일단 수강 관련해서,어 일단 수강 관련해서,어 일단 수강 관련해서
AIHub_LowQualityPhoneVoice_valid__02558,6.976744186046512,4.651162790697675,-2.325581395348837,False,음 그 지금 저희가 좀 이용하기에 많이 늦었다고 생각이 드는데 그렇지는 않나요,음 그 지금 지금 저희가 좀 이용하기에 많이 늦었다고 생각이 드는데 그렇지는 않나요,음 지금 지금 저희가 좀 이용하기에 많이 늦었다고 생각이 드는데 그렇지는 않나요
AIHub_LowQualityPhoneVoice_valid__02568,10.638297872340425,2.127659574468085,-8.51063829787234,False,아 그러시면 정확한 안내를 돕기 위해서 회원님 아이디 한 번 말씀 부탁드리겠습니다 네,아 그러시면 정확한 안내를 돕기 위해서는 아이디 한번 말씀 부탁드리겠습니다 네,아 그러시면 정확한 안내를 돕기 위해서 회원님 아이디 한번 말씀 부탁드리겠습니다 네
AIHub_LowQualityPhoneVoice_valid__02572,15.384615384615385,1.9230769230769231,-13.461538461538462,False,네 그래서 교재는 만약에 환불 원하시면 수령하시고 저희 쪽으로 선불 반송해주셔야 추후에 환불이,네 그래서 교재는 만약에 환불 원하시면 수령하시고 저 이쪽으로 환불 완성해주셔야 주의 환불이,네 그래서 교재는 만약에 환불 원하시면 수령하시고 저희 쪽으로 선불 반송해 주셔야 추후에 환불이
AIHub_LowQualityPhoneVoice_valid__02577,10.95890410958904,2.73972602739726,-8.21917808219178,False,네 여섯 권 전부 다 함께 포장돼서 이제 나갈 거기 때문에 회원님께 배송될 거기 때문에 수령하시고 네 선불 반송만 해주시면 되시구요,네 여섯 권 전부 다 함께 포장돼서 인제 나갈 거 같기 때문에 현이께 배송될 거기 때문에 수령하시고 네 선물 반성만 해주시면 되시구요,네 여섯 권 전부 다 함께 포장돼서 인제 나갈 거기 때문에 회원님께 배송될 거기 때문에 수령하시고 네 선불 반송만 해 주시면 되시구요
AIHub_LowQualityPhoneVoice_valid__02587,25.31645569620253,10.126582278481013,-15.189873417721518,False,반송료 선불로 접수해주시면 되겠구요 반송해 주신 날 기준해서 예 반송 및 검수 절차 완료되면 이제 회원님께 쪽지 하나 드릴 겁니다 마이페이지에,반송미 선별로 접수해주시면 되겠구요 반송해주는 날 기준해서 반송미 검사 열차가 완료되면 회사님께 쪽지 않아 드리러 갑니다 마이페이지에,반송료 선불로 접수해주시면 되겠고요 반송해주신 날 기준해서 반송 및 검수 절차가 완료되면 회원님께 쪽지 하나 드릴 겁니다 마이페이지에
AIHub_LowQualityPhoneVoice_valid__02605,50.0,33.33333333333333,-16.66666666666667,False,그 아 제가 듣는 게 아니고 자녀가 이제 듣고 있는데요,근데 아이 제가 듣는 게 아니라 이제 단여가 끊긴 거예요,근데 아니 제가 듣는 게 아니라 이제 자녀가 듣고 있는데요
AIHub_LowQualityPhoneVoice_valid__02613,14.285714285714285,7.142857142857142,-7.142857142857142,False,그 오만 원 사용도 못하고,그 오만 원은 사용도 못 하고,그 오만 원을 사용도 못하고
AIHub_LowQualityPhoneVoice_valid__02615,18.91891891891892,13.513513513513514,-5.405405405405405,False,원래 교재 값만 사용한 거 아니에요 뽀너스 캐시까지 다 사용했다고요,원래 교직끔만 사용한 거 아니에요 포너스 퀴직까지 다 사용했자고요,원래 교재값만 사용한 거 아니에요 폰을 쓸 캐시까지 다 사용했다고요
AIHub_LowQualityPhoneVoice_valid__02617,16.666666666666664,3.3333333333333335,-13.33333333333333,False,아 아니면 아이가 십일 월 달에 결제를 해달라고 하는데,아 아이는 아이가 십 일 달에 결계를 해달라고 하는데,아 아니면 아이가 십 일 월 달에 결제를 해달라고 하는데
AIHub_LowQualityPhoneVoice_valid__02625,0.0,0.0,0.0,False,네 감사합니다,네 감사합니다,네 감사합니다
AIHub_LowQualityPhoneVoice_valid__02626,0.0,0.0,0.0,False,아 예 그 패스하고 단과하고 그,아 예 그 패스하고 단과하고 그,아 예 그 패스하고 단과하고 그
AIHub_LowQualityPhoneVoice_valid__02648,50.0,16.666666666666664,-33.333333333333336,False,기다려주셔서 감사합니다,아 개원도 감사합니다,아 기다려주셔서 감사합니다
AIHub_LowQualityPhoneVoice_valid__02650,33.33333333333333,0.0,-33.33333333333333,False,음 지금 그럼 네 그럼 이게 그러면은 환불이 혹시,음 지금 그램 네 그럼 이게 그럼 인하고 한보리 혹시,음 지금 그럼 네 그럼 이게 그러면은 환불이 혹시
AIHub_LowQualityPhoneVoice_valid__02661,28.57142857142857,14.285714285714285,-14.285714285714285,False,네 그건 알겠는데 그러면 할인을 혜택은 못 보잖아요,네 그건 알겠네 그러면은 할인을 해체하면 보잖아요,네 그건 알겠는데 그러면은 할인을 혜택은 모르잖아요
AIHub_LowQualityPhoneVoice_valid__02663,0.0,0.0,0.0,False,그때 할인을 하면은 저희가 그때까지 기다렸다가 재수강하겠지만,그때 할인을 하면은 저희가 그때까지 기다렸다가 재수강하겠지만,그때 할인을 하면은 저희가 그때까지 기다렸다가 재수강하겠지만
AIHub_LowQualityPhoneVoice_valid__02664,60.0,20.0,-40.0,False,그럼 환불도 안된다,이거 한 벌도 안 된다,그러면 환불도 안된다
AIHub_LowQualityPhoneVoice_valid__02667,22.727272727272727,9.090909090909092,-13.636363636363635,False,학습량 기준으로 환불 금액이 정산되는데요,그 학습량 기준으로 선불 금액이 정선 되는데요,그 학습량 기준으로 환불 금액이 정산되는데요
AIHub_LowQualityPhoneVoice_valid__02673,24.0,8.0,-16.0,False,네 그 아까 그 문의주셨던 내용이 그 예 저희 측 사이트에서 오류가 있었던 걸로 발견돼서요,예 그 아까 그 그 분식이 작던 내용이 그 에 저희 츠 컴 사이트에서 오류가 있었던 걸로 발견돼서요,네 그 아까 문의주셨던 내용이 그 네 저희측 사이트에서 오류가 있었던 걸로 발견돼서요
AIHub_LowQualityPhoneVoice_valid__02678,12.5,0.0,-12.5,False,그러시면 일단은,그러지면 일단은,그러시면 일단은
AIHub_LowQualityPhoneVoice_valid__02688,5.555555555555555,5.555555555555555,0.0,False,어 그 환급형 장학금 확인 사항에,어 그 환급형 장학금 확인사항에,어 그 환급형 장학금 확인사항에
AIHub_LowQualityPhoneVoice_valid__02695,5.714285714285714,0.0,-5.714285714285714,False,아 그럼 어 근데 빠른 채점하고 일반 채점하고 뭐가 다른 거예요,아 그럼 어 근데 빠른 채점하고 일 반 채점하고 뭐가 다른 거에요,아 그럼 어 근데 빠른 채점하고 일반 채점하고 뭐가 다른 거예요
AIHub_LowQualityPhoneVoice_valid__02696,20.481927710843372,13.253012048192772,-7.2289156626506,False,빠른 채점은 그냥 정답만 입력하시는 거구요 그 일반 채점 같은 경우는 그 문제가 뜨면서 그 문제 풀면서 채점하시는 거세요 임 정답을 입력하시는 거세요,아 진짜 뭐 그냥 정답만 입력하시는 거구요 그 일반 자전거 같은 경우는 그 문제가 뜨면서 그 문제 풀면서 진짜 마시는 거세요 인정답을 입력하시는 거,아 진짜 뭐 그냥 정답만 입력하시는 거고요 그 일반 자정 같은 경우는 그 문제가 뜨면서 그 문제 풀면서 채점하시는 거세요 이미 정답을 입력하시는 거세요
AIHub_LowQualityPhoneVoice_valid__02698,66.66666666666666,0.0,-66.66666666666666,False,좋은 하루 되세요,전화 어떠세요,좋은 하루 되세요
AIHub_LowQualityPhoneVoice_valid__02737,50.0,13.333333333333334,-36.666666666666664,False,아 그럼 수 국어 하고 뭐라고요 국어 하고 뭐 있다고요,아 그니까는 수 공고하고 뭐랄 거야 공고하고 뭐 있다꼬야,아 그러면 수 국어하고 뭐라고요 국어하고 뭐 있다고요
AIHub_LowQualityPhoneVoice_valid__02741,50.0,8.333333333333332,-41.66666666666667,False,포함되어있는 상품이에요,수홍 되어 있는 상품이야,포함되어 있는 상품이에요
AIHub_LowQualityPhoneVoice_valid__02750,50.0,14.285714285714285,-35.714285714285715,False,수강 신청하시고 교재는 해,수강신청 정리하시고 교재,수강 신청하시고 교재는
AIHub_LowQualityPhoneVoice_valid__02752,19.642857142857142,7.142857142857142,-12.5,False,음 그러면 그 제가 지금 사용법을 잘 몰라서 그러는데 그거 뭐더라 무료 체험 이런 거는 할 수 있어요,음 그러면 그 제가 좀 사용곡을 잘 몰라서 그러는데 그거 못 들어 우르 체험 이런 건 할 수 있어요,음 그러면 그 제가 좀 사용복을 잘 몰라서 그러는데 그거 뭐더라 무료체험 이런 거는 할 수 있어요
AIHub_LowQualityPhoneVoice_valid__02764,0.0,0.0,0.0,False,어 그 강의가,어 그 강의가,어 그 강의가
AIHub_LowQualityPhoneVoice_valid__02767,12.82051282051282,20.51282051282051,7.692307692307692,False,네 그럼 컴퓨터 이용 가능하시다면은요 그 마이 에 그 로그인하셔가지고요,네 그럼 컴퓨터 이용 가능하신다면은 야 그 마이 매 그 로그인하셔가지고야,네 그럼 컴퓨터 이용 가능하시다면은요 그 로그인하셔 가지고요
AIHub_LowQualityPhoneVoice_valid__02769,15.384615384615385,0.0,-15.384615384615385,False,네 로그인하셨나요 회원님,네 로그인하셨나요 형님,네 로그인하셨나요 회원님
AIHub_LowQualityPhoneVoice_valid__02779,44.44444444444444,0.0,-44.44444444444444,False,감사합니다 상담사,감사합니다,감사합니다 상담사
AIHub_LowQualityPhoneVoice_valid__02786,8.641975308641975,1.2345679012345678,-7.4074074074074066,False,그거를 구매하시게 되면은 이제 학년 상관없이 전 과목 다 수강 가능하세요 어 이제 저희가 어 날짜에 따라서 구성이나 가격이 좀 바뀔 수가 있거든요,그거를 구매하시게 되면은 저 학년 상관없이 전과 뭐 다 수강 가능하지요 어 이제 저희가 어 날짜에 따라서 구성이나 가격이 쫌 바뀔 수가 있거든요,그거를 구매하시게 되면은 이제 학년 상관없이 전과목 다 수강 가능하세요 어 이제 저희가 어 날짜에 따라서 구성이나 가격이 좀 바뀔 수가 있거든요
AIHub_LowQualityPhoneVoice_valid__02805,20.51282051282051,15.384615384615385,-5.128205128205126,False,네네 맞습니다 한국사 사회 과학까지 포함해서 네 다 들으실 수 있습니다,네 네 맞습니다 한국사 사회 과학까지 포함해서 네 다음 회에서 들여줄 수 있습니다,네 네 맞습니다 한국사 사회 과학까지 포함해서 네 다 합격해서 들으실 수 있습니다
AIHub_LowQualityPhoneVoice_valid__02825,0.0,0.0,0.0,False,그 부분 들어오셔도 전부 사이트 이제 넘어가실 거예요,그 부분 들어오셔도 전부 사이트 이제 넘어가실 거예요,그 부분 들어오셔도 전부 사이트 이제 넘어가실 거예요
AIHub_LowQualityPhoneVoice_valid__02827,20.0,12.0,-8.0,False,무제한으로 전공자 아 여기 결제하는 게 있어요,이제 안으로 전공자 아 여기 결제하는 게 있 있어요,무제한으로 전 강좌 아 여기 결제하는 게 있어요
AIHub_LowQualityPhoneVoice_valid__02836,0.0,0.0,0.0,False,생물 일이다 화학 일이다 그러면 그걸 다 끊는다 그러면 다 끊고 교재 산다 그러면 실제로,생물 일이다 화학 일이다 그러면 그걸 다 끊는다 그러면 다 끊고 교재 산다 그러면 실제로,생물 일이다 화학 일이다 그러면 그걸 다 끊는다 그러면 다 끊고 교재 산다 그러면 실제로
AIHub_LowQualityPhoneVoice_valid__02838,12.698412698412698,7.936507936507936,-4.761904761904762,False,구매를 하셔 가지고 그런 뭐 수강에 대한 부담 없이 이제 모든 강좌를 수강 어 그게 가장 가장 큰 장점이기 때문에,무매를 하셔가지고 그런 뭐 수강에 대한 부담 없이 이제 모든 강좌를 수강하시 아 그게 가장 큰 장점이기 때문에,구매를 하셔 가지고 그런 뭐 수강에 대한 부담 없이 이제 모든 강좌를 수강 그게 가장 큰 장점이기 때문에
AIHub_LowQualityPhoneVoice_valid__02846,10.256410256410255,2.564102564102564,-7.692307692307692,False,그리고 아까 말씀드린 것처럼 생물 원이라 그러면 생물 원에 대해서 이게,그리고 아까 말씀드린 거처럼 생물원이다 그러면 생물원에 대해서 이게,그리고 아까 말씀드린 것처럼 생물 원이다 그러면 생물 원에 대해서 이게
AIHub_LowQualityPhoneVoice_valid__02849,11.11111111111111,11.11111111111111,0.0,False,전 영역이 아니라,건 영역이 아니라,전 영역이 아니라요
AIHub_LowQualityPhoneVoice_valid__02868,6.521739130434782,4.3478260869565215,-2.1739130434782608,False,네 네 그러면 이게 사이트 어디 들어가면은 이걸 선택해서 결제를 할 수 있는 걸까요,네 네 그러면 이게 사이터 어디 들어가면은 결 선택해서 결제를 할 수 있는 걸까요,네 네 그러면 이게 사이트 어디 들어가면은 결 선택해서 결제를 할 수 있는 걸까요
AIHub_LowQualityPhoneVoice_valid__02873,8.88888888888889,4.444444444444445,-4.444444444444445,False,어 이거는 어떤 게 좀 유리한지는 자녀 분의 수강 계획에 따라 달라지는 부분입니다,어 이거는 어떤 게 더 유리한지는 자녀분의 수강 계획에 따라 달라지는 때문입니다,어 이거는 어떤 게 더 유리한지는 자녀분의 수강 계획에 따라 달라지는 부분입니다
AIHub_LowQualityPhoneVoice_valid__02877,8.333333333333332,14.285714285714285,5.9523809523809526,False,그래도 대략적으로 어 어 교재 가격은 작년 버전 다 나와있기 때문에 아 이 정도면은 얻는 게 있다라고 하면은 그걸로 판단해주는 게 제일 좋습니다 어머니,그래도 대량적으로 어 어 교제 가격은 작년 버전 다 나와 있기 때문에 아 이 정도면은 얻는 게 나와 하면은 그걸로 판단해주는 게 제일 좋습니다 어머니,그래도 대량적으로 어 어 교재 가격은 작년 분은 다 나와있기 때문에 어 이 정도면은 어느 게 나와하면은 그걸로 판단해주시는 게 제일 좋습니다 어머니
AIHub_LowQualityPhoneVoice_valid__02885,33.33333333333333,0.0,-33.33333333333333,False,저 만약에 인강을,저 마녀 인강을,저 만약에 인강을
AIHub_LowQualityPhoneVoice_valid__02894,23.809523809523807,9.523809523809524,-14.285714285714283,False,아 어쨌든 그 교재 패슨가 교재 캐시인가 그걸 주시는 것밖에는 없단 말씀이신,아 어쨌든 그 교대 패슨가 교대 캐슌가 그걸 주시는 것밖엔 없단 맛인지,아 어쨌든 그 교재 패스인가 교재 캐시인가 그걸 주시는 것밖에는 없단 말씀
AIHub_LowQualityPhoneVoice_valid__02898,0.0,0.0,0.0,False,네 네 감사합니다,네 네 감사합니다,네 네 감사합니다
AIHub_LowQualityPhoneVoice_valid__02941,6.976744186046512,3.488372093023256,-3.488372093023256,False,네네 맞습니다 저희는 홈페이지 내에서 판매하는 교재는 다 구매 가능하세요 근데 다만 교재 구매하실 때 강의 수강 신청하시고 네 구매해 주시면 감사하겠습니다,네 네 맞습니다 저희는 홈페이지 내에서 판매하는 교재 다 구매 가능하세요 근데 이제 다만 교재 구매하실 때 강의 수강 신청하시고 네 구매해주시면 감사하겠습니다,네 네 맞습니다 저희는 홈페이지 내에서 판매하는 교재 다 구매 가능하세요 근데 다만 교재 구매하실 때 강의 수강 신청하시고 네 구매해주시면 감사하겠습니다
AIHub_LowQualityPhoneVoice_valid__02955,100.0,31.03448275862069,-68.9655172413793,False,저기 지금은 없구요 제가 혹시 또 궁금한 거 있음 또,아,저기 지금은 어떻게 해요 제가 혹시 또 궁금한 게 있어서
AIHub_LowQualityPhoneVoice_valid__02956,0.0,0.0,0.0,False,아 네 감사합니다,아 네 감사합니다,아 네 감사합니다
AIHub_LowQualityPhoneVoice_valid__02966,8.0,0.0,-8.0,False,네 거기 혹시 메모 남겨 놓은 거 있지 않나요,네 거기 혹시 메모 남겨 논 거 있지 않나요,네 거기 혹시 메모 남겨 놓은 거 있지 않나요
AIHub_LowQualityPhoneVoice_valid__02981,16.666666666666664,0.0,-16.666666666666664,False,예 맞습니다,네 맞습니다,예 맞습니다
AIHub_LowQualityPhoneVoice_valid__02982,18.181818181818183,9.090909090909092,-9.090909090909092,False,모의고사 관련해서 안내드리려고 전화를 드,모비고사 관련해서 안내딜리려고 전화를,모의고사 관련해서 안내드리려고 전화를
AIHub_LowQualityPhoneVoice_valid__02987,5.714285714285714,8.571428571428571,2.8571428571428568,False,아예 그러시면은 확인하시고요 빠른 구매 하시면 좋을 것 같습니다,아 예 그러시면은 확인하시고요 빠른 구매 하시면 좋을 거 같습니다,아 예 그러시면 확인하시고요 빠른 구매하시면 좋을 것 같습니다
AIHub_LowQualityPhoneVoice_valid__03001,12.903225806451612,0.0,-12.903225806451612,False,네 그러시면 그리고 등록하신 메일 주소 확인 부탁드릴게요,네 그러시면 그리고 등록하시면 메일 주소 하도 부탁드릴게요,네 그러시면 그리고 등록하신 메일 주소 확인 부탁드릴게요
AIHub_LowQualityPhoneVoice_valid__03023,17.142857142857142,2.857142857142857,-14.285714285714285,False,네 여보세요 저기 딴 게 아니구요 저희 아이가 지금 중 삼인데요,에 여보세요 저기 땅이야 아니구요 저희 아이가 지금 중산인데요,네 여보세요 저기 딴 게 아니고요 저희 아이가 지금 중 삼인데요
AIHub_LowQualityPhoneVoice_valid__03043,19.047619047619047,4.761904761904762,-14.285714285714285,False,아 네네 네 알겠습니다 상담 감사합니다,아 네 네 네 알겠습니다 신당감사합니다,아 네 네 네 알겠습니다 상담 감사합니다
AIHub_LowQualityPhoneVoice_valid__03058,0.0,0.0,0.0,False,다들 모르세요,다들 모르세요,다들 모르세요
AIHub_LowQualityPhoneVoice_valid__03078,34.78260869565217,4.3478260869565215,-30.43478260869565,False,아 해서 그럼 이십 프로 된 금액이 이건데,아 해석으로 이십 프로 뱅크 맥이 이건데,아 해서 그럼 이십 프로 된 금액이 이본데
AIHub_LowQualityPhoneVoice_valid__03083,0.0,0.0,0.0,False,네 저희 쪽에서 확인되는 건 없고 그거는,네 저희 쪽에서 확인되는 건 없고 그거는,네 저희 쪽에서 확인되는 건 없고 그거는
AIHub_LowQualityPhoneVoice_valid__03101,22.857142857142858,14.285714285714285,-8.571428571428573,False,혹시나 그 강좌가 좀 폐강이 되더래도 그 자체는 폐강이 되지만은,그리나 그 강좌가 좀 휴강이 되더래도 그니까 그 자체는 휴강이 되지만은,혹시나 그 강좌가 좀 수강이 되더래도 그니까 그 자체는 폐강이 되지만은
AIHub_LowQualityPhoneVoice_valid__03115,7.142857142857142,0.0,-7.142857142857142,False,그러면 수강하시던 강좌도 전부 종료가 되시는 거예요,그러면 수강하시던 강자도 전부 종류가 되시는 거예요,그러면 수강하시던 강좌도 전부 종료가 되시는 거예요
AIHub_LowQualityPhoneVoice_valid__03126,6.25,0.0,-6.25,False,네 시발점 패키지를 다 눌렀고,네 시발탄 패키지를 다 눌렀고,네 시발점 패키지를 다 눌렀고
AIHub_LowQualityPhoneVoice_valid__03127,11.11111111111111,4.444444444444445,-6.666666666666666,False,그 다음에는 뭐 체크 교재 주교재 주교재 그다음 주교제 주교재 네 다 했어요 근데,그다음에는 뭐 체코 교대 주교대 주교재 그다음 주교재 주교재 네 다 했어요 근데,그다음에는 뭐 체크 교재 주교재 주교재 그다음 주교재 주교재 네 다 했어요 근데
AIHub_LowQualityPhoneVoice_valid__03128,12.727272727272727,5.454545454545454,-7.2727272727272725,False,이 화면상에 나오는 오티를 누르면 계속 지금 영상이 뜬단 말이에요 오티는 누를 필요가 없는 거잖아요,이 화면 상에 나온 오티는 눌르면 계속 지금 영상에 뜬단 말이에요 오티는 눌를 필요가 없는 거잖아요,이 화면 상에 나오는 오티를 눌르면 계속 지금 영상이 뜬단 말이에요 오티는 눌를 필요가 없는 거잖아요
AIHub_LowQualityPhoneVoice_valid__03190,12.121212121212121,6.0606060606060606,-6.0606060606060606,False,원하시는 단과 강좌를 선택하셔서 구매하시고 이용하시면 되시고,변화시는 단과 단자를 선택하셔서 구매하시고 이용하시면 되시고,보나시는 단과 강좌를 선택하셔서 구매하시고 이용하시면 되시고
AIHub_LowQualityPhoneVoice_valid__03192,4.3478260869565215,0.0,-4.3478260869565215,False,그러면 지금 이제 학기가 거의 끝나가잖아요,그러면 지금 이제 학비가 거의 끝나가잖아요,그러면 지금 이제 학기가 거의 끝나가잖아요
AIHub_LowQualityPhoneVoice_valid__03205,6.25,6.25,0.0,False,가입은 안 했는데 어디 쪽에요,가입은 안 했는데 어디 쪽이에요,가입은 안 했는데 어디 쪽이에요
AIHub_LowQualityPhoneVoice_valid__03213,5.084745762711865,1.694915254237288,-3.389830508474577,False,수강 관련해서 그 상담이 필요하시다 하시면은 컨설 입시 컨설턴트가 이런 식으로 수강을 해야 되는지 관련해서,수강 관련해서 그 상담이 필요하시다 하시면은 컨설턴 입시 컨설턴트가 여러 식으로 수강을 해야 되는지 관련해서,수강 관련해서 그 상담이 필요하시다 하시면은 컨설턴 입시 컨설턴트가 이런 식으로 수강을 해야 되는지 관련해서
AIHub_LowQualityPhoneVoice_valid__03216,9.090909090909092,9.090909090909092,0.0,False,네 아무튼 알겠습니다,예 아무튼 알겠습니다,예 아무튼 알겠습니다
AIHub_LowQualityPhoneVoice_valid__03230,15.909090909090908,0.0,-15.909090909090908,False,아 그렇죠 아무래도 그 선택했던 강좌는 들을 거니까 그 교재는 사용할 거예요 예,아 그렇지 아무래도 그 선택했던 광자는 들을 거니까 그 조제는 상영할 거예요 예,아 그렇죠 아무래도 그 선택했던 강좌는 들을 거니까 그 교재는 사용할 거예요 예
AIHub_LowQualityPhoneVoice_valid__03231,7.6923076923076925,7.6923076923076925,0.0,False,네 잠시만 기다려 주세요,네 잠시만 기다려주세요,네 잠시만 기다려주세요
AIHub_LowQualityPhoneVoice_valid__03252,17.142857142857142,11.428571428571429,-5.7142857142857135,False,그냥 구매하시고 사용하시면 될 것 같고요 근데 앞으로 이 교제를,그냥 고민하시고 사용하시면 될 거 같고요 근데 앞으로의 주제를,네 그냥 구매하시고 사용하시면 될 것 같고요 근데 앞으로 이제 교재를
AIHub_LowQualityPhoneVoice_valid__03262,24.324324324324326,16.216216216216218,-8.108108108108109,False,네네 구매하시고 연락 주시면 저희가 교재 캐시로 지금 구매하신 교재,그래 네 구매하시고 연락 주시면 저희가 교재 교수 요 요 구매하신 교재,네 네 구매하시고 이제 연락 주시면 저희가 교재 캐시로 요 지금 구매하신 교재
AIHub_LowQualityPhoneVoice_valid__03274,0.0,0.0,0.0,False,네 감사합니다,네 감사합니다,네 감사합니다
AIHub_LowQualityPhoneVoice_valid__03304,9.090909090909092,3.0303030303030303,-6.060606060606061,False,근데 이게 이제 줄 수도 있고요 오히려 증가할 수도 있습니다,근데 이게 이제 준 수도 있구요 오히려 증가할 수 있습니다,근데 이게 이제 준 수도 있고요 오히려 증가할 수도 있습니다
AIHub_LowQualityPhoneVoice_valid__03306,5.0,0.0,-5.0,False,그러면 여기 관리는 그러면 제가 그냥 인강 듣고 문제 풀고가 전분 거예요,그러면 여기 관리는 그러면 제가 그냥 인강 뚜껑 문제 풀고가 전분 거예요,그러면 여기 관리는 그러면 제가 그냥 인강 듣고 문제 풀고가 전분 거예요
AIHub_LowQualityPhoneVoice_valid__03310,11.11111111111111,11.11111111111111,0.0,False,열 두 시 전까지만 하고 있습니다,어 열 두 시 전까지만 하고 있습니다,어 열 두 시 전까지만 하고 있습니다
AIHub_LowQualityPhoneVoice_valid__03324,8.333333333333332,0.0,-8.333333333333332,False,예 그렇게 그거 선택하셔서 구매하시면 되세요,예 그렇게 그거 선택하셔서 고민하시면 되세요,예 그렇게 그거 선택하셔서 구매하시면 되세요
AIHub_LowQualityPhoneVoice_valid__03332,2.2222222222222223,0.0,-2.2222222222222223,False,네 이거 지금 강좌만 수강 신청하셨고요 교재는 아직 구매 안 하신 상태세요 그래서,네 이거 지금 강좌만 수강 신청하셨구요 교재는 아직 구매 안 하신 상태세요 그래서,네 이거 지금 강좌만 수강 신청하셨고요 교재는 아직 구매 안 하신 상태세요 그래서
AIHub_LowQualityPhoneVoice_valid__03337,4.761904761904762,2.380952380952381,-2.380952380952381,False,구매를 누르신 다음에 교재를 담아서 다시 한 번 구매해 주시면 감사하겠습니다,구매를 누르신 다음에 교재를 담아서 다시 한번 구매해주시면 감사하겠습니다,구매를 누르신 다음에 교재를 담아서 다시 한 번 구매해주시면 감사하겠습니다
AIHub_LowQualityPhoneVoice_valid__03362,10.344827586206897,0.0,-10.344827586206897,False,아 강의는 그건 강의만 해당이 되는 거고 패스 수강은,아 강의는 그거는 강의만 해당이 되는 거고 팩스 수강은,아 강의는 그건 강의만 해당이 되는 거고 패스 수강은
AIHub_LowQualityPhoneVoice_valid__03379,15.0,0.0,-15.0,False,아니면 돈을 또 지불해야 되는 건가요,아니면 돈을 또 집을 해야 되는 건가요,아니면 돈을 또 지불해야 되는 건가요
AIHub_LowQualityPhoneVoice_valid__03382,8.333333333333332,8.333333333333332,0.0,False,저희들 같은 경우는 거기 이용하고 계시는 태블릿이나 그 컴퓨터 그런 걸 이용하셔가지고요,저희들 같은 경우엔 그 이용하고 계시는 태블릿이나 그 컴퓨터 그런 걸 이용하셔가지고여,저희는 같은 경우는 그 이용하고 계시는 태블릿이나 그 컴퓨터 그런 걸 이용하셔 가지고요
AIHub_LowQualityPhoneVoice_valid__03411,12.5,12.5,0.0,False,네네 말씀하세요,네 네 말씀하세요,네 네 말씀하세요
AIHub_LowQualityPhoneVoice_valid__03413,16.867469879518072,21.686746987951807,4.8192771084337345,False,아 저희가 전 과목으로 이용할 수 있는 그런 이용권이 있고요 전 과별로 지원을 하실 수 있는 수강권이 있어요 저희 사이트 혹시 처음 이용하시는 걸까요,아 저희가 그 전과목으로 이용할 수 있는 그런 이용권이 있구요 단가별로 이용할 수 있는 수강권이 있어요 뭐 저희 사이트 혹시 처음 이용하시는 걸까요,아 저희가 그 전 과목으로 이용할 수 있는 그런 이용권이 있고요 어 단과별로 수강권이 있어요 뭐 저희 사이트 혹시 처음 이용하시는 걸까요
AIHub_LowQualityPhoneVoice_valid__03414,25.0,20.833333333333336,-4.166666666666664,False,예 저 문의 좀 에 전 과목으로 하게 되면요,예 저 문의점에 예 정감으로 하게 되면요,예 저 문의 좀 예 전과문고 하게 되면요
AIHub_LowQualityPhoneVoice_valid__03415,33.33333333333333,0.0,-33.33333333333333,False,자녀분이 몇 학년인가요,자녀분이 왜 당연힌가요,자녀분이 몇 학년인가요
AIHub_LowQualityPhoneVoice_valid__03437,0.0,0.0,0.0,False,단과로 결제했을 때는 금액이 커지겠지만,단과로 결제했을 때는 금액이 커지겠지만,단과로 결제했을 때는 금액이 커지겠지만
AIHub_LowQualityPhoneVoice_valid__03442,9.67741935483871,0.0,-9.67741935483871,False,네 그 저가 패스 관련돼서 좀 여쭤볼 게 있어서 그런데요,네 그 저가 패스텔 관련돼서 좀 여쭤볼 게 있어서 그렇네요,네 그 저가 패스 관련돼서 좀 여쭤볼 게 있어서 그런데요
AIHub_LowQualityPhoneVoice_valid__03458,16.129032258064516,0.0,-16.129032258064516,False,국어 강좌에 대해서 좀 문의를 좀 드리려고 전화드렸습니다,코콘 강좌에 대해서 좀 문의를 좀 들일려고 전화 드렸습니다,국어 강좌에 대해서 좀 문의를 좀 드리려고 전화드렸습니다
AIHub_LowQualityPhoneVoice_valid__03463,8.333333333333332,0.0,-8.333333333333332,False,강좌가 다양하게 좀 개강이 되어 있기는 한데,농자가 다양하게 좀 개강이 되어 있기는 한데,강좌가 다양하게 좀 개강이 되어 있기는 한데
AIHub_LowQualityPhoneVoice_valid__03466,9.090909090909092,0.0,-9.090909090909092,False,아 그렇게 하는 거군요 예 예 감사합니다,아 그렇게 하는 거군요 네 네 감사합니다,아 그렇게 하는 거군요 예 예 감사합니다
AIHub_LowQualityPhoneVoice_valid__03477,1.9230769230769231,1.9230769230769231,0.0,False,요거는 과목으로 이거를 판단하시는 게 아니라 몇 개의 강좌를 듣느냐로 선택을 해 주셔야 되세요,요거는 과목으로 이거를 판단하시는 게 아니라 몇 개의 강좌를 듣느냐로 선택을 해주셔야 되세요,요거는 과목으로 이거를 판단하시는 게 아니라 몇 개의 강좌를 듣느냐로 선택을 해주셔야 되세요
AIHub_LowQualityPhoneVoice_valid__03478,14.285714285714285,1.4285714285714286,-12.857142857142856,False,예를 들어서 저희가 이게 수강 기간들이 다르신데 평균적으로 강좌도 제한 없이 들으실 수 있다는 그런 경제적인 장점이 있으시고요,예를 들어서 저희가 이게 수강 기관들이 다르신대 평균적으로 강자도 제한을 비틀으실 수 있다 이는 그런 경제적인 장점이 있으시고요,예를 들어서 저희가 이게 수강기간들이 다르신데 평균적으로 강좌도 제한 없이 들으실 수 있다는 그런 경제적인 장점이 있으시고요
AIHub_LowQualityPhoneVoice_valid__03481,16.0,8.0,-8.0,False,그 교재 캐시 차이고요 수강권 특성은 똑같애요,그 교재 캐시 차이구요 수강권 특성원 똑같이에요,그 교재 캐시 차이고요 수강권 특성화는 똑같애요
AIHub_LowQualityPhoneVoice_valid__03487,21.875,6.25,-15.625,False,네 진행 도와드릴 수 있습니다 수강권 종료되면 소멸이 돼요,네 진행 도와드릴 수 있습니다 수강권이 정리되면 소묘일이에요,네 진행 도와드릴 수 있습니다 수강권 정리되면 소멸이 돼요
AIHub_LowQualityPhoneVoice_valid__03525,0.0,0.0,0.0,False,교재 구입하는 방법이 뭐 지금 애매하네요,교재 구입하는 방법이 뭐 지금 애매하네요,교재 구입하는 방법이 뭐 지금 애매하네요
AIHub_LowQualityPhoneVoice_valid__03527,26.08695652173913,17.391304347826086,-8.695652173913043,False,우측에 수강 신청 가능한 날짜가 나와 있고,그 우주계에 신청 가능한 날짜가 나와 있고,그 우측에 수강신청 가능한 날짜가 나와있고
AIHub_LowQualityPhoneVoice_valid__03540,10.714285714285714,0.0,-10.714285714285714,False,타 사이트에서도 타 온라인 사이트에서 판매를 하는데,타파이테에서도 타 온라인 사이트에서 판매를 하는데,타 사이트에서도 타 온라인 사이트에서 판매를 하는데
AIHub_LowQualityPhoneVoice_valid__03547,27.77777777777778,15.277777777777779,-12.5,False,조금씩 매해 다를 수가 있어서 뭐 내년에 됐을 때는 또 어떤 형식으로 나올지 모르기 때문에 네 그 부분은 좀 참고해 주셔야 됩니다,정시 매해 다르게 가 있어서 뭐 내년에 됐을 때 어떤 형식으로 나올지 모르기 때문에 근데 고부로는 참 참고해주셔야 됨,두 분씩 매해 다르기가 있어서 뭐 내년에 됐을 때 어떤 형식으로 나올지 모르기 때문에 네 고 부분은 좀 참고해주셔야 됩니다
AIHub_LowQualityPhoneVoice_valid__03548,13.333333333333334,10.0,-3.333333333333334,False,아 그럼 매년 몇 월 달쯤에 살 수 있는 거예요 그러면,아 그럼 내년 여덟 달쯤에 살 수 있는 거예요 그러면,아 그럼 몇 년 몇 월달쯤에 살 수 있는 거예요 그러면
AIHub_LowQualityPhoneVoice_valid__03556,0.0,0.0,0.0,False,아 올해는 끝났고 내년에 이제 하는 거죠,아 올해는 끝났고 내년에 이제 하는 거죠,아 올해는 끝났고 내년에 이제 하는 거죠
AIHub_LowQualityPhoneVoice_valid__03560,13.559322033898304,11.864406779661017,-1.6949152542372872,False,그렇죠 그렇죠 그런 것도 있는데 뭐 어떤 특정 주제가 언제 나온다 라고는 저희가 안내를 드리긴 어렵죠 사실,그쵸 그쵸 그런 것도 있는데 뭐 어떤 특정조제가 언제 나온다라고는 저희가 안내를 드리기 어렵죠 사실,그쵸 그쵸 그런 것도 있는데 뭐 어떤 특정 교재가 언제 나온다라고는 저희가 안내를 드리긴 어렵죠 사실
AIHub_LowQualityPhoneVoice_valid__03561,23.809523809523807,0.0,-23.809523809523807,False,아직 내년 되지도 않았기 않았기도 하고,아직 내년 되지도 않았겠 안 아나도 하고,아직 내년 되지도 않았기 않았기도 하고
AIHub_LowQualityPhoneVoice_valid__03564,27.500000000000004,5.0,-22.500000000000004,False,그 그 수학 시발점을 이렇게 신청을 했었는데요 제가 요거를 좀 잘못 알고,그 그 수학 십 팔 점을 이케 신청을 했었는데요 제가 요거를 지금 잘 요달고,그 그 수학 시발점을 이렇게 신청을 했었는데요 제가 요거를 지금 잘못 알고
AIHub_LowQualityPhoneVoice_valid__03569,2.941176470588235,0.0,-2.941176470588235,False,요거는요 전혀 사용하지 않으셨기 때문에 전액 환불 가능하신데요,요거는요 전혀 사용하지 않으셨기 때문에 전액 환불 가능하신대요,요거는요 전혀 사용하지 않으셨기 때문에 전액 환불 가능하신데요
AIHub_LowQualityPhoneVoice_valid__03574,0.0,0.0,0.0,False,그러시면 회원님께서 사이트에 접속을 해주셔야 되시는데요,그러시면 회원님께서 사이트에 접속을 해주셔야 되시는데요,그러시면 회원님께서 사이트에 접속을 해주셔야 되시는데요
AIHub_LowQualityPhoneVoice_valid__03576,4.761904761904762,4.761904761904762,0.0,False,그러시면 잠시만요 혹시 그 마이 페이지에서 장바구니 한 번 이동해 보시겠어요,그러시면 잠시만요 혹시 그 마이페이지에서 장바구니 한번 이동해 보시겠어요,그러시면 잠시만요 혹시 그 마이페이지에서 장바구니 한번 이동해 보시겠어요
AIHub_LowQualityPhoneVoice_valid__03583,13.333333333333334,13.333333333333334,0.0,False,완료되시면 말씀 부탁드릴게요,완료되신 말씀 부탁드릴게요,완료되신 말씀 부탁드릴게요
AIHub_LowQualityPhoneVoice_valid__03592,16.666666666666664,16.666666666666664,0.0,False,그 제 걸로 받는 제 통장으로 받으려 하는데,그 제 걸로 받을 그 제 통장으로 받을려 하는데,그 제 걸로 받을 그 제 통장으로 받을려 하는데
AIHub_LowQualityPhoneVoice_valid__03606,16.666666666666664,10.416666666666668,-6.2499999999999964,False,예예 인터넷으로 보고 있는데 이거 이게 뭐 환급형인가 뭐 그러면서 이게 바로 뜨더라고요,에이 예 인터넷으로 보고 있는데 요 이게 뭐 황급형인가 뭐 그러면서 이 바로 뜨드라고요,예 예 인터넷으로 보고 있는데 이게 뭐 환급형인가 뭐 그러면서 이 바로 뜨더라고요
AIHub_LowQualityPhoneVoice_valid__03608,14.285714285714285,14.285714285714285,0.0,False,수강권만 있는 교재 아니 그 강의를 수강 신청하시고,수강권만 있는 근데 교재 아이 그 강의를 수강 신청하시고,수강권만 있는 이제 교재 아 그 강의를 수강 신청하시고
AIHub_LowQualityPhoneVoice_valid__03617,28.8135593220339,3.389830508474576,-25.423728813559322,False,특수한 경우 특수한 솔루션 강의들 외에는 수능이나 내신 강의들은 다 전 영역 전 학년 강좌 선택 가능합니다,특수한 경우 특수한 솔루제당이기 외에는 뭐 수만 원이나 내신 강의들은 다 전용역 전환용 감자 선택 가능합니다,특수한 경우 특수한 솔루션 강의들 외에는 뭐 수능이나 내신 강의들은 다 전 영역 전 학년 강좌 선택 가능합니다
AIHub_LowQualityPhoneVoice_valid__03625,10.869565217391305,15.217391304347828,4.347826086956523,False,예 우선은 그거는 언 어떻게 그 인상될지는 이제 끝나고 나서 그때 공지될 예정입니다,예 우선은 그게 언 어떻게 그 인상될지는 이제 시기 끝나고 나서 그때 공지될 예정입니다,예 우선은 그거는 어 어떻게 그 인상될지는 이제 십 칠 일 끝나고 나서 그때 공지될 예정입니다
AIHub_LowQualityPhoneVoice_valid__03639,15.384615384615385,7.6923076923076925,-7.6923076923076925,False,지금 제가 저기 사무실에 있어가지고 집은 아닌데,지금 제가 저기 다모실에 있어가지고 실력은 아닌데,지금 제가 저기 사무실에 있어가지고 수입은 아닌데
AIHub_LowQualityPhoneVoice_valid__03652,23.52941176470588,23.52941176470588,0.0,False,핸드폰 어떤 기종 쓰고 계신가요,핸드폰 어떤 기종 써 보이신가요,핸드폰 어떤 기종 수업이신가요
AIHub_LowQualityPhoneVoice_valid__03664,24.489795918367346,8.16326530612245,-16.326530612244895,False,혹시 실례지만 그 모 가입하신 핸드폰 번호 어떻게 어떻게 되실까요 성함이 어떻게 되실까요,오케이 슬렌스만 가 가입하신 핸드폰번호 어떻게 어떻게 되실까요 수업이 어떻게 되실까요,혹시 실례지만 가 로 가입하신 핸드폰 번호 어떻게 어떻게 되실까요 네 성함이 어떻게 되실까요
AIHub_LowQualityPhoneVoice_valid__03665,32.142857142857146,5.357142857142857,-26.78571428571429,False,네 소중한 정보 확인 감사합니다 네 지금 현재 강 강좌 장바구니 넣어주신 거 확인되셨고요 네 맞으세요,네 도전은 정말 감사합니다 예지면제에 강 네 강좌 장갑을 넣어주신 거 확인되셨고요 네 맞으세요,네 소중한 정보 확인 감사합니다 네 지금 현재 강 네 강좌 장바구니에 넣어주신 거 확인되셨고요 네 맞으세요
AIHub_LowQualityPhoneVoice_valid__03671,58.82352941176471,29.411764705882355,-29.411764705882355,False,어플 이용 중이신 건가요 회원님,필요일 이용 중이실 거가요 해요 해요,환불 이용 중이실 거고요 회원님
AIHub_LowQualityPhoneVoice_valid__03672,14.754098360655737,3.278688524590164,-11.475409836065573,False,네 네 들어가셨으면은 거기서 이제 수강 원하시는 강좌에 보시면 약간 청록색으로 패스 수강이라는 버튼 보이실까요,에 들어가셨을 때는 거기서 이제 수강 원하시는 강자에 보시면 약간 청목색으로 패스 수강이라는 버튼 보이실까요,네 들어가셨으면은 거기서 이제 수강 원하시는 강좌에 보시면 약간 청록색으로 패스 수강이라는 버튼 보이실까요
AIHub_LowQualityPhoneVoice_valid__03673,22.58064516129032,12.903225806451612,-9.677419354838708,False,네네 거기에서 초록색으로 패스 수강이라는 버튼 보이실까요,네 네 거기에서 성록색으로 패스트레스 강의라는 버튼 보이실까요,네 네 거기에서 총 복색으로 패스 수강이라는 버튼 보이실까요
AIHub_LowQualityPhoneVoice_valid__03699,60.0,46.666666666666664,-13.333333333333336,False,추가 문의사항 더 없으실까요,주방리당도 없으실까요,잠시만 더 없으실까요
AIHub_LowQualityPhoneVoice_valid__03709,14.285714285714285,0.0,-14.285714285714285,False,아 모의 그다음에 수능하고,아 뭘 그다음에 수능하고,아 모의 그다음에 수능하고
AIHub_LowQualityPhoneVoice_valid__03727,8.88888888888889,4.444444444444445,-4.444444444444445,False,교재는 만약 오늘 지금 구매하신다고 하시면 교재 다음 날 출고가 되실 거세요 내일,교재는 만약 오늘 지금 구매하신다고 하시면 교재 다음 월 일 구가 되실 거세요 내일,교재는 만약 오늘 지금 구매하신다고 하시면 교재 다음 주에 출고가 되실 거세요 내일
AIHub_LowQualityPhoneVoice_valid__03765,47.82608695652174,0.0,-47.82608695652174,False,아 네 네 반송 및 검수 절차 완료되었고요,아 네 네 반성민 검사조차 알려드렸구요,아 네 네 반송 및 검수 절차 완료되었고요
AIHub_LowQualityPhoneVoice_valid__03788,25.806451612903224,12.903225806451612,-12.903225806451612,False,아 네 알겠습니다 아 혹시 이것도 뭐 담임제 이런 게 있,아 네 알겠습니다 혹시 이것도 뭐 다니든데 이런 게,아 네 알겠습니다 혹시 이것도 뭐 담임제 이런 게
AIHub_LowQualityPhoneVoice_valid__03813,24.561403508771928,22.807017543859647,-1.7543859649122808,False,그러니까 나는 이제 이거 보고 이게 삼십만 원을 어떤 교재 캐시를 증정해주면 그걸로 저 교재한다 그래서,그러니까 나는 이게 이거 보고 이게 삼십 만 원을 어떤 일곱 개시를 짐전해지면 그걸로 저 교회 한,그러니까 나에게 이거 보고 이게 삼십만 원을 캐시를 증정해주면 그걸로 그 교재 한다고 그래서
AIHub_LowQualityPhoneVoice_valid__03820,34.61538461538461,15.384615384615385,-19.230769230769226,False,결제하면 캐시가 이 저희가한테 적립이 되는 거죠,절제하면 퀴즈하게 저희가 이제 적립이 되는 거죠,결제하면 캐시가 이제 저희가 이제 적립이 되는 거죠
AIHub_LowQualityPhoneVoice_valid__03834,6.493506493506493,8.441558441558442,1.9480519480519494,False,원래 저희 원칙상 한 학생 회원만 사용을 하시는 거기 때문에 요런 부분까지는 저희가 뭐 그렇게 막 이케 강압적으로 말씀드리는 건 아니고 이용 자체는 그렇게 형제분이 나눠서 쓰시는 건 가능하시되 요 접속하는 시간만 좀 나눠서 분배를 해서 사용을 하시면은 이용하시는 건 가능하세요,원래 저희 원칙상 한 교관권 한 학생회원만 사용을 하시는 거기 때문에 요런 부분까지 저희가 뭐 그렇게 막 케어 강압적으로 말씀드리는 건 아니고 이용 자체는 그렇게 형제분이 나눠서 쓰시는 건 가능하시되 요 접속하는 시간만 좀 나눠서 분배를 해서 사용을 하시면은 이용하시는 건 가능하세요,원래 저희 원칙상 한 수강권 한 학생 회원만 사용을 하시는 거기 때문에 요런 부분까지 저희가 뭐 그렇게 막 이렇게 강압적으로 말씀드리는 건 아니고 이용 자체는 그렇게 형제분이 나눠서 쓰시는 건 가능하시되 접속하는 시간만 좀 나눠서 군대를 해서 사용을 하시면은 이용하시는 건 가능하세요
AIHub_LowQualityPhoneVoice_valid__03850,30.76923076923077,15.384615384615385,-15.384615384615385,False,어 이게 뭐죠 이거 네네,어 뭐죠 이거 네 네,어 이 뭐죠 이거 네 네
AIHub_LowQualityPhoneVoice_valid__03884,0.0,0.0,0.0,False,그거 이용해서 아마 뭐 주는 걸로 알고 있는데,그거 이용해서 아마 뭐 주는 걸로 알고 있는데,그거 이용해서 아마 뭐 주는 걸로 알고 있는데
AIHub_LowQualityPhoneVoice_valid__03909,8.0,8.0,0.0,False,금 기본이라 하는 거는 강의만 듣는 거다 그죠,기본이라 하는 거는 강의만 듣는 거다 그죠,그럼 기본이라 하는 거는 강의만 듣는 거다 그죠
AIHub_LowQualityPhoneVoice_valid__03917,15.384615384615385,0.0,-15.384615384615385,False,기본으로 좀 하고 싶은데,지본으로 좀 가고 싶은데,기본으로 좀 하고 싶은데
AIHub_LowQualityPhoneVoice_valid__03924,33.33333333333333,16.666666666666664,-16.666666666666664,False,네 확인 감사드리고요 어 회원님만,예 확인 감사드리구요 아 그 회원들만,네 확인 감사드리구요 어 그 회원님만
AIHub_LowQualityPhoneVoice_valid__03928,0.0,0.0,0.0,False,네 감사합니다,네 감사합니다,네 감사합니다
AIHub_LowQualityPhoneVoice_valid__03934,9.917355371900827,4.958677685950414,-4.958677685950414,False,아 네 지금 혼차 우선 지금 아직 그 수능 강의는 우선 태도 이 순차적으로 이제 올라오고 올라올 예정이면서 그런 소식 같은 것도 다 올라올 예정이에요 그래서 언제 나온다 딱 어떻게 아 그 페이지가 있어요 알고 계신가요,아 지금 혼자 우선 지금 아직 그 승명 강인 우선 태도 이 순차적으로 이제 올라오고 올라올 예정이면서 그런 소식 같은 것도 다 올라올 예정이에요 그래서 언제 다 어떻게 다 그 페이지가 있어요 알고 계신가요,아 네 지금 혼자 우선 지금 아직 그 수능 강의는 우선 태도 이 순차적으로 이제 올라오고 올라올 예정이면서 그런 소식 같은 것도 다 올라올 예정이에요 그래서 언제 나오는 게 어떻게 그 페이지가 있어요 알고 계신가요
AIHub_LowQualityPhoneVoice_valid__03935,25.0,4.166666666666666,-20.833333333333336,False,각각 그 사이트에 개인 페이지가 있으시잖아요,요가사 그 사이트에 개인 테이너 있으시잖아요,각자 그 사이트에 개인 페이지가 있으시잖아요
AIHub_LowQualityPhoneVoice_valid__03936,14.285714285714285,0.0,-14.285714285714285,False,아 페이지가 있다고요 어디로 들어가면 알 수 있어요,아 테일치가 있다구요 어디로 들어가면 알 수 있어요,아 페이지가 있다고요 어디로 들어가면 알 수 있어요
AIHub_LowQualityPhoneVoice_valid__03939,33.33333333333333,0.0,-33.33333333333333,False,아 아이패드,아 아이팩,아 아이패드
AIHub_LowQualityPhoneVoice_valid__03978,28.57142857142857,6.122448979591836,-22.448979591836732,False,모의고사 시즌 투 맞으시죠 요게 지금 배 정답 및 해설이 포함이 안 되어 있으셨던 거세요,오이고사 시즌 투 맞으시죠 요게 지금 배 그 정담민 회사를 포함이 안 되어 있었던 것이요,모의고사 시즌 투 맞으시죠 요게 지금 그 정답 및 해설이 포함이 안되어있으셨던 거세요
AIHub_LowQualityPhoneVoice_valid__04025,16.417910447761194,5.970149253731343,-10.447761194029852,False,그 장 큰 애 말로는 큰 애는 그때 파이날인가만 들었었거든요 근데 그 파이날도 나중에 또 그게 포함이 되는 거예요 그러면,그 장 흔해 많으면 흔해는 그때 파이널인가만 들었었거든요 근데 그 파이널도 나중에 또 그게 포함이 되는 거예요 그러면,그 장 큰 애 말하면 큰 애는 그때 파이널인가만 들었었거든요 근데 그 파이널도 나중에 또 그게 포함이 되는 거예요 그러면
AIHub_LowQualityPhoneVoice_valid__04028,0.0,0.0,0.0,False,알겠습니다 감사합니다,알겠습니다 감사합니다,알겠습니다 감사합니다
AIHub_LowQualityPhoneVoice_valid__04029,30.76923076923077,0.0,-30.76923076923077,False,네 화면이 왜 안 나오지,에이 화면이 안 나오지,네 화면이 왜 안 나오지
AIHub_LowQualityPhoneVoice_valid__04063,35.0,11.666666666666666,-23.333333333333336,False,이제 중고등 결합 상품 구매하신다고 저희 환불 문의를 주셨었는데요 해당 상품을 다시 복구하신다는 말씀이실까요,이제 중고등 결합상품 구매하신다고 더이저 환불모니를 주셨었는데이야 회장상품을 다시 못 모으신다는 멘탈이,이제 중고등 결합상품 구매하신다고 저희 쪽에 환불 문의를 주셨었는데요 해당 상품을 다시 못 구매하신다는 말씀이실까요
AIHub_LowQualityPhoneVoice_valid__04065,25.0,6.8181818181818175,-18.181818181818183,False,그러다 보니까 저희 큰 애가 지금 저는 이제 그렇게 되면 두 달을 셔야 되잖아요,요가 보니까 저희 큰 애가 지금 너는 그렇게 되면 노달을 헌해 되잖아요,그러다 보니까 저희 큰 애가 지금 저는 이제 그렇게 되면 도달을 해야 되잖아요
AIHub_LowQualityPhoneVoice_valid__04075,4.878048780487805,12.195121951219512,7.317073170731708,False,그 페이지를 들어가 보니까 페지스 페이지를 찾을 수 없다고 나와가지고 해서,그 페이지를 들어가 보니까 페비스 페이지를 찾을 수 없다고 나와가지고 해,그 페이지를 들어가 보니까 페이지 페이지를 찾을 수 없다고 나와가지고요
AIHub_LowQualityPhoneVoice_valid__04088,25.0,25.0,0.0,False,네네 왜냐하면 이거 다,네 네 왜냐면 이게 다,네 네 왜냐면 이게 다
AIHub_LowQualityPhoneVoice_valid__04090,24.390243902439025,4.878048780487805,-19.51219512195122,False,다른 휴대폰을 사용하시는 방법밖에 없을 것 같거든요 회원님 지금 상황에서는,다른 휴대폰을 사용할 방법이 없을 거 같거든요 지금 상황에서는,다른 휴대폰을 사용하신 방법밖에 없을 것 같거든요 회원님 지금 상황에서는
AIHub_LowQualityPhoneVoice_valid__04119,5.357142857142857,5.357142857142857,0.0,False,아 예 아 그럼 인터넷으로 거의 다 다 수강 신청이랑 뭐랑 다 결제랑 되겠네요 아까 말씀해 주신 그거,아 예 아 그럼 인터넷으로 거의 다 다 수강신청이랑 뭐랑 다 결제랑 되겠네요 아까 말씀해주신 그걸,아 예 아 그럼 인터넷으로 거의 다 다 수강신청이랑 뭐랑 다 결제랑 되겠네요 아까 말씀해주신 그걸
AIHub_LowQualityPhoneVoice_valid__04125,13.698630136986301,13.698630136986301,0.0,False,그 인터넷에 아 그리고 이거 이거느는 지금 비용이 어떻게 되 되는 계산이 나간 거예요 아 그럼 만약에 늦게 할수록 더 안 좋으으으은,그 인터넷에 아 그리고 이거 이거는 지금 비용이 어디되게 되는 계산이 나가는 거예요 아 그럼 만약에 늦게 할수록 더 안 좋은,그 인터넷에 음 아 그리고 이거 이거는 지금 비용이 어떻게 되는 계산이 나가는 거예요 아 그럼 만약에 늦게 할수록 더 안 좋은
AIHub_LowQualityPhoneVoice_valid__04128,15.306122448979592,8.16326530612245,-7.142857142857142,False,네 수강 기간이 이제 수강료에 포함되어 있는 금액이다 보니까 수강 기간이 짧아지면 짧아질수록 당연히 수강료는 조정이 되실 텐데요 지금 제가 안내해 드린 금액 같은 경우에는 이제,네 수강 기간이 이제 수강료에 포함되어 있는 금액이다 보니까 이 수강 기간이 짧아짐한 짧아질수록 당연히 수강료는 조정이 됐을 텐데요 지금 제가 안내에서도 그런 경우에는 같은 경우에는 이제,네 수강기간이 이제 수강료에 포함되어있는 금액이다 보니까 이제 수강기간이 짧아지면 짧아지수록 당연히 수강료는 조정이 되실 텐데요 지금 제가 안내해드린 금액 같은 경우에는 이제
AIHub_LowQualityPhoneVoice_valid__04135,4.545454545454546,0.0,-4.545454545454546,False,아 제가 지금 컴퓨터 켜놨는데 그 사이트 들어가 있는데 어디서 확인할 수 있어요,아 제가 지금 컴퓨터 켜놨는데 저 사이드 들어가 있는데 어디서 확인할 수 있어요,아 제가 지금 컴퓨터 켜놨는데 그 사이트 들어가 있는데 어디서 확인할 수 있어요
AIHub_LowQualityPhoneVoice_valid__04143,7.142857142857142,0.0,-7.142857142857142,False,네 감사합니다 저는 상담사,네 감사합니다 저는 상담 사,네 감사합니다 저는 상담사
AIHub_LowQualityPhoneVoice_valid__04144,41.66666666666667,0.0,-41.66666666666667,False,그 문의하려고 하는데요,그거 본의 할려고 하는 데요,그 문의하려고 하는데요
AIHub_LowQualityPhoneVoice_valid__04151,4.3478260869565215,0.0,-4.3478260869565215,False,아 예정된 게 없어요 근데 내년에도 나오죠,아 예정된 게 없애요 근데 내년에도 나오죠,아 예정된 게 없어요 근데 내년에도 나오죠
AIHub_LowQualityPhoneVoice_valid__04152,15.789473684210526,21.052631578947366,5.263157894736841,False,근까 그게 나온다는 보장이 없으세요 요번에 이제 새로 처음에 하는 거라 또 나올지 안 나올지는 없습니다,근까 그게 나온다는 고장이 없으세요 요번에 이제 새어 처음에 하는 거라 또 나오지 안 나오지만 아,그니까 그게 나온다는 보장이 없으세요 요번에 이제 새 옷 처음에 하는 거라 또 나오지 안 나오지 않은 없으세요
AIHub_LowQualityPhoneVoice_valid__04162,24.489795918367346,16.3265306122449,-8.163265306122447,False,혹시나 하고 이제 오 안내가 나갔을까 봐 한 번 다시 연락드렸는데요 잠시만 기다려 주세요,혹시나 하고 이제 오 학년에 가봤을까 봐 한 번 다시 한번 기다리는데요 잠시만 기다려주세요,혹시나 하고 이제 오 화 내에 와갔을까 봐 한번 다시 전화드렸는데요 잠시만 기다려주세요
AIHub_LowQualityPhoneVoice_valid__04166,20.51282051282051,10.256410256410255,-10.256410256410255,False,음 그렇구나 그럼 이벤트는 이런 거 것도 전혀 지금 해당 기간은 아니고,아 야 그럼 이벤트 이런 것도 전혀 지금 해당 기간은 아니고,아 그렇구나 그럼 이벤트 이런 것도 전혀 지금 해당 기간은 아니고
AIHub_LowQualityPhoneVoice_valid__04172,37.5,0.0,-37.5,False,무료 체험권 말씀하시는 걸까요,모려치앙과는 말씀하시는 걸까요,무료 체험권 말씀하시는 걸까요
AIHub_LowQualityPhoneVoice_valid__04180,15.384615384615385,0.0,-15.384615384615385,False,그 어 그 학습 그 인강을 신청을 하려고 하는데,이 그 어 그 학술 그 인간을 신청을 하려고 하는데,그 어 그 학습 그 인강을 신청을 하려고 하는데
AIHub_LowQualityPhoneVoice_valid__04191,14.285714285714285,0.0,-14.285714285714285,False,네 저 뭐 좀 여쭤보려고 전화드렸는데요,네 저 뭐칠 여쭤보려고 전화 드렸는데요,네 저 뭐 좀 여쭤보려고 전화드렸는데요
AIHub_LowQualityPhoneVoice_valid__04199,12.5,6.25,-6.25,False,아 네네 잘 알겠습니다 요거는,아 네 네 잘 알겠습니다 요고는,아 네 네 잘 알겠습니다 요거는
AIHub_LowQualityPhoneVoice_valid__04222,12.121212121212121,0.0,-12.121212121212121,False,그러면 단과는 가격을 알 수 있을까요 혹시 수학이나 뭐 과학,그러면 단가는 가격을 알 수 있으니까 혹시 수학이나 뭐 과학,그러면 단과는 가격을 알 수 있을까요 혹시 수학이나 뭐 과학
AIHub_LowQualityPhoneVoice_valid__04240,15.0,0.0,-15.0,False,아 그러면은 이게 이제 인강을 들을 때마다 교재가 그 인강에 맞는 교재를,아 그르면은 이제 이제 인강을 들을 때마다 도제가 그 인강에 맞는 도제를,아 그러면은 이게 이제 인강을 들을 때마다 교재가 그 인강에 맞는 교재를
AIHub_LowQualityPhoneVoice_valid__04254,22.22222222222222,0.0,-22.22222222222222,False,아 네 감사합니다,네 감사합니다,아 네 감사합니다
AIHub_LowQualityPhoneVoice_valid__04283,16.666666666666664,0.0,-16.666666666666664,False,저희가 확인이 필요한 게 일단은 어떤 수강 그 강좌를 수강하셨는지,거기가 확인이 필요한 게 일단은 어떤 수강을 강좌를 강화셨는지,저희가 확인이 필요한 게 일단은 어떤 수강 그 강좌를 수강하셨는지
AIHub_LowQualityPhoneVoice_valid__04290,56.25,18.75,-37.5,False,아니에요 제가 여쭤보는 거예요,아니에요 제가,아 아니에요 제가 여쭤보는 거에요
AIHub_LowQualityPhoneVoice_valid__04292,41.66666666666667,50.0,8.333333333333329,False,한국사 지금 듣고 가는,한국사 지금 듣고 오는 말이죠,한국사 지금 듣고 있는 말씀이죠
AIHub_LowQualityPhoneVoice_valid__04300,15.151515151515152,1.5151515151515151,-13.636363636363637,False,일단은 저희가 꾸준히 수강하신 내역 확인돼서 예외 처리 진행을 해 드릴 거고요 일단 오늘 처리되고 그리고 이제 오늘 네,일단은 자기가 꾸준히 수강하신 데가 확인돼서 해처리 진행을 해드릴 거고요 일단 오늘 처리되고 그리고 인제 오늘 예,일단은 저희가 꾸준히 수강하신 내역 확인돼서 예외 처리 진행을 해드릴 거고요 일단 오늘 처리되고 그리고 이제 오늘 네
AIHub_LowQualityPhoneVoice_valid__04329,55.00000000000001,5.0,-50.00000000000001,False,전용 패키지 말씀해 주신 거 맞으시죠,아니요 팩티지 말신기 친구가 맞으시죠,전용 패키지 말씀 주신 거 맞으시죠
AIHub_LowQualityPhoneVoice_valid__04332,14.285714285714285,4.201680672268908,-10.084033613445378,False,그렇죠 그렇죠 어차피 강좌의 퀄리티가 더 높고 낮고 이런 거는 없다 보니까 그냥 교재 구입할 수 있는 캐시가 충전되는 게 그 차이점이 하나예요 그래서 뭐 교제 많이 구입할 것 같다 처음부터 많이 구입할 것 것 같다,그렇죠 맞어 어차피 강좌에 퀄리티가 더 높고났고 이런 거는 없다 보니까 그냥 교재 구입할 수 있는 퀄 시가 충전 내는 게 그 차이점이 하나에요 그래서 뭐 교재 많이 구입할 거 같다 처음부터 많이 구입할 거 같,그렇죠 그렇죠 어차피 강좌의 퀄리티가 더 높고 낮고 이런 거는 없다 보니까 그냥 교재 구입할 수 있는 캐시가 충전 되는 게 그 차이점이 하나예요 그래서 뭐 교재 많이 구입할 것 같다 처음부터 많이 구입할 것 같
AIHub_LowQualityPhoneVoice_valid__04334,5.88235294117647,0.0,-5.88235294117647,False,그렇게 그러면은 요거는 그냥 뭐 학년 상관없이 다 듣는 거고요,이렇게 그러면은 요거는 그냥 뭐 학년 상관없이 다 듣는 거구요,그렇게 그러면은 요거는 그냥 뭐 학년 상관없이 다 듣는 거고요
AIHub_LowQualityPhoneVoice_valid__04339,8.108108108108109,2.7027027027027026,-5.405405405405406,False,아 네 이렇게 하거나 아니면 단과로 따로 듣거나 둘 중 하나 인가요,아 네 이렇게 하거나 아니면 단과로 따로 듣거나 둘 중 하난가요,아 네 이렇게 하거나 아니면 단과로 따로 듣거나 둘 중 하나인가요
AIHub_LowQualityPhoneVoice_valid__04341,19.767441860465116,13.953488372093023,-5.813953488372093,False,이제 선생님마다 강좌 금액대가 다 다르다 보니까 그 학생분께서 수업에 대해서 희망하시는 선생님 선생님 체크 하셔가지고 그 금액대랑 다 확인해 주시면 되세요,선생님마다 금액대가 다 다르다 보니까 그 학생분 때에 대해서 희망하시는 선생님 선생 탁 하셔가지고 금액대랑 다 확인해 주시면 되시구요,이제 선생님마다 강좌 금액대가 다 다르다 보니까 그 학생분께서 강좌 내에서 희망하시는 선생님 선생님 택하셔 가지고 금액대랑 다 확인해주시면 되세요
AIHub_LowQualityPhoneVoice_valid__04349,16.666666666666664,0.0,-16.666666666666664,False,네 여보세요,에 여보세요,네 여보세요
AIHub_LowQualityPhoneVoice_valid__04364,9.523809523809524,2.380952380952381,-7.142857142857142,False,뭐 피씨를 받고 탭을 받고 이런 식으로 했었는데 여기는 그런 건 없는 거에요,오 피씨를 봤어 탭을 받고 이런 식으로 했었는데 여기는 그런 건 없는 거예요,뭐 피씨를 받고 탭을 받고 이런 식으로 했었는데 여기는 그런 건 없는 거예요
AIHub_LowQualityPhoneVoice_valid__04369,22.22222222222222,19.444444444444446,-2.777777777777775,False,그 서 스카이나 뭐 인서울 네 그런 데 뭐 의대 약대 이런데입니다,스스카이나 뭐 인서울나 그런 데 뭐 의대 약간 이런 데입니다,그 삼 스카이나 뭐 인서울이나 그런 데 뭐 의대학 이런 데입니다
AIHub_LowQualityPhoneVoice_valid__04372,25.0,2.941176470588235,-22.058823529411764,False,제가 이 음 그냥 일반고 수업은 전혀 몰라가지고 물어보는 물어보는 거니까 좀 감안해주시고 차근차근 좀 설명 좀 부탁드릴게요,제가 이 음 그냥 일반고 수업은 저는 몰라가지고 물어보니까 물어보는 거니까 좀 가만히 지치고 타격적은 줄 설명 좀 부탁드리께요,제가 이 음 그냥 일반고 수업은 전혀 몰라가지고 물어보니까 물어보는 거니까 좀 감안해주시고 차근차근 좀 설명 좀 부탁드릴게요
AIHub_LowQualityPhoneVoice_valid__04391,13.23529411764706,1.4705882352941175,-11.764705882352942,False,혹시 회원님께서 보고 계시는 게 뭐 이제 두 가지 이상 강좌를 묶음으로 판매하는 패키지 강좌를 보시면서 말씀 하시는 걸까요,혹시 회원님께서 보고 계시는 게 뭐지 뭐가지 이상 강좌를 묶음으로 판매하는 패키지 강좌를 보시면서 마시는 걸까요,혹시 회원님께서 보고 계시는 게 뭐 이제 두 가지 이상 강좌를 묶음으로 판매하는 패키지 강좌를 보시면서 말씀하시는 걸까요
AIHub_LowQualityPhoneVoice_valid__04408,8.333333333333332,16.666666666666664,8.333333333333332,False,네 전 과목 이용하시는,네 정 과목 이용하시는,네 전 과목 이용하시는 거
AIHub_LowQualityPhoneVoice_valid__04414,33.33333333333333,33.33333333333333,0.0,False,네 저희 이제 재,네 저희 인제,네 저희 인제 취소
AIHub_LowQualityPhoneVoice_valid__04427,60.0,15.0,-45.0,False,네 그 세계 지리 지금 듣고 있는데요,여기 패딩 시위 지금 또 끊어져요,네 그 세 개씩 지금 듣고 있는데요
AIHub_LowQualityPhoneVoice_valid__04434,16.666666666666664,16.666666666666664,0.0,False,아 네 제가 봤을 때 한국 지리는 올라와 있어서 아마 세계지리도 조만간 올라 오 오실 것 같습니다,아 네 제가 봤을 때 한 곳 일이나 올라와 있어서 아마 세계지에도 조만간 올라오시 오실 거 같습니다,아 네 제가 봤을 때 한 구 칠 일 올라와 있어서 아마 세계지도 조만간 올라오실 것 같습니다
AIHub_LowQualityPhoneVoice_valid__04444,81.81818181818183,18.181818181818183,-63.63636363636364,False,네 아버님 감사합니다,아 아,네 아무리 감사합니다
AIHub_LowQualityPhoneVoice_valid__04445,13.333333333333334,0.0,-13.333333333333334,False,결제 관련 좀 여쭤보려는데요,럴드 관련 좀 여쭤보려는데요,결제 관련 좀 여쭤보려는데요
AIHub_LowQualityPhoneVoice_valid__04453,44.44444444444444,5.555555555555555,-38.888888888888886,False,감사합니다 좋은 하루되세요 상담사,감사합니다 조언하세요 성남,감사합니다 좋은 하루 되세요 상담사
AIHub_LowQualityPhoneVoice_valid__04468,0.0,0.0,0.0,False,네 맞습니다,네 맞습니다,네 맞습니다
AIHub_LowQualityPhoneVoice_valid__04471,14.285714285714285,0.0,-14.285714285714285,False,네 감사합니다,어 감사합니다,네 감사합니다
AIHub_LowQualityPhoneVoice_valid__04478,9.090909090909092,0.0,-9.090909090909092,False,누구 걸 불러드릴까요,누군 걸 불러드릴까요,누구 걸 불러드릴까요
AIHub_LowQualityPhoneVoice_valid__04486,33.33333333333333,16.666666666666664,-16.666666666666664,False,해서 네 일단 내용 확인하고 연락,그래서 왜 일단 내용 확인하고,네 일단 내용 확인하고 연락
AIHub_LowQualityPhoneVoice_valid__04496,10.0,10.0,0.0,False,그러시면 이제 그 관련해서 상담이실까요 아니면 저희 사이트를 전체적으로 이용하실 때 수강 관련해서 이용 방법,그러시면 이제 그 뜻 관련해서 상담이실까요 아니면 저희 파이트를 전체적으로 이용하신대 수강 관련해서 이용 방법,그러시면 이제 그 학습 관련해서 상담이실까요 아니면 저희 사이트를 전체적으로 이용하신 데 수강 관련해서 이용방법
AIHub_LowQualityPhoneVoice_valid__04511,22.641509433962266,11.320754716981133,-11.320754716981133,False,이벤트 상품이라서 이게 전 과목 패스 수강권 건임에도 불구 불구하고 좀 저렴하게 나온 상품이에요,이벤트 산품이라서 이게 문과목 패스 상권임에 불구하고 좀 저렴하게 나온 산품이에요,이벤트 상품이라서 이게 전 과목 패스 수강권이면은 불 불구하고 좀 저렴하게 나온 상품이에요
AIHub_LowQualityPhoneVoice_valid__04513,27.27272727272727,18.181818181818183,-9.090909090909086,False,그니까 자기는 좀 더,아이까 자기는 쫌 더,아 그니까 자기는 좀 더
AIHub_LowQualityPhoneVoice_valid__04548,83.33333333333334,116.66666666666667,33.33333333333333,False,사이트를 보,사실은,네 알겠습니다
AIHub_LowQualityPhoneVoice_valid__04560,100.0,17.647058823529413,-82.35294117647058,False,그 그니까 사용이 가능한 거네요,음,음 그럼 사용이 가능한 거네요
AIHub_LowQualityPhoneVoice_valid__04561,0.0,0.0,0.0,False,아 네 맞습니다,아 네 맞습니다,아 네 맞습니다
AIHub_LowQualityPhoneVoice_valid__04574,57.14285714285714,28.57142857142857,-28.57142857142857,False,지금 진행이요,지금 지내야,지금 진에요
AIHub_LowQualityPhoneVoice_valid__04594,14.285714285714285,4.761904761904762,-9.523809523809522,False,일단 메인 강좌 개념이 제일 중요하니까,일단 메인 강좌 개념이 제일 중요한,일단 메인 강좌 개념이 제일 중요하니
AIHub_LowQualityPhoneVoice_valid__04612,4.166666666666666,1.3888888888888888,-2.7777777777777772,False,그 내년까지 나오는 강좌 다 수강 가능하십니다 그래서 내년까지 그냥 뭐 내년에 나오는 강좌든 올해 나온 강좌든 다 수강 가능하세요,그 내년까지 나오는 강좌 다 수강 가능하십니다 서 내년까지 그냥 뭐 내년에 나오는 강좌도 올해 나온 강좌든 다 수강 가능하세요,그 내년까지 나오는 강좌 다 수강 가능하십니다 그래서 내년까지 그냥 뭐 내년에 나오는 강좌는 올해 나온 강좌든 다 수강 가능하세요
AIHub_LowQualityPhoneVoice_valid__04614,0.0,0.0,0.0,False,네 알겠습니다,네 알겠습니다,네 알겠습니다
AIHub_LowQualityPhoneVoice_valid__04616,0.0,0.0,0.0,False,아 저기 그리고 하나만 더요,아 저기 그리고 하나만 더요,아 저기 그리고 하나만 더요
AIHub_LowQualityPhoneVoice_valid__04633,0.0,0.0,0.0,False,네 그러시면 저희 지금 혹시 컴퓨터 이용 가능하신가요,네 그러시면 저희 지금 혹시 컴퓨터 이용 가능하신가요,네 그러시면 저희 지금 혹시 컴퓨터 이용 가능하신가요
AIHub_LowQualityPhoneVoice_valid__04634,11.11111111111111,5.555555555555555,-5.555555555555555,False,온라인 서점 이라는 곳이 있습니다,온라인 서든이라는 곳이 있습니다,온라인 서점이라는 곳이 있습니다
AIHub_LowQualityPhoneVoice_valid__04643,0.0,0.0,0.0,False,아 네 감사합니다,아 네 감사합니다,아 네 감사합니다
AIHub_LowQualityPhoneVoice_valid__04644,11.11111111111111,0.0,-11.11111111111111,False,감사합니다 상담사,감사합니다 상담,감사합니다 상담사
AIHub_LowQualityPhoneVoice_valid__04648,14.285714285714285,7.142857142857142,-7.142857142857142,False,지금 나와 있습니다 네 지금 사이트에 나와 있습니다,지금 나와 있습니다 네 지금 살짝 나와 있습니다,지금 나와있습니다 네 지금 사이트에 나와있습니다
AIHub_LowQualityPhoneVoice_valid__04668,25.0,0.0,-25.0,False,아 네 맞습니다,어 네 봤습니다,아 네 맞습니다
AIHub_LowQualityPhoneVoice_valid__04675,15.384615384615385,15.384615384615385,0.0,False,아 네 그 그럼 제 통장,아 그 그럼 제 통장,아 그 그럼 제 통장
AIHub_LowQualityPhoneVoice_valid__04678,25.31645569620253,15.18987341772152,-10.126582278481012,False,괜찮으세요 저희가 뭐 이제 서류를 핸드폰 촬영하셔서 올려주시는 이미지 다 되기 때문에 이렇게 캡처하시는 분 가능하신 부분 가능하신 부분이시고요,괜찮은데 저희가 뭐 이제 서류를 핸드폰 촬영하셔서 올려주시는 이미지 다 되기 때문에 이렇게 스킵도 가능하신 부분이지구요,괜찮으세요 저희가 뭐 이제 서류를 핸드폰 촬영하셔서 올려주시는 이미지가 되기 때문에 이렇게 캡처를 하시는 분 가능하신 부분이시고요
AIHub_LowQualityPhoneVoice_valid__04695,8.695652173913043,4.3478260869565215,-4.3478260869565215,False,아 네네 그 아까 제가 따로 전화드렸었는데,아 네 네 그 아까 제가 따로 전화 드렸었는데,아 네 네 그 아까 제가 따로 전화드렸었는데
AIHub_LowQualityPhoneVoice_valid__04701,6.8493150684931505,4.10958904109589,-2.7397260273972606,False,그래서 그러는데 혹시 그러면은 그 부분에 대해서요 그 어 재원생 인증을 하면 혹시 그 부분에 대해서 제가 또 환불을 받을 수 있나요,그래서 그러는데 혹시 그러면 그 부분에 대해서 기 어 재환생 인증을 하며 혹시 그 부분에 대해서 제가 또 환불을 받을 수 있나요,그래서 그러는데 혹시 그러면은 그 부분에 대해서 어 재원생 인증을 하면 혹시 그 부분에 대해서 제가 또 환불을 받을 수 있나요
AIHub_LowQualityPhoneVoice_valid__04720,9.090909090909092,9.090909090909092,0.0,False,참고해 주시면 됩니다,참고해주시면 됩니다,참고해주시면 됩니다
AIHub_LowQualityPhoneVoice_valid__04726,26.666666666666668,0.0,-26.666666666666668,False,네 광고 보고 전화드렸는데요,이 광고 보고 전화드려요,네 광고 보고 전화드렸는데요
AIHub_LowQualityPhoneVoice_valid__04743,100.0,50.0,-50.0,False,예 일단 알겠습니다,오,예 알겠습니다 알겠습니다
AIHub_LowQualityPhoneVoice_valid__04757,12.727272727272727,14.545454545454545,1.8181818181818183,False,그 외에 나머지 수능 대비 강좌들은 다 동일하세요 요거는 모두 다 수강을 해 보실 수가 있는 거셔서,그 외에 나머지 수능 대비 강좌들은 다 동의를 하세요 요거는 모두가 수강을 해보실 수가 있는 거져서,그 외에 나머지 네 수능 대비 강좌들은 다 동일하세요 요거는 모두가 수강을 해보실 수가 있는 것이어서
AIHub_LowQualityPhoneVoice_valid__04776,0.0,0.0,0.0,False,아 네 알겠습니다,아 네 알겠습니다,아 네 알겠습니다
AIHub_LowQualityPhoneVoice_valid__04778,64.28571428571429,14.285714285714285,-50.00000000000001,False,네 저기 이거 저기 수업을,음 내가 되게 이거아주게 수업을,음 네 저기 이거 저기 수업을
AIHub_LowQualityPhoneVoice_valid__04787,10.16949152542373,0.0,-10.16949152542373,False,수강할 수 있는 수강권 금액인데 이 금액의 차이점은 그 교재를 구매할 수 있는 그 포인트를 미리 충전하시고,투강할 수 있는 수강권 금액인데 이 금액의 차이오먼 교재를 구매할 수 있는 그 포민트를 미리 충전하시고,수강할 수 있는 수강권 금액인데 이 금액의 차이점은 그 교재를 구매할 수 있는 그 포인트를 미리 충전하시고
AIHub_LowQualityPhoneVoice_valid__04793,0.0,0.0,0.0,False,아 그렇구나,아 그렇구나,아 그렇구나
AIHub_LowQualityPhoneVoice_valid__04800,5.555555555555555,2.7777777777777777,-2.7777777777777777,False,이걸 체험을 해보고 싶은데 체험은 그러면은 지금 회원 가입을 하고,이거 체험을 해보고 싶은데 체험은 그러면은 지금 회원가입을 하고,이걸 체험을 해보고 싶은데 체험은 그러면은 지금 회원가입을 하고
AIHub_LowQualityPhoneVoice_valid__04818,11.11111111111111,0.0,-11.11111111111111,False,네 무슨 이름이요,네 무슨 이름요,네 무슨 이름이요
AIHub_LowQualityPhoneVoice_valid__04849,6.451612903225806,0.0,-6.451612903225806,False,아 또 한 번 분실하면 재구매를 하기 힘들다는 말씀이시죠,아 또 한 번 불쇄하면 재구매를 하기 힘들다는 말씀이시죠,아 또 한 번 분실하면 재구매를 하기 힘들다는 말씀이시죠
AIHub_LowQualityPhoneVoice_valid__04880,8.108108108108109,0.0,-8.108108108108109,False,얼마나 걸리죠 새로 이걸 계속 강의하는 건데 품절이 될 수가 있나요,얼마나 걸리죠 새로 이럴 겔도 강의하는 건데 품절이 될 수가 있나요,얼마나 걸리죠 새로 이걸 계속 강의하는 건데 품절이 될 수가 있나요
AIHub_LowQualityPhoneVoice_valid__04936,10.0,0.0,-10.0,False,잠시만 기다려주세요,잠깐만 기다려주세요,잠시만 기다려주세요
AIHub_LowQualityPhoneVoice_valid__04941,77.77777777777779,33.33333333333333,-44.44444444444446,False,입력을 하는데 그,우리 형은 근데 그,들려고 하는데 그
AIHub_LowQualityPhoneVoice_valid__04962,5.681818181818182,5.681818181818182,0.0,False,파이널 모의고사 시즌 투 교재 말씀주시는 거 맞으실까요 아 네 해당 교재는 말씀주신 대로 판매가 종료가 되었기 때문에 저희가 현재 따로 재입고 예정은 없습니다,파이널 모의고사 시즌 투 교재 말씀 주시는 거 맞으실까요 아 네 해당 교재는 말씀 주신 대로 이제 판매가 종료가 되었기 때문에 저희가 현재 따로 재입고 예정은 없습니다,파이널 모의고사 시즌 투 교재 말씀 주시는 거 맞으실까요 아 네 해당 교재는 말씀 주신 대로 이제 판매가 종료가 되었기 때문에 저희가 현재 따로 재입고 예정은 없습니다
AIHub_LowQualityPhoneVoice_valid__04982,0.0,0.0,0.0,False,네 감사합니다 좋은 하루 되세요,네 감사합니다 좋은 하루 되세요,네 감사합니다 좋은 하루 되세요
AIHub_LowQualityPhoneVoice_valid__05006,15.909090909090908,9.090909090909092,-6.818181818181817,False,그러면은 교재도 없고 그거 강의는 올려져 있는데 그러면 어떻게 해야 되는 건가요,볼러면은 교재도 없고 그거 강의를 올려도 있는데 그러면은 뭐 어떻게 해야 되는 거가요,그러면은 교재도 없고 그거 강의를 올려져 있는데 그러면은 뭐 어떻게 해야 되는 건가요
AIHub_LowQualityPhoneVoice_valid__05011,15.555555555555555,4.444444444444445,-11.11111111111111,False,보통적으론 저희가 연초에 강좌를 오픈을 하기 때문에요 그때부터 교재 구입을 하시고,보통적으로는 저희가 연출의 강좌를 오픈을 하기 때문이에요 그때부터 그제 구입을 하시고,보통적으로는 저희가 연초에 강좌를 오픈을 하기 때문에요 그때부터 교재 구입을 하시고
AIHub_LowQualityPhoneVoice_valid__05014,2.3255813953488373,0.0,-2.3255813953488373,False,네 그 배송을 좀 받을 책을 주문했는데요 언제쯤 배송되는지 좀 확인 부탁드려요,네 그 배송을 좀 받을 책을 주문했는데요 언제쯤 배송되는지 좀 확인해 부탁드려요,네 그 배송을 좀 받을 책을 주문했는데요 언제쯤 배송되는지 좀 확인 부탁드려요
AIHub_LowQualityPhoneVoice_valid__05015,4.166666666666666,0.0,-4.166666666666666,False,아 네 회원님 그러시면 정확한 안내를 위해서,아 네 회원이 그러시면 정확한 안내를 위해서,아 네 회원님 그러시면 정확한 안내를 위해서
AIHub_LowQualityPhoneVoice_valid__05024,10.526315789473683,10.526315789473683,0.0,False,중간에 있기 때문에 한 다음 주 월,중간에 있기 때문에 다음 주 월,중간에 있기 때문에 다음 주 월
AIHub_LowQualityPhoneVoice_valid__05034,16.666666666666664,7.142857142857142,-9.523809523809522,False,그러시면 이쪽으로 어 접수해드릴 거고요 우선적으로 출고되도록 접수해 드릴게요,그러지면 이쪽으로 어 접수해 드릴 거구요 우선적으로 출고대로 접수해 드릴게,네 그러시면 이쪽으로 어 접수해드릴 거고요 우선적으로 출고되도록 접수해드릴게요
AIHub_LowQualityPhoneVoice_valid__05035,0.0,0.0,0.0,False,최대한 그렇게 해주시면 감사합니다,최대한 그렇게 해주시면 감사합니다,최대한 그렇게 해주시면 감사합니다
AIHub_LowQualityPhoneVoice_valid__05037,0.0,0.0,0.0,False,네 감사합니다,네 감사합니다,네 감사합니다
AIHub_LowQualityPhoneVoice_valid__05042,0.0,0.0,0.0,False,확인이 되시는데,확인이 되시는데,확인이 되시는데
AIHub_LowQualityPhoneVoice_valid__05052,45.09803921568628,9.803921568627452,-35.294117647058826,False,구매하시면 되고 추후에는 재구매가 어렵기 때문에 그점 참고 부탁드립니다 바로 구매하시면 되세,금유하시면 되고 투어에는 재검할 거 어려우기 때문에 그 점 청구 부탁드립니다 아 알어 금유하시면 됐습니다,구매하시면 되고 추후에는 재구매가 어렵기 때문에 그 점 참고 부탁드리겠습니다 바로 구매하시면 되세요
AIHub_LowQualityPhoneVoice_valid__05059,22.22222222222222,22.22222222222222,0.0,False,최근에 샀는 거요 제일 최근에 샀는 거 지구과학인가 뭔가라 카든데,최가에 사는 거 제일 최가에 사는 거 지구과학인가 뭔가 알아카든데,책을 샀나 봐요 제일 책을 샀는 거 지구과학인가 뭔가라 카든데
AIHub_LowQualityPhoneVoice_valid__05094,18.75,18.75,0.0,False,예 교재만 따로도 하 하셨는데,네 교재만 따로도 하셨는데,네 교재만 따로도 하셨는데
AIHub_LowQualityPhoneVoice_valid__05101,0.0,0.0,0.0,False,네 감사합니다,네 감사합니다,네 감사합니다
AIHub_LowQualityPhoneVoice_valid__05104,0.0,0.0,0.0,False,네 혹시 이 부분에 대해서 어떤 부분이 지금 문제가 있는 부분이실까요,네 혹시 이 부분에 대해서 어떤 부분이 지금 문제가 있는 부분이실까요,네 혹시 이 부분에 대해서 어떤 부분이 지금 문제가 있는 부분이실까요
AIHub_LowQualityPhoneVoice_valid__05107,15.789473684210526,0.0,-15.789473684210526,False,근데 시즌 쓰리 모의고사는 이 회분 판매 뭐 만 원 이렇게 돼있잖아요,근데 쓰리튼 쓰리 모의고사는 이 일 분 판매 뭐 만 원 이렇게 돼 있잖아요,근데 시즌 쓰리 모의고사는 이 회분 판매 뭐 만 원 이렇게 돼있잖아요
AIHub_LowQualityPhoneVoice_valid__05116,6.896551724137931,10.344827586206897,3.448275862068966,False,강의 중에 콜 모의고사 시즌 원 강의가 따로 있으세요,강의 중에 콜몬의고사 시즌 원 강의가 따로 있으세요,강의 중에 콜몽이고사 시즌 원 강의가 따로 있으세요
AIHub_LowQualityPhoneVoice_valid__05117,0.0,0.0,0.0,False,시즌 원이 필요하시다면 이제 콜 모의고사 시즌 원 강의로 수강을 해주시면 되시는 부분이세요,시즌 원이 필요하시다면 이제 콜 모의고사 시즌 원 강의로 수강을 해주시면 되시는 부분이세요,시즌 원이 필요하시다면 이제 콜 모의고사 시즌 원 강의로 수강을 해주시면 되시는 부분이세요
AIHub_LowQualityPhoneVoice_valid__05126,22.22222222222222,0.0,-22.22222222222222,False,네 감사합니다 네,네 감사합니다,네 감사합니다 네
AIHub_LowQualityPhoneVoice_valid__05127,4.0,0.0,-4.0,False,아 안녕하세요 제가 방금 교재를 주문했었는데요,아 안녕하세요 제가 방금 교대를 주문했었는데요,아 안녕하세요 제가 방금 교재를 주문했었는데요
AIHub_LowQualityPhoneVoice_valid__05138,17.647058823529413,0.0,-17.647058823529413,False,네 변경하실 주소지 말씀해주세요,네 병장화실 주소지 말씀해주세요,네 변경하실 주소지 말씀해주세요
AIHub_LowQualityPhoneVoice_valid__05143,3.225806451612903,1.6129032258064515,-1.6129032258064515,False,네 저희 말씀해주신 주소지로 변경 완료되었고요 오늘 결제해주셨던 교재는 변경하신 주소지로 수령해주시면 되겠습니다,네 저흴 말씀해주신 주소지로 변경 완료되었구요 오늘 결제해주셨던 교재는 변경하신 주소지로 수령해주시면 되겠습니다,네 저희 말씀해주신 주소지로 변경 완료되었구요 오늘 결제해주셨던 교재는 변경하신 주소지로 수령해주시면 되겠습니다
AIHub_LowQualityPhoneVoice_valid__05147,11.11111111111111,8.333333333333332,-2.7777777777777786,False,근데 교재를 분실했는데 다시 구매할려면 안된다고 돼 있어 가지고요,근데 교재를 분실했는데 다시 구매하려면 안 된다고 돼 있어가지고,근데 교재를 분실했는데 다시 구매하려면 안된다고 돼있어가지고요
AIHub_LowQualityPhoneVoice_valid__05151,33.33333333333333,0.0,-33.33333333333333,False,네 여보세요,여보세요,네 여보세요
AIHub_LowQualityPhoneVoice_valid__05184,21.91780821917808,10.95890410958904,-10.95890410958904,False,근데 특수문자가 그 쓰고 나면 저장하고 나면 그게 없어지더라고요 카펫 별표라고 한글로 적어야 될 것 같아가지고 거기서 수정이 되나요,근데 특수 문자가 그 쓰고 나면 저장하고 나면 그게 없 써지더라구요 앞에 별 표 란고 한글로 적어야 될 거 같애가지고 거기서 우리 출당이 되나요,근데 특수 문자가 그 쓰고 나면 저장하고 나면 그게 없어지더라고요 그 앞에 별표라고 한글로 적어야 될 것 같아가지고 거기서 오늘 수정이 되나요
AIHub_LowQualityPhoneVoice_valid__05189,68.75,25.0,-43.75,False,별표를 적어놔야 될 것 같애요,그냥 표혈을 통과 나야 될 거 같애,그 안표를 적어놔야 될 것 같아요
AIHub_LowQualityPhoneVoice_valid__05191,17.391304347826086,13.043478260869565,-4.3478260869565215,False,아 네 알겠습니다 다른 문의사항 있으실까요,아 네 알겠습니다 다른 분이서 있으실까요,아 네 네 알겠습니다 다른 문의 사항 있으실까요
AIHub_LowQualityPhoneVoice_valid__05203,10.465116279069768,5.813953488372093,-4.651162790697676,False,아 네 요 해당 교재는 입금대기 상태에선 배송지 변경이 어려워서요 요거 입금 대기이신 거를 취소를 하시고 그 다음에 다시 결제를 좀 해주셔야 될 거 같아요,아 네 요게 해당 교재는 입금 대기 상태에선 배송지 변경이 어려워서요 요고 입금 대기 이 신거를 취소를 하시고 그다음에 다시 열제를 좀 해주셔야 될 거 같애요,아 네 요게 해당 교재는 입금 대기 상태에선 배송지 변경이 어려워서요 요거 입금 대기이신 거를 취소를 하시고 그다음에 다시 결제를 좀 해주셔야 될 것 같애요
AIHub_LowQualityPhoneVoice_valid__05208,0.0,0.0,0.0,False,네 감사합니다,네 감사합니다,네 감사합니다
AIHub_LowQualityPhoneVoice_valid__05240,14.285714285714285,0.0,-14.285714285714285,False,월요일날 통화 혹시 밤에도 어려우실까요,월요일 날 청하 혹시 밤에도 어려우실까요,월요일날 통화 혹시 밤에도 어려우실까요
AIHub_LowQualityPhoneVoice_valid__05245,12.5,0.0,-12.5,False,아 네 어머니 학생분 성함이 어떻게 되실까요,아 네 어머니 학생금 소름이 어떻게 되실까요,아 네 어머니 학생분 성함이 어떻게 되실까요
AIHub_LowQualityPhoneVoice_valid__05247,38.88888888888889,5.555555555555555,-33.333333333333336,False,안 담겨요 이게 구매한 구매했다고,안 담겨요 이제 고며 한 고며 했다고,안 담겨요 이제 구매한 구매했다고
AIHub_LowQualityPhoneVoice_valid__05249,38.095238095238095,14.285714285714285,-23.80952380952381,False,일단 어머니 교재 이름이 어떻게 될까요,나 언니 교대 일을 어떻게 될까요,어머니 교재 이름이 어떻게 될까요
AIHub_LowQualityPhoneVoice_valid__05254,19.047619047619047,0.0,-19.047619047619047,False,반송하실 때 세 개를 다 보내신 거세요,반송하실 때 세계회를 다 보내신 거 아세요,반송하실 때 세 개를 다 보내신 거세요
AIHub_LowQualityPhoneVoice_valid__05257,19.35483870967742,3.225806451612903,-16.129032258064516,False,교재는 그 반송 문의주실 때 안내받으셨었죠 이거 저희 쪽에 도착돼서 다시 전화 주시면 그때 카드 취소되신다는 점,교재는 그 반송 문의 주의할 때 안내 받으셨었죠 이거 저 저 도착돼서 다시 전화 주면 그때 카드 치러 대신다는 점,교재는 그 반송 문의 주실 때 안내 받으셨었죠 이거 저희 쪽에 도착돼서 다시 전화 주시면 그때 카드 취소되신다는 점
AIHub_LowQualityPhoneVoice_valid__05272,25.0,0.0,-25.0,False,네 네 네 아들이 인제,네 네 네 아들인지,네 네 네 아들이 인제
AIHub_LowQualityPhoneVoice_valid__05290,56.75675675675676,10.81081081081081,-45.94594594594595,False,회원님 감사합니다 네 변경 원하시는 주소지 한 번만 불러주시겠습니까,네 변경 원어시는 수소 전부만 다 하겠습니다,회원님 감사합니다 네 변경 원하시는 주소 한번만 봐주시겠습니까
AIHub_LowQualityPhoneVoice_valid__05305,45.0,0.0,-45.0,False,네 그냥 회원 가입하셔서 그 보시면은,근데 그냥 회원가에 파셔서 그 보셈에는,네 그냥 회원 가입하셔서 그 보시면은
AIHub_LowQualityPhoneVoice_valid__05312,9.45945945945946,2.7027027027027026,-6.756756756756757,False,예 그래서 그냥 이게 그러면은 여기서 자체로 다운받아갖고 수강 신청한 다음에 할 수 있는 건지 아니면은 그냥 강의만 들어야 되는 건지,예 그래서 그냥 이게 그러면은 여기서 자체로 다운받아갖고 수송시장 한다 할 수 있는 건지 아니면은 그냥 강의만 들어야 되는 건지,예 그래서 그냥 이게 그러면은 여기서 자체로 다운받아갖고 수강신청 한 다음에 할 수 있는 건지 아니면은 그냥 강의만 들어야 되는 건지
AIHub_LowQualityPhoneVoice_valid__05358,8.571428571428571,8.571428571428571,0.0,False,아니 어머니 죄송하지만 이거는 저희가 정말 도움드리기가 어려워요,어 아니 어머니 죄송하지만 이거는 저희가 정말 도움 드리기가 어려워요,어 아니요 어머니 죄송하지만 이거는 저희가 정말 도움드리기가 어려워요
AIHub_LowQualityPhoneVoice_valid__05370,18.51851851851852,3.7037037037037033,-14.814814814814817,False,죄송하지만 상담 자체가 저희랑만 가능하세요 어머님,죄송하지만 상담 자체가 저에랑만 가능하세요,죄송하지만 상담 자체가 저희랑만 가능하세요 어머니
AIHub_LowQualityPhoneVoice_valid__05372,14.545454545454545,5.454545454545454,-9.09090909090909,False,일단은 어머니 요청 주신 상황에 대해서는 저희도 최대한 확인을 해본 사항이고요 네 요파일 제공도 지금 안 되는 상태고 요게 교재도 지금 재인쇄 계획도 없는 상태고 잔여 교재도 저희가 남아있는지 찾아,일단은 어머니 요청 시신 상황에 대해서는 저희도 최대한 확인을 해 본 상황이구요 근데 요파일 제공도 지금 안 되는 상태고 요새 교재도 지금 재인 세계에도 없는 상태고 다녀 교재도 저희가 남아 있는지 타닥,일단은 어머니 요청 주신 사항에 대해서는 저희도 최대한 확인을 해본 사항이고요 네 요거 파일 제공도 지금 안 되는 상태고 요게 교재도 지금 재인쇄 계획도 없는 상태고 자녀 교재도 저희가 남아있는지 찾아
AIHub_LowQualityPhoneVoice_valid__05389,20.0,5.0,-15.0,False,아 네 회원님 기다려주셔서 감사합니다,아 네 회는 기다려 줘서 감사합니다,아 네 회원님 기다려 주셔서 감사합니다
AIHub_LowQualityPhoneVoice_valid__05390,52.0,12.0,-40.0,False,불꽃 모의고사 관련해서 문의주신 거 맞으실까요,불폭행 요구사 관련해서 문예계 신고 받을까요,물건 모의고사 관련해서 문의 주신 거 맞으실까요
AIHub_LowQualityPhoneVoice_valid__05396,72.72727272727273,13.636363636363635,-59.0909090909091,False,재구매 희망하시는 사유는 어떻게 되실까요,제 제곤에 임황하시는 사유는 어떻게 될지 잘 모르겠어,혹시 재구매 희망하시는 사유는 어떻게 되실까요
AIHub_LowQualityPhoneVoice_valid__05407,11.11111111111111,5.555555555555555,-5.555555555555555,False,어 다시 뭐 이게 그럴수가 있나요,어 다시 뭐 이게 그런 수가 있나요,어 다시 뭐 이게 그럴 수가 있나요
AIHub_LowQualityPhoneVoice_valid__05409,23.076923076923077,23.076923076923077,0.0,False,아 일당 예정도 없는거죠,어 일단 예정도 없는 거죠,어 일단 예정도 없는 거죠
AIHub_LowQualityPhoneVoice_valid__05445,8.571428571428571,2.857142857142857,-5.7142857142857135,False,네 기다려주셔서 감사합니다 회원님 죄송하지만 이거 교재가 왕초보,어 기다려 주셔서 감사합니다 회원이 죄송하지만 이거 교재가 왕초보,어 기다려주셔서 감사합니다 회원님 죄송하지만 이거 교재가 왕초보
AIHub_LowQualityPhoneVoice_valid__05455,52.5,12.5,-40.0,False,말씀하시는게 이제 그 파일널 교재 이 파이널교재 말씀하시는 거 맞으실까요,사실 하시는 게 이제 그 파이럴 기잼 이 파이럴 기잼 에스마스인가 마주실까요,말씀하시는 게 이제 그 파이널 교재 이 그 파이널 교재 말씀하시는 거 맞으실까요
AIHub_LowQualityPhoneVoice_valid__05458,4.0,0.0,-4.0,False,그러면 그거 교재가 없어도 수강은 가능한 거죠,그러면 그거 교재가 없어도 수방은 가능한 거죠,그러면 그거 교재가 없어도 수강은 가능한 거죠
AIHub_LowQualityPhoneVoice_valid__05478,52.63157894736842,5.263157894736842,-47.368421052631575,False,아 네네 확인해서 그럼 연락드릴게요,아 네 네 환영회사 그럼 연락해 드립니다,아 네 네 확인해서 그럼 연락드릴게요
AIHub_LowQualityPhoneVoice_valid__05493,26.31578947368421,0.0,-26.31578947368421,False,아 네 네 국어 지금 상상 모의고사,아 네 네 그거 지금 상상문고사,아 네 네 국어 지금 상상 모의고사
AIHub_LowQualityPhoneVoice_valid__05500,42.857142857142854,0.0,-42.857142857142854,False,네 수고하세요,네 일어나세요,네 수고하세요
AIHub_LowQualityPhoneVoice_valid__05503,44.44444444444444,33.33333333333333,-11.111111111111114,False,알겠습 알겠습니다,알겠습니다,아 네 알겠습니다
AIHub_LowQualityPhoneVoice_valid__05523,28.57142857142857,0.0,-28.57142857142857,False,네 수고하세요,네 안녕하세요,네 수고하세요
AIHub_LowQualityPhoneVoice_valid__05525,11.11111111111111,0.0,-11.11111111111111,False,일단 저희가 정확한 안내를 위해서,일단 저희가 정확한 앞뇌를 위해서,일단 저희가 정확한 안내를 위해서
AIHub_LowQualityPhoneVoice_valid__05531,13.513513513513514,8.108108108108109,-5.405405405405405,False,그리고 추후에 이제 동일한 도움은 어려운 점만 양해 부탁드리겠습니다,고 초 후에 이제 동일한 도움은 어려운 전만 양해 부탁드리겠습니다,네 수고 추후에 이제 동일한 도움은 어려운 점만 양해 부탁드리겠습니다
AIHub_LowQualityPhoneVoice_valid__05548,20.0,5.454545454545454,-14.545454545454547,False,모의고사 교재만도 구매가 가능하시구요 실례지만 저희 홈페이지 지금 컴퓨터로 이용 가능하실까요 회원님,오이고사 교대 만두 구매가 가능하시구요 슬슬만 저희 홈페이지 지금 컴퓨터로 이용 가능하실까요 하니,모의고사 교재 만족 구매가 가능하시고요 실례지만 저희 홈페이지 지금 컴퓨터로 이용 가능하실까요 회원님
AIHub_LowQualityPhoneVoice_valid__05556,11.76470588235294,11.76470588235294,0.0,False,아 네 네 아 네 알겠습니다 네,아 네 네 어 아 네 알겠습니다 네,아 네 네 어 아 네 알겠습니다 네
AIHub_LowQualityPhoneVoice_valid__05561,33.33333333333333,12.121212121212121,-21.212121212121207,False,전화해서 선생님한테 허락 맡았다고 하면은 넣어주신다고 하셔서,가나 하서 어 선생한테 허락 맡겠다고 하면은 넣어주신다고 하셨다고,전화해서 어 선생님한테 허락 넣었다고 하면은 넣어주신다고 하셔서
AIHub_LowQualityPhoneVoice_valid__05566,0.0,0.0,0.0,False,어 저 근데 혹시 죄송한데요,어 저 근데 혹시 죄송한데요,어 저 근데 혹시 죄송한데요
AIHub_LowQualityPhoneVoice_valid__05570,11.428571428571429,5.714285714285714,-5.714285714285714,False,아 그리고 이거 선생님께 이제 허락을 받으셨다라고 하셨는데 혹시 언제 연락을 받으신 연락을 하셔서 허락을 받으셨다 말씀이실까요,아 그리고 이거 선생님께 이제 허락을 받으셨다라고 하셨는데 혹시 언대에 연락을 받으신 원래 연락을 하셔서 허락을 받으셨다면 있음이실까요,아 그리고 이거 선생님께 이제 허락을 받으셨다라고 하셨는데 혹시 언제 연락을 받으신 원래 연락을 하셔서 허락을 받으셨단 말씀이실까요
AIHub_LowQualityPhoneVoice_valid__05575,20.37037037037037,3.7037037037037033,-16.666666666666668,False,그것이 있는데 그것이 주문이 다시 안되네요 전체적로 통 그 전체를 환불하고 다시 주문할려고 했더니,그것이 있는데 그거 시 주문이 다시 안 되네요 전체대로 통 그 전철을 한 번 하고 다시 주문할려고 했더니,그것이 있는데 그것이 주문이 다시 안되네요 전체적으로 통 그 전체를 환불하고 다시 주문하려고 했더니
AIHub_LowQualityPhoneVoice_valid__05578,20.634920634920633,11.11111111111111,-9.523809523809522,False,기다려주셔서 감사합니다 그 교재 두 권 반송해주신 거는 아직도 저희 쪽에서 처리가 반송처리 완료가되지 않아가지고요,감사합니다 그 교재 두 번 반송해주신 거는 아직 그 저쪽에서 처리가 반송처리 완료가 되지 않아가지고요,기다려주셔서 감사합니다 그 교재 두 권 반송을 해주신 건은 아직 저희 쪽에서 처리가 반송 처리 완료가 되지 않아가지고요
AIHub_LowQualityPhoneVoice_valid__05585,50.0,0.0,-50.0,False,센터입니다 무엇을 도와드릴까요,고맙답니다 모아서 떠드릴까요,센터입니다 무엇을 도와드릴까요
AIHub_LowQualityPhoneVoice_valid__05590,30.303030303030305,9.090909090909092,-21.21212121212121,False,이거 저희가 확인해보고 다시 다시 연락드려 연락 드리겠습니다,여 저희가 확인해보고 다시 다시 열악 열악 되겠습니다,제가 저희가 확인해보고 다시 다시 연락드려 연락드리겠습니다
AIHub_LowQualityPhoneVoice_valid__05618,10.0,0.0,-10.0,False,잠시만 기다려주세요,감시만 기다려주세요,잠시만 기다려주세요
AIHub_LowQualityPhoneVoice_valid__05619,29.166666666666668,8.333333333333332,-20.833333333333336,False,네 네 수능완성이에요 근데 수능특강이 아니고,얘네 수능 완성이에요 근데 수능 부과는 아니고,네 네 수능 완성이에요 근데 수능 특강이 아니고
AIHub_LowQualityPhoneVoice_valid__05623,10.0,10.0,0.0,False,그 다음에 아까 그,그다음에 아까 그,그다음에 아까 그
AIHub_LowQualityPhoneVoice_valid__05641,15.384615384615385,7.6923076923076925,-7.6923076923076925,False,이라고만 되어 있으실까요,일하고만 되어 있으실까요,이라고만 되어있으실까요
AIHub_LowQualityPhoneVoice_valid__05642,18.91891891891892,13.513513513513514,-5.405405405405405,False,네 네 근데 요기에 그 판매되는 게 적혀있는데 절판이라고 돼 있어요,네 네 근데 요게 그 판매되는 게 적혀 있는데 절판이라고 그래야 돼 있어요,네 네 근데 요게 그 판매되는 게 적혀있는데 절판이라고 거래돼있어요
AIHub_LowQualityPhoneVoice_valid__05643,3.571428571428571,0.0,-3.571428571428571,False,네 혹시 오늘 중에서 통화 불편한 시간대 있으실까요,네 혹시 오늘 중에서 통화 불편한 시간도 있으실까요,네 혹시 오늘 중에서 통화 불편한 시간대 있으실까요
AIHub_LowQualityPhoneVoice_valid__05648,0.0,0.0,0.0,False,아 괜찮으실까요,아 괜찮으실까요,아 괜찮으실까요
AIHub_LowQualityPhoneVoice_valid__05661,16.666666666666664,0.0,-16.666666666666664,False,네 그렇죠 두 권을 구매하셨을 경우에는 같이 구매 가능하신 거세요,네 그렇죠 조건을 구매하셨을 경우에는 같이 구매 가능하신 것이야,네 그렇죠 두 권을 구매하셨을 경우에는 같이 구매 가능하신 거세요
AIHub_LowQualityPhoneVoice_valid__05667,28.000000000000004,16.0,-12.000000000000004,False,뉴런 그 강좌 구매를 했는데요 아 예 들리시죠,유런 그 감자 구매를 했는데요 아 예 마 예 들리시죠,뉴런 그 강좌 구매를 했는데요 아 예 예 마 들리시죠
AIHub_LowQualityPhoneVoice_valid__05669,7.6923076923076925,0.0,-7.6923076923076925,False,아 네 확인 감사드립니다,아 네 확인 감사 드립니다,아 네 확인 감사드립니다
AIHub_LowQualityPhoneVoice_valid__05688,11.11111111111111,0.0,-11.11111111111111,False,어 시냅스 강 교재 같은 경우에는,어 신에스 강 교재 같은 경우에는,어 시냅스 강 교재 같은 경우에는
AIHub_LowQualityPhoneVoice_valid__05691,10.0,0.0,-10.0,False,아 그래요 비타민 교재라는 거는 뭐죠,아 그래요 비타민 도제라는 거는 뭐죠,아 그래요 비타민 교재라는 거는 뭐죠
AIHub_LowQualityPhoneVoice_valid__05706,8.0,12.0,4.0,False,그러고 그 뭐냐 그게 뭐냐 신 선생님 그 뭐야,그러고 그 뭐냐 그 뭐냐 신인 선생님 그 뭐야,그러고 그 뭐냐 그 뭐냐 선생님 그 뭐야
AIHub_LowQualityPhoneVoice_valid__05721,10.44776119402985,8.955223880597014,-1.4925373134328357,False,아 그 뭐냐 제가 구매를 할라고 했는데 그 장 그 구매 취소가 되면 주문 취소가 돼 가지고 다시 장바구니에 없어졌더라고요,아 그 뭐냐 제가 구매를 할라고 했는데 그 그 장 그 구매 취소가 되가 주문 취소가 되가지고 다시 장바구니로 없어졌드라고요,아 그 뭐냐 제가 구매를 할라고 했는데 그 그 장 그 구매 취소가 돼가 주문 취소가 돼가지고 다시 장바구니가 없어졌더라고요
AIHub_LowQualityPhoneVoice_valid__05726,11.11111111111111,0.0,-11.11111111111111,False,다시 제가 그 뭐냐 그거 해볼게요,같이 제가 그 뭐냐 그거 해볼게요,다시 제가 그 뭐냐 그거 해볼게요
AIHub_LowQualityPhoneVoice_valid__05735,20.3125,4.6875,-15.625,False,그리고 회원님 카드 해주신 부분도 이제 당일 결제건이 아니다 보니까 카드 한도 복원되는 데는 카드사 기준으로 평일에,그리고 회화니까 하여튼 수요 주신 부분도 제 당일 결제권이 아니다 보니까 카드 한도 보건되는 데는 카드사 기준으로 평일에,그리고 회원님 카드 결제해주신 부분도 이제 당일 결제 건이 아니다 보니까 카드 한도 복원되는 데는 카드사 기준으로 평일에
AIHub_LowQualityPhoneVoice_valid__05740,8.108108108108109,0.0,-8.108108108108109,False,아 배송지 변경이요 저희 정보 확인한 후에 안내 가능할 것 같습니다,아 배송지병경이요 저희 정보 확인한 후에 안내 가능할 거 같습니다,아 배송지 변경이요 저희 정보 확인한 후에 안내 가능할 것 같습니다
AIHub_LowQualityPhoneVoice_valid__05743,11.956521739130435,7.608695652173914,-4.3478260869565215,False,아 네 그럼 저희 변경처리 진행 도와드렸고요 해당 주소지는 그 주소에서 수령하실 수 있고 제 방금 제가 변경해드린 주소는 사이트에 대해서 확인해보실 수 있으실 거예요,아 네 그럼 저희 변경처리 진행 도와드렸구요 그다음 주소지는 그 주소에서 수령하실 수 있고 제 방금 제가 변경해드린 주소는 사이트 내에서 확인해보실 수 있으세요,아 네 그럼 저희 변경처리 진행 도와드렸고요 해당 주소지는 그 주소에서 수령하실 수 있고 제 방금 제가 변경해드린 주소는 사이트 내에서 확인해보실 수 있으세요
AIHub_LowQualityPhoneVoice_valid__05745,11.11111111111111,0.0,-11.11111111111111,False,저희 확인해보니까 우선 물리학 원 시즌 원 투는 지금 판매 중이고,저희 합인해 보니까 우선 물리학원 시즌 원 투는 지금 품매 중이고,저희 확인해보니까 우선 물리학 원 시즌 원 투는 지금 판매 중이고
AIHub_LowQualityPhoneVoice_valid__05747,62.5,0.0,-62.5,False,이미 품절되었고,이미 큰 절이 됐고,이미 품절되었고
AIHub_LowQualityPhoneVoice_valid__05753,0.0,0.0,0.0,False,여유는 그렇게 많이는 없는 걸로 나오세요,여유는 그렇게 많이는 없는 걸로 나오세요,여유는 그렇게 많이는 없는 걸로 나오세요
AIHub_LowQualityPhoneVoice_valid__05768,14.285714285714285,0.0,-14.285714285714285,False,어 회원님 죄송한데요 지금,어 하얀님 죄송한데요 지금,어 회원님 죄송한데요 지금
AIHub_LowQualityPhoneVoice_valid__05776,44.0,10.0,-34.0,False,해당 교재 장바구니에 담아드렸어요 결제하시면 되시고요 추후에 동일 교재는 재구매 어려우세요,최근 교수 장가고 있다고 배웠어요 결제하시면 되시고요 오늘 교수님 재고면 어려우세요,해당 교재 장바구니 담아드렸어요 결제하시면 되시고요 동일 교재는 재구매 어려우세요
AIHub_LowQualityPhoneVoice_valid__05796,12.5,12.5,0.0,False,네 할려고 하면,예 할려고 하면,예 할려고 하면
AIHub_LowQualityPhoneVoice_valid__05831,41.66666666666667,0.0,-41.66666666666667,False,주문 배송으로 들어가서,중립대동으로 들어가서,주문 배송으로 들어가서
AIHub_LowQualityPhoneVoice_valid__05836,0.0,6.666666666666667,6.666666666666667,False,네 다른 문의사항 있으실까요,네 다른 문의사항 있으실까요,네 다른 문의 사항 있으실까요
AIHub_LowQualityPhoneVoice_valid__05841,18.0,8.0,-10.0,False,그 선생님 교재가 하 한 회 한 회분이면 몇 장짜리죠 아 이분이 좀 잘하시는 분이신가 봐요,그 선생님 두 개가 하 한 해 한 해분이 한 몇 장짜리이죠 아 이 분이 좀 잘하시는 분이신가 봐요,그 선생님 교재가 한 한 해 한 해분이면 몇 장짜리이죠 아 이분이 좀 잘하시는 분이신가 봐요
AIHub_LowQualityPhoneVoice_valid__05845,25.454545454545453,5.454545454545454,-20.0,False,을 하셔서 구매를 하시는 거고요 지금 품절일 수도 있는데요 제가 조회해 볼게요 잠시만 기다려 주세요,을 하셔서 구매를 할 수 있는 거구 야 지금 품절일 수도 있는데요 제가 조을 해볼기에 잠시만 기다려주세요,을 하셔서 구매를 하시는 거고요 지금 품절일 수도 있는데요 제가 조회해볼게 잠시만 기다려주세요
AIHub_LowQualityPhoneVoice_valid__05851,5.555555555555555,8.333333333333332,2.777777777777777,False,품절인지 한 번 확인을 해봐 드려야 될 거 같아요 잠시만요 어머님,품절인지 한 번 확인을 해봐 드려야 될 거 같애 잠시만요 어머님,품절인지 한번 확인을 해봐 드려야 될 것 같아요 잠시만요 어머니
AIHub_LowQualityPhoneVoice_valid__05864,21.73913043478261,0.0,-21.73913043478261,False,일단은 제가 회원 정보 확인 먼저 하고 네,나는 제발 회원정보 확인 먼저 하고 네,일단은 제가 회원 정보 확인 먼저 하고 네
AIHub_LowQualityPhoneVoice_valid__05869,18.181818181818183,13.636363636363635,-4.5454545454545485,False,그 이상형 화작을 어디서 구매 하셨을까요,금 이삼형 화작은 어디서 구매하셨을까요,그 이상형 화자가 어디서 구매하셨을까요
AIHub_LowQualityPhoneVoice_valid__05871,17.24137931034483,3.4482758620689653,-13.793103448275865,False,회원님 언제쯤 구매하셨는지 알 수 있을까요 이 월이요,현이 언제쯤 구매하셨는지 알 수 있을까요 유 월이야,회원님 언제쯤 구매하셨는지 알 수 있을까요 유 월이요
AIHub_LowQualityPhoneVoice_valid__05875,16.666666666666664,0.0,-16.666666666666664,False,저 그 잃어버려 가지고,어 그 잃어버려가지고,저 그 잃어버려 가지고
AIHub_LowQualityPhoneVoice_valid__05903,0.0,0.0,0.0,False,사유가 어떻게 되실까요,사유가 어떻게 되실까요,사유가 어떻게 되실까요
AIHub_LowQualityPhoneVoice_valid__05909,0.0,0.0,0.0,False,네 감사합니다 좋은 하루 되세요,네 감사합니다 좋은 하루 되세요,네 감사합니다 좋은 하루 되세요
AIHub_LowQualityPhoneVoice_valid__05910,34.48275862068966,3.4482758620689653,-31.034482758620694,False,네 안녕하세요 저 교 교재 재구매하고 싶어서 그런데요,안녕하세요 저 조 조제 제공에 하고 싶어서 그런대요,네 안녕하세요 저 조 교재 재구매하고 싶어서 그런데요
AIHub_LowQualityPhoneVoice_valid__05911,21.25,1.25,-20.0,False,아 네 제가 회원님 정보 확인하고 안내 도와 드릴게요 성함이 어떻게 되실까요 네 확인 감사합니다 회원님 재구매 희망하시는 교재가 어떤 교재일까요,아 네 제가 회원님 정보하긴 하고 안내 도와 드리께요 소음이 어떻게 되실까요 네 여긴 감사합니다 회원님 제 꿈에 희망하시는 그제가 어떤 그제일까요,아 네 제가 회원님 정보 확인하고 안내 도와드릴게요 성함이 어떻게 되실까요 네 확인 감사합니다 회원님 재구매 희망하시는 교재가 어떤 교재일까요
AIHub_LowQualityPhoneVoice_valid__05912,13.636363636363635,9.090909090909092,-4.545454545454543,False,선생님 책 중에서 기출분석이라는 교재예요,선생님 책 중에서 네 기출분석이라는 교제예요,선생님 책 중에서 기출 분석이라는 교재요
AIHub_LowQualityPhoneVoice_valid__05914,50.0,10.0,-40.0,False,지구 과학 투요 네,기구가 크요 네,지구과학 투요 네
AIHub_LowQualityPhoneVoice_valid__05918,13.793103448275861,0.0,-13.793103448275861,False,네 네 확인 감사합니다 어 잠시만 기다려주세요 회원님,네 네 저는 감사합니다 어 잠시만 기다려주세요 형님,네 네 확인 감사합니다 어 잠시만 기다려주세요 회원님
AIHub_LowQualityPhoneVoice_valid__05927,14.285714285714285,3.571428571428571,-10.714285714285714,False,네 네 그래서 인터넷 강의를 구매하고 그다음에 제가 교재가 그 학생이 두 명이라서 두 부가 필요한데요,네 네 그래서 인간의 강의를 구내어 하고 그다음에 제가 교재가 그 학생이 두 명이라서 도보가 필요한데요,네 네 그래서 인터넷 강의를 구매하고 그다음에 저희가 교재가 그 학생이 두 명이라서 두 부가 필요한데요
AIHub_LowQualityPhoneVoice_valid__05933,16.666666666666664,16.666666666666664,0.0,False,어머님께서 거세요 그 저희가 안내를 도와드릴 수 있는데,어머니께서 해주신 거세요 그 저희가 안내를 도와드릴 수 있는데,어머님께서 정해주신 거세요 그 저희가 안내를 도와드릴 수 있는데
AIHub_LowQualityPhoneVoice_valid__05934,45.16129032258064,12.903225806451612,-32.258064516129025,False,회원님 아니시면은 회원님 부모님이랑 만 안내가 가능하고요,혜원인 아니지 얘는 혜원인 부모님이라면 이제 안 내가 가능하구요,회원님 아니시면은 회원님 부모님이랑만 이제 안내가 가능하구요
AIHub_LowQualityPhoneVoice_valid__05941,19.047619047619047,4.761904761904762,-14.285714285714285,False,그 주민 등록 등본이 있잖아요 어머니 그 쌍둥이 회원 인증 가능한 서류를 저희 쪽으로 메일로 보내주시면 되시거든요,그 지금 등록등변이 있잖아요 어머니 그 쌍둥이 회원이 인증 가능한 서둑에서 이쪽으로 메일을 보내주시면 되시거든요,그 주민등록등본 있잖아요 어머니 그 쌍둥이 회원 인증 가능한 서류를 저희 쪽으로 메일로 보내주시면 되시거든요
AIHub_LowQualityPhoneVoice_valid__05946,34.61538461538461,11.538461538461538,-23.076923076923073,False,그러면은 이거를 등본을 해서 어디로 보내야 돼요,그러면은 이거를 형이 등보를 해서 어디로 보냐래요,그러면은 이거를 등록 등본을 해서 어디로 보내야 돼요
AIHub_LowQualityPhoneVoice_valid__05949,27.27272727272727,4.545454545454546,-22.727272727272723,False,네 네 등본 확인 가능하면 되고요 잠시만,네 네튼버 후면 가능하면 되구요 잠시만,네 네 등본 확인 가능하면 되구요 잠시만
AIHub_LowQualityPhoneVoice_valid__05969,1.9607843137254901,0.0,-1.9607843137254901,False,근데 거기 다른 과목은 등급이 나오는데 국어랑 수학은 등급이 표시가 안되는데 왜 그런 걸까요,근데 거기 다른 과목은 등급이 나오는데 국어랑 수학은 등급이 표시가 안 되는데 왜 그런 걸까요,근데 거기 다른 과목은 등급이 나오는데 국어랑 수학은 등급이 표시가 안되는데 왜 그런 걸까요
AIHub_LowQualityPhoneVoice_valid__05976,11.76470588235294,8.823529411764707,-2.9411764705882337,False,아 네 저희가 국어랑 수학 같은 경우에는 바로 채점하셨을 때 그 아마 등급이랑 뭐 표준 점수나 백 분위 다 나와있을 거예요,아 네 저희가 국어랑 수학 같은 경우에는 바로 채점하셨을 때 그 아마 등급이랑 목표순점 수나 백분위 다 나왔을 거예요,아 네 저희가 국어랑 수학 같은 경우에는 바로 체험하셨을 때 그 아마 등급이랑 뭐 표준점수나 백분위 다 나왔을 거예요
AIHub_LowQualityPhoneVoice_valid__05990,45.45454545454545,0.0,-45.45454545454545,False,그냥 일반 자사고예요,나 일반 자사 고임,그냥 일반 자사고예요
AIHub_LowQualityPhoneVoice_valid__06023,1.4925373134328357,1.4925373134328357,0.0,False,어 아마 답변을 받으실 거예요 어머님 해당 이제 글쓰기를 등록을 하시면 이제 해당 내용에 대한 답변을 받으실 수 있습니다,어 아마 답변을 받으실 거예요 어머니 해당 이제 글쓰기를 등록을 하시면 이제 해당 내용에 대한 답변을 받으실 수 있습니다,어 아마 답변을 받으실 거예요 어머니 해당 이제 글쓰기를 등록을 하시면 이제 해당 내용에 대한 답변을 받으실 수 있습니다
AIHub_LowQualityPhoneVoice_valid__06025,0.0,0.0,0.0,False,네 감사합니다 좋은 하루 되세요,네 감사합니다 좋은 하루 되세요,네 감사합니다 좋은 하루 되세요
AIHub_LowQualityPhoneVoice_valid__06026,23.809523809523807,0.0,-23.809523809523807,False,네 어머니 통화 종료해주셔도 괜찮습니다,네 어머 통화 정리 해주도 괜찮습니다,네 어머니 통화 종료해주셔도 괜찮습니다
AIHub_LowQualityPhoneVoice_valid__06045,0.0,18.181818181818183,18.181818181818183,False,네 그러십니다 어머님,네 그러십니다 어머님,네 그렇습니다 어머님
AIHub_LowQualityPhoneVoice_valid__06060,10.869565217391305,6.521739130434782,-4.347826086956522,False,음악이나 체육 같은 그런 등급이 안 나오거나 이수 접수가 제대로 안 나와있는 과목을,음악이나 체육 같은 그런 등급이 안 나오거나 이 지저스가 제대로 안 나와 있는 과목을,음악이나 체육 같은 그런 등급이 안 나오거나 이 지자수가 제대로 안 나와있는 과목을
AIHub_LowQualityPhoneVoice_valid__06065,0.0,0.0,0.0,False,어 그럼 회원님께서 지금 그 기입을 안 하시는 과목은 어떻게 되실까요 정확하게,어 그럼 회원님께서 지금 그 기입을 안 하시는 과목은 어떻게 되실까요 정확하게,어 그럼 회원님께서 지금 그 기입을 안 하시는 과목은 어떻게 되실까요 정확하게
AIHub_LowQualityPhoneVoice_valid__06068,0.0,0.0,0.0,False,어 그럼 혹시 어디를 기입을 안 해주신 걸까요,어 그럼 혹시 어디를 기입을 안 해주신 걸까요,어 그럼 혹시 어디를 기입을 안 해주신 걸까요
AIHub_LowQualityPhoneVoice_valid__06083,26.31578947368421,26.31578947368421,0.0,False,아니요 이거는 과목 특성상 그런 게,아니 이거는 과목 특성상 그런 게 아니라,아니 이거는 과목 특성상 그런 게 아니라
AIHub_LowQualityPhoneVoice_valid__06089,15.873015873015872,0.0,-15.873015873015872,False,임의로 작성을 해주셔도 되세요 저희가 그래도 뭐 따로 문제 되는 거는 없으셔서 저희가 임의대로 작성해주셔도 되세요,이미로 작성을 해주셔도 되시구요 저희가 그래도 뭐 따로 문제 되는 거는 없으셔서 저희가 이마대로 저정해주셔도 되시구요,임의로 작성을 해주셔도 되세요 저희가 그래도 뭐 따로 문제 되는 거는 없으셔서 저희가 임의대로 작성해주셔도 되세요
AIHub_LowQualityPhoneVoice_valid__06091,22.321428571428573,1.7857142857142856,-20.53571428571429,False,네 네 그냥 그렇게 진행해주시면 되시고 뭐 따로 석차 등급이 아닌 뭐 우수 보통 미흡 또는 뭐 에이 비 씨로 기재된 과목은 그냥 석차 등급 란에 뭐 우수 보통 미협이나 에이 비 씨로 입력해주시면 되세요,네 그냥 그렇게 진행해주시면 되시고 뭐 따로 석화장급이 아닌 뭐 우습보통미흡 또는 뭐 에이비씨로 귀재된 과목은 그냥 석차장급난에 뭐 우습보통미흡이나 에이비씨로 임격해주시면 되시오,네 네 그냥 그렇게 진행해주시면 되시고 뭐 따로 석차 등급이 아닌 뭐 우수 보통 미흡 또는 뭐 에이 비 씨로 기재된 과목은 그냥 석차 등급란에 뭐 우수 보통 미흡이나 에이 비 씨로 입력해주시면 되세요
AIHub_LowQualityPhoneVoice_valid__06095,13.559322033898304,15.254237288135593,1.694915254237289,False,네 엑셀 파일이 있는데요 요거를 여기 등록할려고 하면 뭐가 자꾸 뭐 규격이 안 맞다 그러면서 등록이 안돼요,예 에스엑파일이 있는데요 요거를 여기 등록할려고 하면 뭐가 자꾸 뭐 글각이 안 맞다고 그러면서 등록이 안 돼요,예 에스엘 파일이 있는데요 요거를 여기 등록하려고 하면 뭐가 자꾸 뭐 긁어게 안 맞다고 그러면서 등록이 안돼요
AIHub_LowQualityPhoneVoice_valid__06103,11.76470588235294,0.0,-11.76470588235294,False,그 저기 업로드를 할려 그러면은,저기 업로드를 할려 그러면은,그 저기 업로드를 할려 그러면은
AIHub_LowQualityPhoneVoice_valid__06107,2.5,0.0,-2.5,False,어 여기서 그러면 선생님한테 받으신 파일 그대로 업로드 하시 하시는 거죠,아 여기서 그러면 선생님한테 받으신 파일 그대로 업로드 하시 하시는 거죠,어 여기서 그러면 선생님한테 받으신 파일 그대로 업로드 하시 하시는 거죠
AIHub_LowQualityPhoneVoice_valid__06132,26.666666666666668,26.666666666666668,0.0,False,예 예 그래서 안되는 건지 어떤 건지 등록을 못해가지고,예 예 그러 그래서 안 되는 건 어떤 건지 좀 등록을 못 해가지고,예 예 그럼 그래서 안 되는 건지 어떤 건지 지금 등록을 못 해가지고
AIHub_LowQualityPhoneVoice_valid__06157,0.0,0.0,0.0,False,네 할려고 하니까 안돼요,네 할려고 하니까 안돼요,네 할려고 하니까 안돼요
AIHub_LowQualityPhoneVoice_valid__06179,30.303030303030305,12.121212121212121,-18.181818181818183,False,적어주신 다음에 다운로드 해주시는 게 가장 좋으실 것 같아요,버거지 신담배 다운로드 해주시는 게 가장 소홀실 거 같아요,버거지신 다음에 다운로드해주시는 게 가장 좋으실 것 같아요
AIHub_LowQualityPhoneVoice_valid__06180,20.0,0.0,-20.0,False,어 일단 알겠습니다,어 이따 알겠습니다,어 일단 알겠습니다
AIHub_LowQualityPhoneVoice_valid__06192,33.33333333333333,16.666666666666664,-16.666666666666664,False,아 입시 정보 한 번 눌러주실래요,네 시형도 한번 눌러주실래요,네 입시정보 한번 눌러주실래요
AIHub_LowQualityPhoneVoice_valid__06193,21.052631578947366,0.0,-21.052631578947366,False,이제 왼쪽에 입시 정보라고 나오시죠,이제 왼쪽에 이 수정부라고 나오시죠,이제 왼쪽에 입시 정보라고 나오시죠
AIHub_LowQualityPhoneVoice_valid__06208,16.0,4.0,-12.0,False,네 그럼 지금 전화주신 번호로 연락을 드릴까요,네 그럼 지금 전화 주신 모던 연락을 드릴까요,네 그럼 지금 전화 주신 번호로 연락을 드릴까요
AIHub_LowQualityPhoneVoice_valid__06244,7.6923076923076925,3.8461538461538463,-3.8461538461538463,False,네 그 했는데 흠 이게 제대로 된 건지 어떻게 확인하는지 몰라서 확인 좀 해달라고 연락드렸어요,네 그 했는데 이게 제대로 된 건지 어떻게 확인하는지 몰라도 확인 좀 해달라고 연락드렸어,네 그 했는데 이게 제대로 된 건지 어떻게 확인하는지 몰라서 확인 좀 해달라고 연락드렸어요
AIHub_LowQualityPhoneVoice_valid__06249,25.0,0.0,-25.0,False,여보세요 회원님,여보세요 호연님,여보세요 회원님
AIHub_LowQualityPhoneVoice_valid__06262,0.0,0.0,0.0,False,네 여보세요,네 여보세요,네 여보세요
AIHub_LowQualityPhoneVoice_valid__06270,21.21212121212121,9.090909090909092,-12.12121212121212,False,그 일단 상품이 환급이 되는 건지 확인 좀 해주실 순 없나요,뭐 일단 상품이 황금이 되는 건지 하길듯 해주실 순 없나요,그럼 일단 상품이 환급이 되는 건지 확인 좀 해주실 수는 없나요
AIHub_LowQualityPhoneVoice_valid__06280,34.0,24.0,-10.0,False,지금 고 삼이랑 엔 수생 분들 환급하기 위해서 뭐 성 모의고사 성적 삼 년꺼 입력 해주세요,지금 고 삼이랑 에이씨앤분들 생각하기 위해서 뭐 선 모의고사 선거 선명도 연합해주세요,지금 고 삼이랑 엔 수생분들 환급하기 위해서 모의고사 성적 성적 이렇게 해주세요
AIHub_LowQualityPhoneVoice_valid__06288,0.0,0.0,0.0,False,이용할 수 있는 거네요,이용할 수 있는 거네요,이용할 수 있는 거네요
AIHub_LowQualityPhoneVoice_valid__06298,46.15384615384615,10.256410256410255,-35.8974358974359,False,일단 중반기 정도 예정이시기 때문에 계절은 조금 확답드리긴 좀 어렵고요,일단 중반제 정도 예정일 수 있기 때문에 계절은 쪼금 머 지금 합격들이 쫌 어렵구요,일단 중반기 정도 예정이시기 때문에 계절은 조금 지금 확답드리기 좀 어렵고요
AIHub_LowQualityPhoneVoice_valid__06308,14.545454545454545,0.0,-14.545454545454545,False,아 네 일단 그러시면 저희가 정확한 안내를 위해서 실례지만 학생 회원님 아이디 말씀 부탁드리겠습니다,아 네 일단 그러시면 저희가 정확한 안내를 위해서 실례지만 학생회의 언니 마이 d 말씀 부탁드리겠습니다,아 네 일단 그러시면 저희가 정확한 안내를 위해서 실례지만 학생 회원님 아이디 말씀 부탁드리겠습니다
AIHub_LowQualityPhoneVoice_valid__06311,19.565217391304348,6.521739130434782,-13.043478260869566,False,아 네 일단은 회원님께서 지금 이용 중인 서비스가 혹시 수시 지원전략 서비스이실까요,아 왜 일단은 회원님께서 지금 이용 중인 서비스가 혹시 수색 지원 정리학 서비스 있을까요,아 네 일단은 회원님께서 지금 이용 중인 서비스가 혹시 수시 지원 정량 서비스이실까요
AIHub_LowQualityPhoneVoice_valid__06313,46.15384615384615,15.384615384615385,-30.769230769230766,False,수시 지원 전략 서비스요,소시 지원경략 써주세요,수시 지원 정량 서비스요
AIHub_LowQualityPhoneVoice_valid__06324,13.636363636363635,9.090909090909092,-4.545454545454543,False,학생부 성적 파일 업로드 부탁드립니다 요,학생부 성적 가일 업로드 부탁드립니다,학생부 성적 파일 업로드 부탁드립니다
AIHub_LowQualityPhoneVoice_valid__06364,21.428571428571427,14.285714285714285,-7.142857142857142,False,많이 바꼈어요 네 올해부터,많이 변했어요 예 올해부터,많이 바뀌었어요 네 올해부터
AIHub_LowQualityPhoneVoice_valid__06374,37.5,25.0,-12.5,False,예 마이 경로를 안내해드릴게요,에 마이 제가 경로를 안 내드릴게요,네 마이 제가 경로를 안내해드릴게요
AIHub_LowQualityPhoneVoice_valid__06376,21.428571428571427,7.142857142857142,-14.285714285714285,False,컴퓨터로 보고계시죠 피씨로,컴퓨터로 보기 시작 피씨로,컴퓨터로 보고 계시죠 피씨로
AIHub_LowQualityPhoneVoice_valid__06379,23.52941176470588,0.0,-23.52941176470588,False,잠시만요 죄송합니다 마이페이지에,잠시만요 죄송합니다 마이,잠시만요 죄송합니다 마이페이지에
AIHub_LowQualityPhoneVoice_valid__06380,10.0,20.0,10.0,False,예 성적 스펙 관리,예상 성적 스펙 관리,에서 성적 스펙 관리
AIHub_LowQualityPhoneVoice_valid__06399,11.627906976744185,9.30232558139535,-2.325581395348836,False,저희가 삼 월 달 삼 월 이 일까지 신청 기한 삼 월 일 일까지 신청 기한이였,우리가 삼 월 달 삼 월 이 일까지 신청 기한 삼 일 일까지 신청 기한이야,저희가 삼 월달 삼 월 이 일까지 신청 기한 삼 월 일 일까지 신청 기한이 안돼
AIHub_LowQualityPhoneVoice_valid__06402,6.25,0.0,-6.25,False,네 다른 혜택은 따로 없으세요,네 서른 혜택은 따로 없으세요,네 다른 혜택은 따로 없으세요
AIHub_LowQualityPhoneVoice_valid__06403,2.7777777777777777,5.555555555555555,2.7777777777777777,False,음 이번에도 환급 서비스가 있나요 그러면 그거는 어떻게 해야 되죠,음 이번에도 황급 서비스가 있나요 그러면 그거는 어떻게 해야 되죠,음 이번에도 환급 서비스가 있나요 그러면 그건 어떻게 해야 되죠
AIHub_LowQualityPhoneVoice_valid__06404,15.09433962264151,2.8301886792452833,-12.264150943396226,False,환급 조건을 충족을 하시고요 추후 서류 제출 기한 내 서류를 제출을 해주시면 신청이 되시는데요 저희가 정확한 자세한 안내 사항은 쪽지로 보내드려도 괜찮으실까요 네 아이디 한 번 말씀해 주세요,그니까 조건을 총족을 하시구요 추 서류 제출 기한 내 서류를 제출을 해주시면 신청이 되시는데요 저희가 정확한 자세한 안내 상황은 쪽지로 보내드려도 괜찮으실까요 아예 한번 말씀해주시,환급 조건을 충족을 하시고요 추후 서류 제출 기한 내 서류를 제출을 해주시면 신청이 되시는데요 저희가 정확한 자세한 안내사항은 쪽지로 보내드려도 괜찮으실까요 네 아이디 한번 말씀해주세요
AIHub_LowQualityPhoneVoice_valid__06421,2.564102564102564,5.128205128205128,2.564102564102564,False,그런데 그 학교는 그 대안학교를 다니고 있어요 그런데 오 월 오 월 달,그런데 그 학교는 그 대한학교를 다니고 있어요 그런데 오 월 오 월 달,그런데 그 학교는 그 대한학교를 다니고 있어요 그런데 오 월 오 월달
AIHub_LowQualityPhoneVoice_valid__06422,5.970149253731343,0.7462686567164178,-5.223880597014925,False,오 월 달에 한 십 일 정도 집에 오고 그다음에 방학 기간에 사용할 수 있거든요 만약에 인강을 신청한다면 근데 이 아이가 전화를 해서는 수학 하 있잖아요 고등학교 네 그 수업을 그 신청을 좀 해놓으라고 하던데 제가 이 시스템을 잘 몰라가지고,오 월 달에 한 십 일 정도 집에 오고 그다음에 당 학기간에 사용할 수 있거든요 만약에 인강을 신청한다면 근데 이 아이가 전화를 해서는 휴학하 있잖아요 고등학교 에 그 수업을 그 신청을 좀 해노라고 하던데 제가 이 시스템을 잘 몰라가지고,오 월달에 한 십 일 정도 집에 오고 그다음에 방학 기간에 사용할 수 있거든요 만약에 인강을 신청한다면 근데 이 아이가 전화를 해서는 수학 하 있잖아요 고등학교 네 그 수업을 그 신청을 좀 해놓으라고 하던데 제가 이 시스템을 잘 몰라가지고
AIHub_LowQualityPhoneVoice_valid__06426,12.857142857142856,7.857142857142857,-4.999999999999999,False,하실 거죠 그러면은 상은 말고 하만 하시는 건가요 어 그러면은 시발점 강좌 같은 경우는 딱 하가 강좌 비용은 구만 삼천 원이고요 교재는 주 교재는 이만 원 그다음 부교재 문제 풀이 형식으로 되어 있는 건 만 이천 원 해서 수강 기간은 팔십 칠 일입니다,하실 거죠 그러면은 항은 말고 함안하시는 건가요 어 그러면은 시발전 강좌 같은 경우는 막 하가 강좌비용 구만 삼천 원이구요 교재는 주교재는 이만 원 그냥 부교재 문제풀이용식으로 되어 있는 건 만 이천 원 그래서 수강기간은 팔십 칠 일입니다,하실 거죠 그러면은 상은 말고 하만 하시는 건가요 아 그러면은 시발점 강좌 같은 경우는 수학 하가 강좌 비용은 구만 삼천 원이고요 교재는 주교재는 이만 원 그냥 부교재 문제풀이 형식으로 되어있는 건 만 이천 원 그래서 수강기간은 팔십 칠 일입니다
AIHub_LowQualityPhoneVoice_valid__06435,0.0,0.0,0.0,False,아 그러면은 하고 한 뭐 이 삼 일 후에 아 바로 되기 때문에 그러군요 그,아 그러면은 하고 한 뭐 이 삼 일 후에 아 바로 되기 때문에 그러군요 그,아 그러면은 하고 한 뭐 이 삼 일 후에 아 바로 되기 때문에 그러군요 그
AIHub_LowQualityPhoneVoice_valid__06439,5.454545454545454,1.8181818181818181,-3.636363636363636,False,네 안녕하세요 저 여쭤볼 게 있는데요 요거 학원인데 교재 채택하는 추가 제공 자료가 있다고 여보세요,네 안녕하세요 저 여쭤볼 수 있는데요 요고 학원인데 교재 채택하면 추가 제공 자료가 있다고 여보세요,네 안녕하세요 저 여쭤볼 게 있는데요 요거 학원인데 교재 채택하면 추가 제공 자료가 있다고 여보세요
AIHub_LowQualityPhoneVoice_valid__06440,3.4482758620689653,3.4482758620689653,0.0,False,어 문제 출제용 프로그램 요걸 원하시거든요 선생님께서,어 문제 출제용 프로그램 요걸 원하시거든 선생님께서,어 문제 출제용 프로그램 요걸 원하시거든 선생님께서
AIHub_LowQualityPhoneVoice_valid__06467,1.9230769230769231,0.0,-1.9230769230769231,False,그러고 나서는 끝나고 나서는 삼십 일 이내에 한 번 되고요 그때 이제 최대 열흘까지 가능하세요,그러고 나서는 끝나고 나서는 삼십 일 이내에 한 번 되구요 그때 이제 최대 열흘까지 가능하세요,그러고 나서는 끝나고 나서는 삼십 일 이내에 한 번 되고요 그때 이제 최대 열흘까지 가능하세요
AIHub_LowQualityPhoneVoice_valid__06471,24.561403508771928,15.789473684210526,-8.771929824561402,False,네 지금 그런 지금 수강 중에는 저희가 어떻게 해드릴 수가 없고요 이제 유료 그래서 이제 유료 연장이나,네 지금 그런 지금 수단 중에는 저희가 뭐 어떻게 해드릴 수가 없구요 이제 뭐 유료에 앉 그래서 이제 유료에 앉은,네 지금 그런 지금 수강 중에는 저희가 뭐 어떻게 해드릴 수가 없고요 이제 뭐 유료 연장 그래서 이제 유료 연장인
AIHub_LowQualityPhoneVoice_valid__06486,28.78787878787879,21.21212121212121,-7.575757575757578,False,오늘 일 주일 만약에 시간 연기를 신청하면 하루에 오백 원 신청을 하면 원래는 이번 주 수요일까지입니까 목요일까지입니까,오늘 일주일 많이 시간에 연기를 신청하면 가끔 옷들도 신청을 하면 원래는 여보도 시월까지입니까 목요일까지입니까,오늘 일주일 만에 연기를 신청하면 하루에 신청을 하면 원래는 요거주 수요일까지니까 목요일까지입니까
AIHub_LowQualityPhoneVoice_valid__06494,18.333333333333332,5.0,-13.333333333333332,False,그 방법은 별로 좋은 게 아니에요 내 입장에서는 왜냐면 어차피 저걸 이틀 해봐야 그게 목요일까지라 그랬잖아요,두방부는 별로 좋은 게 아니에요 우리 회장에서는 왜냐 어차피 지금 이틀 내봐야 그게 목요일까지라 그랬잖아요,그 방법은 별로 좋은 게 아니에요 내 입장에서는 왜냐 어차피 지금 이틀 해봐야 그게 목요일까지라 그랬잖아요
AIHub_LowQualityPhoneVoice_valid__06507,18.333333333333332,5.0,-13.333333333333332,False,지금 말씀해 주신 아이디랑 그다음에 휴대전화 번호랑 생년월일 다시 한 번 입력하시고 한 번만 더 해보시겠어요,지금 말씀해 주신 아이디랑 담에 휴대전화 번호랑 생년월일 사십 번 입력하시고 한 번만 더 해보시게 된다,지금 말씀해주신 아이디랑 그 다음에 휴대전화 번호랑 생년월일 다시 한번 입력하시고 한 번만 더 해보시겠어요
AIHub_LowQualityPhoneVoice_valid__06527,14.285714285714285,0.0,-14.285714285714285,False,교재가 찢어진 게 일부가 찢어진 건가요 전체적으로 다 찢어져 있는 건가요 교재가 일부가 조금 찢어져 있는 거예요 아니면 전체적으로 많은 페이지가 찢어져 있는 거예요,그제가 찢어지는 게 일부가 찢어진 건가 봐 전체적으로 다 찢어지져 있는 건가요 그제가 일부가 쪼끔 찢어져 있는 거예요 아는 전체적으로 많은 페이지가 찢어져 있는 거예요,교재가 찢어진 게 일부가 찢어진 건가요 전체적으로 다 찢어져 있는 건가요 교재가 일부가 조금 찢어져 있는 거예요 아니면 전체적으로 많은 페이지가 찢어져 있는 거예요
AIHub_LowQualityPhoneVoice_valid__06545,10.204081632653061,2.0408163265306123,-8.16326530612245,False,아 당장은 아니고요 저희 사이트에서는 이제 한 두 시간 정도 후에 이제 취소 하실 거예요,아 당장은 아니고요 저희 사이트에서는 이제 한서 시간 정도 후에 이제 취소하기만 하실 거예요,아 당장은 아니고요 저희 사이트에서는 이제 한 두 시간 정도 후에 이제 취소하실 거예요
AIHub_LowQualityPhoneVoice_valid__06551,9.859154929577464,1.4084507042253522,-8.450704225352112,False,그 부분은 저희가 별도로 모의고사를 지금 진행하고 있는 거는 확인이 안 되세요 그거는 아마 저희 모의고사 온라인 사이트는 아니고,이 부분은 저희가 실제로 모의고사 진행하고 있는 거는 확인이 안 되세요 그거는 아마 저희 모의고사 온라인 사이트는 아니고,그 부분은 저희가 별도로 모의고사 지금 진행하고 있는 거는 확인이 안 되세요 그거는 아마 저희 모의고사 온라인 사이트는 아니고
AIHub_LowQualityPhoneVoice_valid__06556,13.978494623655912,10.75268817204301,-3.225806451612902,False,기다려 주셔서 감사합니다 그 저희가 따로 뭐 본 점이나 그런 건 없고 그 지역에 있는 학원 죄송하지만 그 사이트 같은 거 확인하셔가지고 직접 확인해주셔야 될 것 같아요,기다려서 안 감사합니다 그 저희가 따로 뭐 본점이나 그런 건 없고 대역에 있는 학원 죄송하지만 그 사이트 같은 거 확인하셔가지고 직접 하기 해주셔야 될 거 같애요,네 기다려서 감사합니다 그 저희가 따로 뭐 본점이나 그런 건 없고 지역에 있는 학원 죄송하지만 그 사이트 같은 거 확인하셔 가지고 직접 확인해주셔야 될 것 같애요
AIHub_LowQualityPhoneVoice_valid__06557,11.11111111111111,11.11111111111111,0.0,False,네 안녕하세요 그 지금 그 아이디 찾으려고 하는데,네 안녕하세요 그 지금 이거 아이디 찾을려고 하는데,네 안녕하세요 그 지금 이거 아이디 찾을려고 하는데
AIHub_LowQualityPhoneVoice_valid__06571,9.859154929577464,7.042253521126761,-2.816901408450703,False,만약에 회원님께서 이제 다섯 시 전에 메일을 이제 발송해 주시면은 저희가 메일 확인하고 자동으로 변경을 해 드릴 거예요 만약에 다섯 시 후에 만약에 보내시게 되시면은 저희 쪽으로 한 번 메일 관련해서 저 연락을 주셔야지 그때 저희가 변경을 해드릴 수 있을,만약에 회장님께서 이제 다섯 시 전에 메일 메일을 발송해주시면은 저희가 메일 확인하고 자동으로 변경을 해 드릴 거예요 만약에 다섯 시 후에 보내시게 되시면은 저희 쪽으로 한번 메일 관련해서 저 연락을 주셔야지 그때 저희가 변경을 해 드릴 수 있어요,만약에 회원님께서 이제 다섯 시 전에 메일 메일을 이제 발송해주시면은 저희가 메일 확인하고 자동으로 변경을 해드릴 거예요 만약에 다섯 시 이후에 만약에 보내시게 되시면은 저희 쪽으로 한번 메일 관련해서 저 연락을 주셔야지 그때 저희가 변경을 해드릴 수
AIHub_LowQualityPhoneVoice_valid__06579,0.0,0.0,0.0,False,어떻게 해놨어요,어떻게 해놨어요,어떻게 해놨어요
AIHub_LowQualityPhoneVoice_valid__06602,16.666666666666664,8.333333333333332,-8.333333333333332,False,아니요 아이디랑 연락처,아니 아이디랑 연락,아니 아이디랑 연락처
AIHub_LowQualityPhoneVoice_valid__06612,3.4090909090909087,4.545454545454546,1.1363636363636371,False,아 그러면 두 과목만 들어도 사실 따로 끊는 거보다 그 과목은 그냥 교재를 따로 사서 듣고 네 네 아 알겠습니다 그러면 그죠 어 뭐 오늘 내일로 그 정해가지고,아 그러면 두 과목만 들어도 사실 따로 끊는 거보다 그 과목은 그냥 교재도 따로 사서 듣고 네 네 아 알겠습니다 그러면 일단 어 뭐 오늘 내일로 그 정해가지고,아 그러면 두 과목만 들어도 사실 따로 끊는 거보다 그 과목은 그냥 교재도 따로 사서 듣고 네 네 아 알겠습니다 그러면 어 뭐 오늘 내일로 그 정해가지고
AIHub_LowQualityPhoneVoice_valid__06633,28.57142857142857,0.0,-28.57142857142857,False,그러면 총 얼마 환불이 되는 거예요 예,그럼 총 얼마 정도 되는 거에요 예,그러면 총 얼마 환불이 되는 거예요 예
AIHub_LowQualityPhoneVoice_valid__06666,0.0,0.0,0.0,False,네 거기에 안전이라는 항목 보이세요,네 거기에 안전이라는 항목 보이세요,네 거기에 안전이라는 항목 보이세요
AIHub_LowQualityPhoneVoice_valid__06676,17.24137931034483,10.344827586206897,-6.896551724137932,False,그렇게 해서 추가 다 끝나셨으면 닫기 누르시면 되고요,그렇게 해서 추가 다 끝나셨으면 받긴 의시면 되구요,그렇게 해서 추가 다 끝나셨으면 답지 누르시면 되구요
AIHub_LowQualityPhoneVoice_valid__06702,25.0,8.333333333333332,-16.666666666666668,False,그럼 새로 고침 되셨죠,넌 새로 고침 되셨자,그럼 새로고침 되셨죠
AIHub_LowQualityPhoneVoice_valid__06709,0.0,0.0,0.0,False,네 감사합니다,네 감사합니다,네 감사합니다
AIHub_LowQualityPhoneVoice_valid__06712,5.714285714285714,2.857142857142857,-2.857142857142857,False,예 그러면 종료일이 지나면은 이걸 수강을 못 듣는 건가요 수업을,예 그러면 종료일이 지나면은 이걸 수강하면 못 듣는 건가요 수업을,예 그러면 종료일이 지나면은 이거 수강을 못 듣는 건가요 수업을
AIHub_LowQualityPhoneVoice_valid__06716,0.0,0.0,0.0,False,어 이 수강이 한 게 있는데,어 이 수강이 한 게 있는데,어 이 수강이 한 게 있는데
AIHub_LowQualityPhoneVoice_valid__06728,26.666666666666668,13.333333333333334,-13.333333333333334,False,근까 그냥 네이버로 들어가서,그니까 그냥 네이월으로 들어가서,그니까 그냥 네이버로 들어가서
AIHub_LowQualityPhoneVoice_valid__06745,100.0,100.0,0.0,False,아 그러신 거예요,아 여신 거예요 네 해주세요,아 그러신 거예요 네 말씀해주세요
AIHub_LowQualityPhoneVoice_valid__06750,0.0,0.0,0.0,False,네 눌렀어요,네 눌렀어요,네 눌렀어요
AIHub_LowQualityPhoneVoice_valid__06756,25.0,25.0,0.0,False,밑으로 쭉 내려오시면요,그래도 쭉 내려오시면요,수도 쭉 내려오시면요
AIHub_LowQualityPhoneVoice_valid__06764,10.526315789473683,0.0,-10.526315789473683,False,회원님 아이디랑 성함 어떻게 되세요,시장님 아이디랑 성함 어떻게 되세요,회원님 아이디랑 성함 어떻게 되세요
AIHub_LowQualityPhoneVoice_valid__06769,8.333333333333332,0.0,-8.333333333333332,False,그러면 그냥 이 금액을,그러면 그냥 이 금액은,그러면 그냥 이 금액을
AIHub_LowQualityPhoneVoice_valid__06809,14.285714285714285,7.142857142857142,-7.142857142857142,False,이걸 잠시 쫌 연장을 연장이가 연장이라든지 아니면은,이걸 잠시 좀 연장을 연장이라 연장이라든지 아니며는,이걸 잠시 좀 연장을 연장이라 연장이라든지 아니면은
AIHub_LowQualityPhoneVoice_valid__06810,47.82608695652174,17.391304347826086,-30.434782608695656,False,잠시 멈출 수 있어요 저 정지할 수 있어요,남심 엄청 있어 있어 연기할 수 있어요,잠시만요 켜 있어요 저 정지할 수 있어요
AIHub_LowQualityPhoneVoice_valid__06811,25.423728813559322,6.779661016949152,-18.64406779661017,False,네 광자 연장이나 아니다 바로 확인 도와드릴 건데요 가입하신 아이디나 휴대폰 번호 확인한 말씀 부탁드릴게요,네 관장영장이나 아니다 바로 확인 도와드릴 건데요 아이팟이나 아이씨폰 번호 확인한 말씀을 부탁드릴게요,네 광장 영상이나 아니다 바로 확인 도와드릴 건데요 가입하신 아이디나 휴대폰 번호 확인 한 말씀 부탁드릴게요
AIHub_LowQualityPhoneVoice_valid__06822,30.0,10.0,-20.0,False,오 월 십 칠 일요,오 원 십 칠이요,오 월 십 칠 일이요
AIHub_LowQualityPhoneVoice_valid__06825,50.0,0.0,-50.0,False,오 월 칠 일부터요,오 월 십 이 주터야,오 월 칠 일부터요
AIHub_LowQualityPhoneVoice_valid__06843,0.0,0.0,0.0,False,아 네 감사합니다,아 네 감사합니다,아 네 감사합니다
AIHub_LowQualityPhoneVoice_valid__06892,39.130434782608695,13.043478260869565,-26.086956521739133,False,아쉽게도 그렇게는 좀 변경은 따로는 어려운,아쉽게도 그렇게 했는진 반경은 따로는,아쉽게도 그렇게는 좀 변경은 따로는 어려우세요
AIHub_LowQualityPhoneVoice_valid__06896,10.869565217391305,10.869565217391305,0.0,False,네 고려대 안암 캠퍼스가 그냥 고려대인 건가요 아니면 또 캠퍼스가 따로 있는 건가요,네 고려대 아마오 캠퍼스가 그냥 고려댄 건가요 아니면 또 캠퍼스가 따로 있는 건가요,네 고려대 아마온 캠퍼스가 그냥 고려된 건가요 아니면 또 캠퍼스가 따로 있는 건가요
AIHub_LowQualityPhoneVoice_valid__06908,27.27272727272727,9.090909090909092,-18.18181818181818,False,아 근데 그거는 환불이 따로 안 되시고요,아 근데 그거는 홈플로 안 되시구요,아 근데 그거는 환불 따로 안되시고요
AIHub_LowQualityPhoneVoice_valid__06914,34.78260869565217,17.391304347826086,-17.391304347826086,False,네 문제집 하고 고것만 있었어요 그 담요만,네 문제집하고 고구마 해주세요 그 담요 맛,네 문제집하고 고것만 해주세요 그 담요만
AIHub_LowQualityPhoneVoice_valid__06939,40.0,0.0,-40.0,False,네 그럼 계좌번호는,이까 계좌번호는,네 그럼 계좌번호는
AIHub_LowQualityPhoneVoice_valid__06942,28.57142857142857,0.0,-28.57142857142857,False,네 알겠습니다,알겠습니다,네 알겠습니다
AIHub_LowQualityPhoneVoice_valid__06951,2.7777777777777777,2.7777777777777777,0.0,False,네 확인 감사합니다 저희 미성년자의 경우에는 저희가 요거는 이제 현 현금 환불로 도와드릴 건데 저 미성년자의 경우에는 부모님 동의가 필요하신 부분이라서 혹시 지금 부모님 같이 계시고 계신 걸까요,네 확인 감사합니다 저희 미성년자의 경우에는 저희가 요거는 이제 현관 환불로 도와드릴 건데 저 미성년자의 경우에는 부모님 동의가 필요하신 부분이라서 혹시 지금 부모님 같이 계시고 계신 걸까요,네 확인 감사합니다 저희 미성년자의 경우에는 저희가 요거는 이제 현금 환불로 도와드릴 건데 저희 미성년자의 경우에는 부모님 동의가 필요하신 부분이라서 혹시 지금 부모님 같이 계시고 계신 걸까요
AIHub_LowQualityPhoneVoice_valid__06955,43.75,12.5,-31.25,False,어 지금은 쫌 힘들 거 같은데,어 지금은 좀 이제 거,어 지금은 좀 힘들 것 같은데
AIHub_LowQualityPhoneVoice_valid__06963,22.950819672131146,3.278688524590164,-19.67213114754098,False,저 그 학과 계열 선정 검사를 어제 구매했는데요 그게 그 검사를 할려는데 아예 클릭은 되는데 화면이 안 떠서요,어 그 학과 계열 선정검사를 어제 기냈는데요 그때 그 검사할려는데 아 클립은 다녔는데 화나니 안 떠서요,어 그 학과 계열 선정 검사를 어제 구매했는데요 그 그 검사를 할려는데 아예 클릭은 되는데 화면이 안 떠서요
AIHub_LowQualityPhoneVoice_valid__06968,15.384615384615385,15.384615384615385,0.0,False,아 하양색 화면에 나가요 그리고 자꾸 나가졌어요,아 하얀색 하얀색 나가요 그리고 자꾸 나가졌어요,아 하얀색 화면은 나가요 그리고 자꾸 나가지었어요
AIHub_LowQualityPhoneVoice_valid__06977,66.66666666666666,16.666666666666664,-49.99999999999999,False,어 잠시만요,어 잠실입니다,아 잠시만요
AIHub_LowQualityPhoneVoice_valid__06985,100.0,12.698412698412698,-87.3015873015873,False,회원님 잘 안 들리세요 저희가 일시 정지는 최대 이십일까지 가능 고요 이미 사라졌으면 일시정지는 사용이 어려우세요,예,회원님 잘 안 들리세요 저희가 일시정지는 최대 이십 일까지 가능하구요 이미 설 하셨으면 일시정지는 사용이 어려우세요
AIHub_LowQualityPhoneVoice_valid__06991,37.5,0.0,-37.5,False,예 전화 계속 끊기네 여보세요,예 전화 기숙금 끼니 여보세요,예 전화 계속 끊기네 여보세요
AIHub_LowQualityPhoneVoice_valid__06997,33.33333333333333,19.047619047619047,-14.285714285714281,False,드립니다 네 이용 중이신 게 있으신가요,네 이용생이신 게 있으신가요,감사드립니다 혹시 이용 중이신 게 있으신가요
AIHub_LowQualityPhoneVoice_valid__07000,12.82051282051282,23.076923076923077,10.256410256410257,False,에 들었던 것 같애요 예 해제는 됐고 피씨를 하니까 안 된다고 하거든요,네 틀었던 거 같애요 네 세제는 됐고 피씨를 하니까 안 된다고 하거든요,네 틀렸던 것 같아요 네 패드는 됐고 피씨로 하니까 안된다고 하거든요
AIHub_LowQualityPhoneVoice_valid__07011,37.83783783783784,10.81081081081081,-27.027027027027028,False,회원님께서 중고등 결합 상품을 이용 중이신 게 맞으시면 그 이용하신,사장님께서 중고등 결합상품을 이용 중이신 게 맞으시면 이용하실 수 있겠습니다,회원님께서 중고등 결합상품을 이용 중이신 게 맞으시면 이용하실
AIHub_LowQualityPhoneVoice_valid__07015,0.0,0.0,0.0,False,그럼 찾을려고 할려면 어떤 걸 알려드려야 되나요 찾아야 되잖아요,그럼 찾을려고 할려면 어떤 걸 알려드려야 되나요 찾아야 되잖아요,그럼 찾을려고 할려면 어떤 걸 알려드려야 되나요 찾아야 되잖아요
AIHub_LowQualityPhoneVoice_valid__07033,0.0,0.0,0.0,False,그러면 찾아주셔야죠 뭘 해야 되죠,그러면 찾아주셔야죠 뭘 해야 되죠,그러면 찾아주셔야죠 뭘 해야 되죠
AIHub_LowQualityPhoneVoice_valid__07038,8.823529411764707,7.352941176470589,-1.4705882352941178,False,회원님께서는 그러시면 아이디를 한번 확인을 해보셔야 할 거 같고요 이 아이디에 중고등 결합 상품으로 이용 중이신 게 맞는지,근데 회원님께서는 그러시면 아이디를 한번 확인을 해보셔야 할 거 같구요 이 아이디에 중고장 결합상품으로 이용 중이신 게 맞는지,근데 회원님께서는 그러시면 아이디를 한번 확인을 해보셔야 할 것 같고요 이 아이디에 중고등 결합상품으로 이용 중이신 게 맞는지
AIHub_LowQualityPhoneVoice_valid__07053,2.3255813953488373,2.3255813953488373,0.0,False,삼천 오백 원 내면 일주일 연장할 수 있다고 그래서 고거 신청하려고 그러거든요,삼천 오백 원 내면 일주일 연장할 수 있다 그래서 고거 신청하려고 그러거든요,삼천 오백 원 내면 일주일 연장할 수 있다 그래서 고거 신청하려고 그러거든요
AIHub_LowQualityPhoneVoice_valid__07065,9.433962264150944,7.547169811320755,-1.8867924528301891,False,아 정지를 정지를 하게 아 예를 들어서 뭐 지금 중간고사 기간에 어차피 못 들으니까 정지를 하면,아 정제를 정제를 하게 아 예를 들어서 지금 중간고사 기간에 어차피 못 들으니까 정제를 하면,아 정지를 정지를 하게 아 예를 들어서 지금 중간고사 기간이라 어차피 못 들으니까 정지를 하면
AIHub_LowQualityPhoneVoice_valid__07070,36.36363636363637,0.0,-36.36363636363637,False,아 잠깐만 에 에 에,아 잠깐 아 아 아,아 잠깐만 에 에 에
AIHub_LowQualityPhoneVoice_valid__07080,23.952095808383234,10.179640718562874,-13.77245508982036,False,만약에 클릭하시면 그냥 수강 연장 신청 삼 회 가능이라고 써 있고 일시 정지 이십 일 가능이라고 쓰여 있어요 지금 현재 수강 종료까지 십 일 남으셨는데 중간고사 기간이면 일시 정지 이십 일 하셔도 되고 예를 들면 뭐 이 이 일씩 열 번 하셔도 되고요 네 뭐 십 일씩 두 번 하셔도 되고요 이런 식으로,아니요 클릭하시면 그냥 수학연정 신청 삼 회 가능이라고 써있고 이 시정지 이십 일 가능이라고 써야겠어요 그럼 현재 수강 두 명까지 십 일 남으셨는데 수강 두 명씩 아니면 이 시정지 이십 일 하셔도 되고 예를 들면 이 시 열 번 하셔도 되구요 네 뭐 십 일씩 두 번 하셔도 되구요 그런 식으로,강좌 클릭하시면 그냥 수강연장 신청 삼 회 가능이라고 써있고 이 시 정지 이십 일 가능이라고 써있어요 지금 현재 수강 종료까지 십 일 남으셨는데 중간고사 기간이면 이 시 정지 이십 일 하셔도 되고 예를 들면 이 일씩 열 번 하셔도 되고요 네 뭐 십 일씩 두 번 하셔도 되고요 그런 식으로
AIHub_LowQualityPhoneVoice_valid__07106,37.5,12.5,-25.0,False,아 그쵸 그쵸 근데 죄송한데 저기요 이게 제가 얼 머 얼마였죠 이 강의가,아 근데 죄송할 제가 지금 이게 제가 얼 얼마였죠 이 강의가,아 그쵸 그쵸 근데 죄송한데 죄송해요 이게 제가 얼마 얼마였죠 이 강의가
AIHub_LowQualityPhoneVoice_valid__07115,23.52941176470588,11.76470588235294,-11.76470588235294,False,노베 노베가 바로 위에 단계예요,노베 노베 에 바로 위에 단계야,노베 노베 바로 위에 단계요
AIHub_LowQualityPhoneVoice_valid__07126,33.33333333333333,4.761904761904762,-28.571428571428566,False,학생증이 몇 년 동안 남아 있다라는 게,펭귄 몇 년 동안 남아있다 나는 게,학생증이 몇 년 동안 남아있다라는 게
AIHub_LowQualityPhoneVoice_valid__07132,15.789473684210526,5.263157894736842,-10.526315789473685,False,네 그러면 저희가 확인 후에 이 연락처로 다시 연락을 드릴 수 있도록,네 그러면 저희가 하필 후에 연락처로 다시 연락을 드릴 수 있,네 그러면 저희가 확인 후에 이 연락처로 다시 연락을 드릴 수 있
AIHub_LowQualityPhoneVoice_valid__07136,28.57142857142857,14.285714285714285,-14.285714285714285,False,아 작년에 입학하신 거예요,작년에 입학하신 거,작년에 입학하신 거예요
AIHub_LowQualityPhoneVoice_valid__07163,8.536585365853659,9.75609756097561,1.2195121951219505,False,예예예 그럼 오 월 오 일부터는 근까 제가 십 사 일 동안 지금 정지를 시킨 거니까 오 월 오 일 날짜부터해서 십 사 일 동안은 들을 수 있는 거죠,예예예 그럼 오 월 오 일부터는 긍게 제가 인제 십 사 일 동안 지금 정기를 시킨 거니까 오 월 오 일 날짜부터 해서 십 사 일 동안은 들을 수 있는 거죠,예 예 그럼 오 월 오 일부터는 굉장히 제가 이제 십 사 일 동안 지금 정지를 시킨 거니까 오 월 오 일 날짜부터 해서 십 사 일 동안은 들을 수 있는 거죠
AIHub_LowQualityPhoneVoice_valid__07164,43.20987654320987,3.7037037037037033,-39.50617283950617,False,정보 확인 후에 좀 안내해드릴게요 그 회원분 휴대전화 번호 말씀해 주시겠어요 네 회원분 성함하고 생년월일 어떻게 되세요 잠시만 기다려 주시겠습니까,뭐 확인해주고 안녕히 계요 그 회원분 시대 전화 보내고 계시겠어요 이 회원분 성함하고 생명하실 왔습니다 님께 기다려 주시겠습니까,정보 확인 후에 좀 안내해드릴게요 그 회원님 휴대전화 번호 말씀해주시겠어요 네 회원분 성함하고 생년월일 어떻게 되세요 잠시만 기다려주시겠습니까
AIHub_LowQualityPhoneVoice_valid__07167,0.0,0.0,0.0,False,연장을 할려고 하는데 좀 연장은 언제부터 가능한 거예요,연장을 할려고 하는데 좀 연장은 언제부터 가능한 거예요,연장을 할려고 하는데 좀 연장은 언제부터 가능한 거예요
AIHub_LowQualityPhoneVoice_valid__07168,25.0,15.0,-10.0,False,연장은 그 수강 종료일 십 일 전부터,연장은 그 수강 종류의 십 일 더,연장은 그 수강 종료일 십 일 전부터 이제
AIHub_LowQualityPhoneVoice_valid__07189,2.5210084033613445,1.680672268907563,-0.8403361344537814,False,작년에 일찍 구매를 했는데 그 아이디가 근까 저번 달까지만 해도 환급 거기에 제가 들어가 있었는데 그 갑자기 데이터가 사라지면서 뭐 환급 대상이 아니라고 떠가지고 그래서 어떻게 해야 될지를 몰라서 연락을 드렸거든요,작년에 일찍 구매를 했는데 그 아이디가 그까 저번 달까지만 해도 환급 거기에 재해가 들어가 있었는데 그 갑자기 데이터가 사라지면서 뭐 환급 대상이 아니라고 떠가지고 그래서 어떻게 해야 될지를 몰라서 연락을 드렸거든요,작년에 일찍 구매를 했는데 그 아이디가 그까 저번 달까지만 해도 환급 거기에 제가 들어가 있었는데 그 갑자기 데이터가 사라지면서 뭐 환급대상이 아니라고 떠가지고 그래서 어떻게 해야 될지를 몰라서 연락을 드렸거든요
AIHub_LowQualityPhoneVoice_valid__07217,0.0,6.25,6.25,False,일 월 사 일부터로 돼 있는데,일 월 사 일부터로 돼 있는데,일 월 사 일부터로 돼있는데
AIHub_LowQualityPhoneVoice_valid__07229,47.05882352941176,17.647058823529413,-29.411764705882348,False,받으셨잖아요 여기 동일한 주소로,그러 바르셨잖아요 여기 용이란 주소로,들어 받으셨잖아요 여기 동일한 주소로
AIHub_LowQualityPhoneVoice_valid__07232,17.647058823529413,0.0,-17.647058823529413,False,아 지금 제가 전화드린 번호로요,아 지금 제가 전화되는 번호래요,아 지금 제가 전화드린 번호로요
AIHub_LowQualityPhoneVoice_valid__07237,10.714285714285714,14.285714285714285,3.571428571428571,False,네 근데 이제 아침에 보통 한 일곱 시 정도에 문자가 오시 오거든요 근까 그게 오실 때 내놓 내놔야지,네 근데 이제 아침에 보통 한 일곱 시 전틀에 문자가 오시 오거든요 까 그게 오실 때 내노 논해야지,네 근데 이제 아침에 보통은 일곱 시 정도에 문자가 오시 오거든요 그까 그게 오실 때 내놓면은 아직
AIHub_LowQualityPhoneVoice_valid__07239,8.88888888888889,0.0,-8.88888888888889,False,아 예 알겠습니다 그 아까 말씀드린 것처럼 그 메일 보내주시고 전화 한번 드릴게요,아 예 알겠습니다 그 아까 말씀드린 것처럼 그 매일 보내주시고 전화 한 번 드리께요,아 예 알겠습니다 그 아까 말씀드린 것처럼 그 메일 보내주시고 전화 한번 드릴게요
AIHub_LowQualityPhoneVoice_valid__07263,3.8461538461538463,0.0,-3.8461538461538463,False,기출 같은 경우는 아예 시작 자체를 안 하셨어요,이출 같은 경우는 아예 시작 자체를 안 하셨어요,기출 같은 경우는 아예 시작 자체를 안 하셨어요
AIHub_LowQualityPhoneVoice_valid__07264,5.084745762711865,0.0,-5.084745762711865,False,그래서 시작일 설정 안 하셨으면 그냥 구매일로부터 칠 일 후부터 자동으로 수강 시작이 되거든요 그러면 지금,에서 시작이 설정 안 하셨으면 그냥 구매일로부터 칠 일 후부터 자동으로 수강 시작이 되거든요 그러면 지금,그래서 시작일 설정 안 하셨으면 그냥 구매일로부터 칠 일 후부터 자동으로 수강 시작이 되거든요 그러면 지금
AIHub_LowQualityPhoneVoice_valid__07269,0.0,4.545454545454546,4.545454545454546,False,그게 무슨 말씀이신지 잘 못 알아듣겠어요,그게 무슨 말씀이신지 잘 못 알아듣겠어요,그게 무슨 말씀이신지 잘 못 알아 듣겠어요
AIHub_LowQualityPhoneVoice_valid__07272,3.488372093023256,2.3255813953488373,-1.1627906976744184,False,기간이 조금 모자랄 때 수강 중에 어 하루에 오백 원씩 한 번 하실 때마다 최대 칠 일 총 세 번 총 이십 일 일 하실 수 있는 게 수강 중 연장이고요 수강 종료 후 연장은 일시 정지랑 수강 중 연장을 다 쓰신 다음에 수강 종료가 된 시점으로부터 해서 한 달 내에 다시 신청을 하시면 근까 다시 연장을 하시면,이간이 조금 모자랄 때 수강 중에 어 하루에 오백 원씩 한 번 하실 때마다 최대 칠 일 총 세 번 총 이십 일 일 하실 수 있는 게 수강 중 연장이구요 수강 종료 후 연장은 일시 정지랑 수강 중 연장을 다 쓰신 다음에 수강 종료가 된 직점으로부터 해서 한 달 내일 다시 신청을 하시면 그니까 다시 연장을 하시면,기간이 조금 모자랄 때 수강 중에 어 하루에 오백 원씩 한 번 하실 때마다 최대 칠 일 총 세 번 총 이십 일 일 하실 수 있는 게 수강 중 연장이고요 수강 종료 후 연장은 일시정지랑 수강 중 연장을 다 쓰신 다음에 수강 종료가 된 지점으로부터 해서 한 달 내에 다시 신청을 하시면 그니까 다시 연장을 하시면
AIHub_LowQualityPhoneVoice_valid__07281,10.526315789473683,7.894736842105263,-2.6315789473684204,False,네 근까 횟수가 제한이 없어요 그냥 이십 일만 다 쓰면 끝나는 거예요,네 거 헬스가 제한이 없어요 그냥 이십 일만 다 쓰면 끝나는 거예요,네 그 회수가 제한이 없어요 그냥 이십 일만 다 쓰면 끝나는 거예요
AIHub_LowQualityPhoneVoice_valid__07292,0.0,0.0,0.0,False,네 감사합니다,네 감사합니다,네 감사합니다
AIHub_LowQualityPhoneVoice_valid__07310,13.513513513513514,5.405405405405405,-8.108108108108109,False,회원 측에서 회원 탈퇴하실 때 자동적으로 저희가 폐기가 되고요 다만,혜원 측에서 혜원 탈퇴하실 때 자동적으로 저희가 패기가 되고요 아마,회원 측에서 회원 탈퇴하실 때 자동적으로 저희가 폐기가 되고요 아마
AIHub_LowQualityPhoneVoice_valid__07321,24.637681159420293,13.043478260869565,-11.594202898550728,False,네 기다려 주셔서 감사합니다 학생증을 아무래도 인증을 해 주실 경우에는 학번이 확인이 되셔야지만이 저희가 진행을 도와드릴 수,네 기달도 감사합니다 학생증을 아무래도 인증해주실 경우에는 학번이 확인이 되셔야지만이 저희가 진행 도와드리실 수 있습니다,네 기다려주셔서 감사합니다 학생증을 아무래도 인증해주실 경우에는 학번이 확인이 되셔야지만 저희가 진행 도와드리
AIHub_LowQualityPhoneVoice_valid__07334,14.754098360655737,9.836065573770492,-4.918032786885245,False,학과랑 아 이름 생년월일 그 학교 학과 학년 입학 연월일 이렇게 있으면 되는 건가요 그냥 다 하면 될 것 같기,학과랑 예 이름 학년월일 그 학교 학과 학년 입학 연월일을 옆에 있으면 되는 건가요 그냥 다 하면 될 거 같애요,학과랑 예 이름 생년월일 그 학교 학과 학년 입학년월일 이렇게 있으면 되는 건가요 그냥 다 하면 될 거 같애요
AIHub_LowQualityPhoneVoice_valid__07335,9.67741935483871,3.225806451612903,-6.451612903225807,False,학생증을 저희 쪽으로 찍어서 이렇게 인증해 주시면 되세요,생생을 저희 쪽으로 찍어서 이렇게 인증해주시면 되세요,학생증을 저희 쪽으로 찍어서 이렇게 인증해주시면 되세요
AIHub_LowQualityPhoneVoice_valid__07341,6.382978723404255,2.127659574468085,-4.25531914893617,False,네네 혹시 본사 어 마케팅 부분에 인사팀 혹시 연결할 수 있는 직통 번호가 있으실까요,네 혹시 본사 어 마케팅 부분에 인사팀 혹시 연결할 수 있는 직통 번호가 있으신가요,네 네 혹시 본사 어 마케팅 부분에 인사팀 혹시 연결할 수 있는 직통 번호가 있으실까요
AIHub_LowQualityPhoneVoice_valid__07355,29.72972972972973,2.7027027027027026,-27.027027027027028,False,혹시 어떤 제휴 관련하신 건지 좀 간략하게 말씀해 주실 수 있을까요,혹시 어떤 제외로 관련하신 것이 좀 가능하게 말씀해 주실까요,혹시 어떤 제휴 관련하신 건지 좀 간략하게 말씀해주실 수 있을까요
AIHub_LowQualityPhoneVoice_valid__07360,8.860759493670885,3.79746835443038,-5.063291139240505,False,네 근데 복지 제도 안에 서비스에서 거기 이제 학원 이제 학원을 이용할 수 있도록 연결을 도와드리는 그 부분에 대해서 제가 제휴를 여쭤봤었어요,네 근데 복지에도 안에 서비스에서 법이들 학원 이제 학원을 이용할 수 있도록 연결을 도와 드리는 그 부분에 대해서 제가 제휴를 여쭤봤었어요,네 근데 복지에서 안에 서비스에서 거기 이제 학원 이제 학원을 이용할 수 있도록 연결을 도와드리는 그 부분에 대해서 제가 제휴를 여쭤봤었어요
AIHub_LowQualityPhoneVoice_valid__07364,11.428571428571429,5.714285714285714,-5.714285714285714,False,그 본사 쪽에 담당자분 어 연락을 좀 드리라고 전달해 드리겠습니,본사 쪽에 담당자분 어 연락을 좀 드리라고 전달해드리겠습니다,그 본사 쪽에 담당자분 어 연락을 좀 드리라고 전달해드리겠습
AIHub_LowQualityPhoneVoice_valid__07372,23.52941176470588,5.88235294117647,-17.64705882352941,False,그 연장 하실려고 하시는 건가요,그래 연장하실려고 하시는 거군요,그 연장하실려고 하시는 건가요
AIHub_LowQualityPhoneVoice_valid__07374,13.333333333333334,0.0,-13.333333333333334,False,그런데 이미 연장을 눌렀어요,근데 이미 연장을 눌렀어요,그런데 이미 연장을 눌렀어요
AIHub_LowQualityPhoneVoice_valid__07384,24.324324324324326,13.513513513513514,-10.810810810810812,False,네 잠시만 기다려 주세요 확인되셨고요 이용하시는 기기는 어떤 건가요,네 잠시만 기다려주세요 형은 하긴 되셨구요 이용하시는 기계는 어떤 건가요,네 잠시만 기다려주세요 내용은 확인되셨고요 이용하시는 기기는 어떤 건가요
AIHub_LowQualityPhoneVoice_valid__07395,85.71428571428571,14.285714285714285,-71.42857142857142,False,통화 중이에요,호아 조용해,통화 중이예요
AIHub_LowQualityPhoneVoice_valid__07398,20.588235294117645,11.76470588235294,-8.823529411764705,False,되는 것 같기도 해요 자 잠시만요 아 인터넷 익스플로어는 돼요,되는 거 같기도 해요 저 잠시만요 아 인터넷 스프롤은 돼요,되는 거 같기도 해요 잠시만요 아 인터넷 익스플로러는 돼요
AIHub_LowQualityPhoneVoice_valid__07400,0.0,0.0,0.0,False,아 네 감사합니다,아 네 감사합니다,아 네 감사합니다
AIHub_LowQualityPhoneVoice_valid__07403,4.545454545454546,4.545454545454546,0.0,False,어 회원님 아이디랑 성함 어떻게 되실까요,아 회원님 아이디랑 성함 어떻게 되실까요,아 회원님 아이디랑 성함 어떻게 되실까요
AIHub_LowQualityPhoneVoice_valid__07416,90.9090909090909,18.181818181818183,-72.72727272727272,False,네 교재는 안 되시고,여기 저절나요랑 어,네 교재만 안되시고
AIHub_LowQualityPhoneVoice_valid__07427,38.88888888888889,0.0,-38.88888888888889,False,지원센터입니다 무엇을 도와드릴까요,사진사원이서 무엇을 도와드릴까요,지원센터입니다 무엇을 도와드릴까요
AIHub_LowQualityPhoneVoice_valid__07430,30.64516129032258,3.225806451612903,-27.419354838709676,False,실례지만 아이디 한번 말씀해 주시겠 네 성함이 어떻게 되실까요 아 네 확인 감사드립니다 잠시만 기다려 주시겠어요,그러면 아이디 한번 말씀해주세요 성함이 어떻게 되실까요 어 영광인 감사드립니다 잠시만 기다리시겠습니까,실례지만 아이디 한번 말씀해 주시겠어요 네 성함이 어떻게 되실까요 아 네 확인 감사드립니다 잠시만 기다려 주시겠어요
AIHub_LowQualityPhoneVoice_valid__07442,0.0,0.0,0.0,False,아 네 알겠습니다,아 네 알겠습니다,아 네 알겠습니다
AIHub_LowQualityPhoneVoice_valid__07460,19.767441860465116,2.3255813953488373,-17.441860465116278,False,네 회원님 기다려 주셔서 감사합니다 저희가 환급 일정 같은 경우에는 이번 달까지 환급 대상자 재학 여부 확인 및 대상자 정보를 해당 대학교에 전달을 하고요,지금 회원님 기자가 보도 감사합니다 저희가 황급일정 같은 경우에는 이번 달까지 황급재상자 대학 여부 확인 및 재상자 정보를 새상 대학교에 전달을 하구요,네 회원님 기다려주셔서 감사합니다 저희가 환급일정 같은 경우에는 이번 달까지 환급 대상자 재학 여부 확인 및 대상자 정보를 해당 대학교에 전달을 하고요
AIHub_LowQualityPhoneVoice_valid__07466,6.896551724137931,3.4482758620689653,-3.4482758620689653,False,카카오요 알겠습니 카카오 계좌요 계좌 바꿀 수 있나요,카카오요 알겠슈 카카오 계좌요 계좌 바꿀 수 있나요,카카오요 알겠습니다 카카오 계좌요 계좌 바꿀 수 있나요
AIHub_LowQualityPhoneVoice_valid__07468,0.0,0.0,0.0,False,네 여보세요,네 여보세요,네 여보세요
AIHub_LowQualityPhoneVoice_valid__07469,5.555555555555555,5.555555555555555,0.0,False,아 예 안녕하세요 하나 여쭤보게요,아 예 안녕하세요 하나 여쭤보께요,아 예 안녕하세요 하나 여쭤볼게요
AIHub_LowQualityPhoneVoice_valid__07481,27.27272727272727,9.090909090909092,-18.18181818181818,False,제 잘 몬 찾아가지고 그냥 그거 송파에 거기만 있는 줄 알고,그치 잠 못 찾아가지고 그냥 그 선파에 거기 마인 줄 알고,그치 잘 못 찾아가지고 그냥 그거 송파에 거기만 있는 줄 알고
AIHub_LowQualityPhoneVoice_valid__07482,16.666666666666664,0.0,-16.666666666666664,False,그 인터넷으로 딱 치면은 전화번호가 나오나요,그 인터넷으로 딱 치면은 드라마 번호가 나오나요,그 인터넷으로 딱 치면은 전화번호가 나오나요
AIHub_LowQualityPhoneVoice_valid__07492,45.714285714285715,22.857142857142858,-22.857142857142858,False,아니요 그 부분 아니시고요 서초는 다시 안내해드릴게요 서초 지금,아니야 그 부분 아니시구요 포천은 다시 안 내드리도록,아니요 그 부분 아니시고요 학교는 다시 안내해드릴게요
AIHub_LowQualityPhoneVoice_valid__07501,11.965811965811966,4.273504273504273,-7.6923076923076925,False,다섯 살 차이 났는데 형이 삼 년간을 수강하고 그다음에 또 동생이 지금 나이 차이가 너무 많이 나는데 동생이 지금 다시 또 지금 수강을 하는데 그 행제 들으면 행제 같이 들으면은 그거 할인하는 그런 거 없냐고요,다섯 살 차이 났는데 생일 삼 년간은 수강하고 그담도 동생이 지금 나이 차이가 너무 많이 나 동생이 지금 다시 또 지금 수강을 하는데 그 행재 들으면은 행재같이 들으면은 그거 할인하는 그런 거 없냐고요,다섯 살 차이 났는데 생이 삼 년간을 수강하고 그 다음 또 동생이 지금 나이 차이가 너무 많이 나는 동생이 지금 다시 또 지금 수강을 하는데 그 행제 들으면은 행제 같이 들으면은 그거 할인하는 그런 거 없냐고요
AIHub_LowQualityPhoneVoice_valid__07511,6.25,6.25,0.0,False,수학 원 하고요 구매하고 싶은데 그게 선택이 안 되더라고요,수학 원하고요 구매하고 싶은데 그게 선택이 안 되더라구요,수학 원하고요 구매하고 싶은데 그게 선택이 안되더라고요
AIHub_LowQualityPhoneVoice_valid__07518,9.615384615384617,1.9230769230769231,-7.692307692307693,False,어머니 지금 교재 구매가 안 되신다는 말씀이세요 아니시면 강좌는 지금 담겨져 있으세요 여보세요,어머니 지금 교재구매가 안 되신다는 말씀이세요 아니죠 감자는 지금 담겨져 있으세요 여보세요,어머니 지금 교재 구매가 안되신다는 말씀이세요 아니시면 강좌는 지금 담겨져 있으세요 여보세요
AIHub_LowQualityPhoneVoice_valid__07563,17.391304347826086,4.3478260869565215,-13.043478260869565,False,삼십은 고 삼만 해당되는 거예요 그 삼십은,삼십은 고 삼만에 당되는 거에요 그 삼십,삼십은 고 삼만 해당되는 거예요 그 삼십
AIHub_LowQualityPhoneVoice_valid__07583,19.047619047619047,4.761904761904762,-14.285714285714285,False,학습 지원센터입니다 무엇을 도와드릴까요,사실 지원 세터입니다 무엇을 도와드릴까요,학습지원센터입니다 무엇을 도와드릴까요
AIHub_LowQualityPhoneVoice_valid__07591,13.698630136986301,2.73972602739726,-10.95890410958904,False,아 네네 소중한 정보 확인 감사합니다 현금 환불은 이제 성년만 진행을 할 수가 있어서 미성년이기 때문에 캐시로 환불을 해드릴 거고요,안대대 소중한 정보 하이킹 감사합니다 현금 환불은 이제 환면만 진행을 할 수가 있어서 미성년이기 때문에 캐치로 환불을 해드릴 거고요,아 네 네 소중한 정보 확인 감사합니다 현금 환불은 이제 학년만 진행을 할 수가 있어서 미성년이기 때문에 캐시로 환불을 해드릴 거고요
AIHub_LowQualityPhoneVoice_valid__07601,14.814814814814813,3.7037037037037033,-11.11111111111111,False,아 그러면 학생이 아이디 회원 가입을 하면 되네요,아 그러면 학생이 아이디 해온가 입을 하면 되네요,아 그러면 학생이 아이디 회원가입을 하면 되네요
AIHub_LowQualityPhoneVoice_valid__07603,9.090909090909092,6.8181818181818175,-2.2727272727272743,False,아 회원가입을 하고 그다음에 로그인 한 다음에 학생이 그러면 신청을 하면 되나요,아 하영가입을 하고 그다음에 로그인 한 다음에 학생이 그럼 신청을 하면 되나요,아 회원가입을 하고 그다음에 로그인한 다음에 학생이 그럼 신청을 하면 되나요
AIHub_LowQualityPhoneVoice_valid__07606,18.91891891891892,5.405405405405405,-13.513513513513514,False,구매와 동시에 바로 사용 가능하시고 네 종료일은 네 올해 마지막 날,금요일와 동시에 바로 사용 가능하시고 네 중요일은 올해 마지막 날,구매와 동시에 바로 사용 가능하시고 네 종료일은 올해 마지막 날
AIHub_LowQualityPhoneVoice_valid__07619,14.285714285714285,7.142857142857142,-7.142857142857142,False,네 그러면 그냥 사십 구만 원으로 하시는 게 나으시,네 그러면 그냥 다시 구만 원으로 하시는 게 나은,네 그러면 그냥 사십 오만 원으로 하시는 게 나으
AIHub_LowQualityPhoneVoice_valid__07632,53.333333333333336,33.33333333333333,-20.000000000000007,False,왜 소리가 이렇게 안 들리지,왜 서로를 좀 안 들이대,왜 서류가 잘 안 들리지
AIHub_LowQualityPhoneVoice_valid__07639,84.61538461538461,0.0,-84.61538461538461,False,서류 제출은 완료하셨고요,하루 대추를 말려고 하자구요,서류 제출은 완료하셨고요
AIHub_LowQualityPhoneVoice_valid__07646,11.11111111111111,0.0,-11.11111111111111,False,그다음에 아이한테 주 주는 건가요,근 다음에 아이한테 주 주는 건가요,그다음에 아이한테 주 주는 건가요
AIHub_LowQualityPhoneVoice_valid__07657,0.0,0.0,0.0,False,네 감사합니다,네 감사합니다,네 감사합니다
AIHub_LowQualityPhoneVoice_valid__07659,2.5316455696202533,2.5316455696202533,0.0,False,그러면 혹시 이거 만약에 칠 일이 지나면 아직 수강 신 패스 수강 신청은 안 했는데 이 칠 일이 지나면 제 두 강좌도 다 없어지는 건가요 혹시,그러면 혹시 이거 만약에 칠 일이 지나면 아직 수강신 패스 수강신청은 안 했는데 이 칠 일이 지나면 제 두 강좌도 다 없어지는 건가요 혹시,그러면 혹시 이거 만약에 칠 일이 지나면 아직 수강 패스 수강 신청은 안 했는데 이 칠 일이 지나면 제 두 강좌도 다 없어지는 건가요 혹시
AIHub_LowQualityPhoneVoice_valid__07662,28.57142857142857,0.0,-28.57142857142857,False,아 아이디 말씀드릴게요 아이디는 잠깐만요 어 제가 찾아봐야 돼서,아 아이디 말씀드릴게요 아이디는 어 제가 파다바드 해서,아 아이디 말씀드릴게요 아이디는 잠깐만요 어 제가 찾아봐야 돼서
AIHub_LowQualityPhoneVoice_valid__07663,15.584415584415584,2.5974025974025974,-12.987012987012987,False,성함 한번 말씀해 주세요 지금 제가 봤을 때는 칠 일 체험권 있으시잖아요 그거는 칠 일 동안 네네 칠 일 동안 이용 가능하신 체험권이시고요,다 한 번 말씀 드리겠습니다 지금 제가 봤을 때는 칠 일 체험권 있으시잖아요 그거는 칠 일 동안 네 네 칠 일 동안 이용 가능하신 체험권이시구요,성함 한번 말씀해주세요 지금 제가 봤을 때는 칠 일 체험권 있으시잖아요 그거는 칠 일 동안 네 네 칠 일 동안 이용 가능하신 체험권이시고요
AIHub_LowQualityPhoneVoice_valid__07668,14.285714285714285,6.122448979591836,-8.163265306122447,False,그 무료 이용 기간 종료 시 수강 기간이 남아 있는 강좌도 함께 종료된다는데 이건 뭔가요,그 무료 유형 기간 종류 시 수강 기간이 남아있는 강좌도 함께 종료된다는 데 이건 아닌가요,그 무료 이용기간 종료 시 수강기간이 남아있는 강좌도 함께 종료된다는데 이건 뭔가요
AIHub_LowQualityPhoneVoice_valid__07690,19.402985074626866,13.432835820895523,-5.970149253731343,False,보통 가면 다 연락이 오거든요 인제 항상 이렇게 그 기숙사 일 층에서 이제 왔다고 문자가 오는데 전혀 문자가 없어 가지고,정당 다 연락이 오거든요 이제 항상 이케 그 기숙사 일 층에서 이제 왔다고 문자가 오늘 전혀 문자도 없어가지구,보통 다면 다 연락도 오거든요 이제 항상 이케 그 기숙사 일 층에서 이제 왔다고 문자가 오늘 전혀 문자도 없어가지고
AIHub_LowQualityPhoneVoice_valid__07700,14.285714285714285,0.0,-14.285714285714285,False,아 여보세요 아 저 물건 받았대요 지금,아 여보세요 네 아 저 물건 박았대요 지금,아 여보세요 아 저 물건 받았대요 지금
AIHub_LowQualityPhoneVoice_valid__07701,16.666666666666664,16.666666666666664,0.0,False,네 받았고요,네 받았구요,네 받았구요
AIHub_LowQualityPhoneVoice_valid__07704,33.33333333333333,7.142857142857142,-26.190476190476186,False,네 강의 들으려고 하는데요 거기 창에 그 오류라고 뜨면서 이게 안 돼가지고요,네 강의도 달려가는데요 거기 탕에 그 오르락 오뜨락 서 이게 안 돼가지구요,네 강의를 들을려고 하는데요 거기 창에 그 오류라고 뜨면서 이게 안돼가지고요
AIHub_LowQualityPhoneVoice_valid__07710,14.893617021276595,2.127659574468085,-12.76595744680851,False,화면 하단 오른쪽 보시면 날짜랑 시간이 나오실 텐데 혹시 어떻게 나오는지 봐주시겠어요,화면 하다 오른쪽 보시면 날짜장 시간이 나오시겐데 씨 어떻게 나오는지 봐주시겠어요,화면 하단 오른쪽 보시면 날짜상 시간이 나오실 텐데 혹시 어떻게 나오는지 봐주시겠어요
AIHub_LowQualityPhoneVoice_valid__07722,100.0,7.6923076923076925,-92.3076923076923,False,다른 시간대에 대한 시계 추가 눌러봐 주시겠어요,네,다섯 시간대에 대한 시계 추가 눌러가 주시겠어요
AIHub_LowQualityPhoneVoice_valid__07728,36.36363636363637,18.181818181818183,-18.181818181818183,False,아 되셨나요 동기화가,아 좋네요 동기야가,아 되셨나요 등기가가
AIHub_LowQualityPhoneVoice_valid__07737,0.0,0.0,0.0,False,아 네 맞습니다,아 네 맞습니다,아 네 맞습니다
AIHub_LowQualityPhoneVoice_valid__07745,3.3333333333333335,3.3333333333333335,0.0,False,아 그러고 뭐 재학 확인을 하는데 이렇게 오래 걸리나요,아 그러고 뭐 대학 확인을 하는데 이렇게 오래 걸리나요,아 그러고 뭐 대학 확인을 하는데 이렇게 오래 걸리나요
AIHub_LowQualityPhoneVoice_valid__07746,4.3478260869565215,2.1739130434782608,-2.1739130434782608,False,그쵸 이제 저희가 사실상 재학 확인을 하는 거 자체가 저희가 임의로 진행할 수가 있는 게 아니라 학교 쪽으로 재학 여부를 확인을 해 주세요라고 요청을 보내는 거거든요,저 이게 저희가 사실상 재학 확인을 하는 거 자체가 저희가 임의로 진행할 수가 있는 게 아니라 학교 쪽으로 재학 여부를 확인을 해주세요라고 요청을 보내는 거거든요,그쵸 이게 저희가 사실상 재학 확인을 하는 거 자체가 저희가 임의로 진행할 수가 있는 게 아니라 학교 쪽으로 재학 여부를 확인을 해주세요라고 요청을 보내는 거거든요
AIHub_LowQualityPhoneVoice_valid__07753,10.0,0.0,-10.0,False,네 맞습니다 어머니,네 왔습니다 어머니,네 맞습니다 어머니
AIHub_LowQualityPhoneVoice_valid__07754,2.631578947368421,2.631578947368421,0.0,False,그러면 그거를 저희가 제하고 받는 거에 동의를 하면 되는 거 아니예요,그러면 그거를 저희가 제하고 받는 거에 동의를 하면 되는 거 아니에요,그러면 그거를 저희가 제하고 받는 거에 동의를 하면 되는 거 아니에요
AIHub_LowQualityPhoneVoice_valid__07758,9.523809523809524,3.571428571428571,-5.9523809523809526,False,삼 월달에 이걸 했을 때 아 이런 절차에 의해서 뭐 환급을 해드립니다 그러면 이런 절차를 삼 월달에 공지를 냈을 때는 너무 번거롭고 오랜 기간을 기 기,삼 월 달에 이거를 했을 때 아 이런 절차에 의해서 어 환급을 해드립니다 그러면 이런 절차에 삼 월 달에 공지를 냈을 때는 너무 번거롭고 오랜 기간을 길 길,삼 월달에 이걸 했을 때 아 이런 절차에 의해서 뭐 환급을 해드립니다 그러면 이런 절차에 삼 월달에 공지를 냈을 때는 너무 번거롭고 오랜 기간을 길 길
AIHub_LowQualityPhoneVoice_valid__07766,14.285714285714285,3.571428571428571,-10.714285714285714,False,어머니 요거 죄송하지만 한 가지만 확인할게요 자녀분 지금 신청하신 게 서울여대로 확인되는데 맞으실까요,어머니 요거 죄송하지만 한 가지만 확인할게요 아녀분 신청하신 게 서울요대로 하긴대는데 맞으실까요,어머니 요거 죄송하지만 한 가지만 확인할게요 자녀분 지금 신청하신 게 서울 요대로 확인되는데 맞으실까요
AIHub_LowQualityPhoneVoice_valid__07772,20.0,6.666666666666667,-13.333333333333332,False,일단은 어머니 지금 저희가 환급 신청자가 이제 적은 인원이 진원 진행이 되는 게 아니다 보니까 기간 조금 소요되는 점 양해 부탁드릴게요,저는 어머니 지금 저희가 황금신청자가 이제 적은 인원이 진행이 되는 게 아니라 보니깐 기간 조금 소외되는 점 양해 부탁드립니다,그러면 어머니 지금 저희가 환급 신청자가 이제 적은 인원이 진행이 진행이 되는 게 아니다 보니까 기간 조금 소요되는 점 양해 부탁드릴게요
AIHub_LowQualityPhoneVoice_valid__07783,3.278688524590164,6.557377049180328,3.278688524590164,False,아니 그러니까 학교 절차는 얘기를 학교 쪽하고 얘기를 하면 되는 거고 우선 그쪽에서 또 그 아까 말씀하셨잖아요,아니 그니까는 학교 절차는 얘기를 학교 쪽하고 얘기를 하면 되는 거고 우선 그쪽에서 또 그 아까 말씀하셨잖아요,아니 그니까는 학교 절차는 얘기를 학교 쪽하고 얘기를 하면 되는 거고 우선 그쪽에서도 그 아까 말씀하셨잖아요
AIHub_LowQualityPhoneVoice_valid__07793,8.823529411764707,2.941176470588235,-5.882352941176471,False,단계가 되는 것 같아서 조금 마음이 그러 안 좋네요 안 좋기는,단계가 되는 거 같애서 조금 마음이 그런 안 좋네요 안 좋기는,단계가 되는 것 같아서 조금 마음이 그러니 안 좋네요 안 좋기는
AIHub_LowQualityPhoneVoice_valid__07804,8.88888888888889,5.555555555555555,-3.333333333333334,False,그냥 그 쪽에서는 늦게 처리되면 늦게 처리되니까 미안하다 그렇지만 기다릴 수밖에 없다라는 말만 해주시면 되는데 그냥 이 절차가 그렇고 이렇게 저렇게 저렇고 이렇고,그냥 그쪽에서는 늦게 처리되면 늦게 처리되니까 미안하다 그렇지만 기다릴 수밖에 없다 라는 말만 해주시면 되는데 그냥 뭐 이 덜 차는 그렇고 이렇게 저렇고 저렇고 이렇고,그냥 그쪽에서는 늦게 처리되면 늦게 처리되니까 미안하다 그렇지만 기다릴 수밖에 없다 라는 말만 해주시면 되는데 그냥 뭐 이 절차가 그렇고 이렇게 저렇게 저렇게 이렇고
AIHub_LowQualityPhoneVoice_valid__07807,1.7241379310344827,1.7241379310344827,0.0,False,저희가 학교 쪽으로 전달만 된다면은 학교 장학 일정 확인하시면 지급일은 학교 측으로 확인이 가능하시거든요,저희가 학교 쪽으로 전달만 된다면은 학교 장학 일정 확인하시면 지급일은 학교 쪽으로 확인이 가능하시거든요,저희가 학교 쪽으로 전달만 된다면은 학교 장학 일정 확인하시면 지급일은 학교 쪽으로 확인이 가능하시거든요
AIHub_LowQualityPhoneVoice_valid__07813,20.0,0.0,-20.0,False,네 네 성함이 어떻게 되시죠,네 네 형은 어떻게 되시죠,네 네 성함이 어떻게 되시죠
AIHub_LowQualityPhoneVoice_valid__07821,0.0,0.0,0.0,False,아 네 알겠습니다,아 네 알겠습니다,아 네 알겠습니다
AIHub_LowQualityPhoneVoice_valid__07822,23.076923076923077,7.6923076923076925,-15.384615384615383,False,네 잠시만 기다려 주세요,잠시만 기다려주세요,네 잠시만 기다려주세요
AIHub_LowQualityPhoneVoice_valid__07837,66.66666666666666,0.0,-66.66666666666666,False,아 네 그러시면 성함과 아이디만 작성하셨단 말씀이실까요,아 네 말씀이실까요,아 네 그러시면 성함과 아이디만 작성하셨단 말씀이실까요
AIHub_LowQualityPhoneVoice_valid__07841,12.0,0.0,-12.0,False,확인 감사합니다 저희가 이 부분 이제 확인해서,하긴 감사합니다 저희가 이 부분 인제 확인해서,확인 감사합니다 저희가 이 부분 이제 확인해서
AIHub_LowQualityPhoneVoice_valid__07856,16.666666666666664,0.0,-16.666666666666664,False,네 감사합니다 좋은 저녁 보내세요,네 감사합니다 좋은 저녁때매세요,네 감사합니다 좋은 저녁 보내세요
AIHub_LowQualityPhoneVoice_valid__07862,55.55555555555556,33.33333333333333,-22.22222222222223,False,네 맞아요 예 예,에에 맞아요 에에,예 예 맞아요 예 예
AIHub_LowQualityPhoneVoice_valid__07888,7.142857142857142,10.714285714285714,3.571428571428571,False,그쵸 만일 담 네 지금은 십 이 월 삼십 일 일까지 이용하시는 게 사십 구만 원에 판매가 되고 있어요,그쵸 완이 담아 예 지금은 십 이 월 삼십 일 일까지 이용하시는 게 사십 구만 원에 판매가 되고 있어요,네 그쵸 아니 다음 네 지금은 십 이 월 삼십 일 일까지 이용하시는 게 사십 구만 원에 판매가 되고 있어요
AIHub_LowQualityPhoneVoice_valid__07899,0.0,0.0,0.0,False,네 감사합니다,네 감사합니다,네 감사합니다
AIHub_LowQualityPhoneVoice_valid__07903,33.33333333333333,0.0,-33.33333333333333,False,성함이 어떻게 되실까요,수강하면 어떻게 되실까요,성함이 어떻게 되실까요
AIHub_LowQualityPhoneVoice_valid__07906,60.0,6.666666666666667,-53.333333333333336,False,아니요 이용을 못해 가지고요,안녕 안녕 못 해가지구요,아니요 이용을 못해가지고요
AIHub_LowQualityPhoneVoice_valid__07909,19.230769230769234,0.0,-19.230769230769234,False,회원님 주소 혹시 변경하신 사유 여쭤봐도 될까요,현주서 혹시 변경하신 사유 여쭤봐도 될까요,회원님 주소 혹시 변경하신 사유 여쭤봐도 될까요
AIHub_LowQualityPhoneVoice_valid__07913,41.66666666666667,16.666666666666664,-25.000000000000007,False,이게 확인 가능하신가요,시집어내기 가능하신가요,지금 확인 가능하신가요
AIHub_LowQualityPhoneVoice_valid__07916,23.684210526315788,5.263157894736842,-18.421052631578945,False,지금 이번에 신청하신 배송 건에 대해서는 주소지가 변경이 되신 거예요,이 이번에 신청하신 배송권에 대해선 주소지가 경향되신 거예요,지금 이번에 신청하신 배송 건에 대해서는 주소지가 변경되신 거예요
AIHub_LowQualityPhoneVoice_valid__07943,23.52941176470588,14.705882352941178,-8.823529411764703,False,네 혹 교제 환불을 하려고 하는데 환불은 어떻게 할 수 있나요,그 교재 환불을 할려고 하는데 환불은 어떻게 할 할 수 있나,네 혹시 그 교재 환불을 할려고 하는데 환불은 어떻게 할 수 있나요
AIHub_LowQualityPhoneVoice_valid__07945,50.0,0.0,-50.0,False,어 네 기다려주셔서 감사합니다,어 리필 시 감사합니다,어 네 기다려주셔서 감사합니다
AIHub_LowQualityPhoneVoice_valid__07961,0.0,0.0,0.0,False,그러면 회원님,그러면 회원님,그러면 회원님
AIHub_LowQualityPhoneVoice_valid__07981,20.0,0.0,-20.0,False,예 학부모로 제가 어제 그 회원가입을 했거든요,에 핫품으로 제가 어제 그 회원 가입을 했거든요,예 학부모로 제가 어제 그 회원가입을 했거든요
AIHub_LowQualityPhoneVoice_valid__07992,0.0,0.0,0.0,False,제 아이디는,제 아이디는,제 아이디는
AIHub_LowQualityPhoneVoice_valid__07994,0.0,0.0,0.0,False,어 지금 하면 되나요 이제,어 지금 하면 되나요 이제,어 지금 하면 되나요 이제
AIHub_LowQualityPhoneVoice_valid__07996,15.789473684210526,3.508771929824561,-12.280701754385964,False,근데 그게 왜 안 됐던 건지 작년에 제가 등록했는데 회원 가입도 했었는데 가입하고 애를 등록을 했었는데,근데 그게 왜 안 됐던 건지 정년에 제가 등록했는데 퇴원 과입도 했었는데 과외 가고 애를 등록했었는데,근데 그게 왜 안됐던 건지 작년에 제가 등록했는데 회원가입도 했었는데 가입하고 애를 등록을 했었는데
AIHub_LowQualityPhoneVoice_valid__07998,9.090909090909092,3.0303030303030303,-6.060606060606061,False,아 그니까 다른 학부모님 다른 아이디에서 등록을 하신 거예요,어 까 다른 학부모님 다른 아이디에서 등록을 하신 거예요,아 그까 다른 학부모님 다른 아이디에서 등록을 하신 거예요
AIHub_LowQualityPhoneVoice_valid__08004,4.166666666666666,2.7777777777777777,-1.3888888888888884,False,그러니까 제가 그 회원 가입은 했었고 자녀 등록까지 했는데 어제 분명히 제가 다시 인제 그 아이디를 찾아서 하려고 인증까지 했는데,그니까 제가 그 회원 다입은 했었고 자녀 등록까지 했는데 어제 분명히 제가 다시 인제 그 아이디를 찾아서 할려고 인증까지 했는데,그니까 제가 그 회원 가입은 했었고 자녀 등록까지 했는데 어제 분명히 제가 다시 인제 그 아이디를 찾아서 할려고 인증까지 했는데
AIHub_LowQualityPhoneVoice_valid__08007,18.181818181818183,0.0,-18.181818181818183,False,혹시 자녀분 핸드폰 번호가 어떻게 되세요,사실 다녀건 핸드폰 번호가 어떻게 되세요,혹시 자녀분 핸드폰 번호가 어떻게 되세요
AIHub_LowQualityPhoneVoice_valid__08013,13.043478260869565,10.869565217391305,-2.17391304347826,False,음 네 잠깐만요 다시 그럼 제가 해볼게요 잠깐만요 아이디 찾기 다시 한 번 해볼게요,음 네 잠깐만 다시 그럼 제가 해볼게요 음 잠깐만요 아예 찾기 다시 한번 해볼게요,음 네 네 잠깐만요 다시 그럼 제가 해볼게요 음 잠깐만요 아이디 찾기 다시 한번 해볼게요
AIHub_LowQualityPhoneVoice_valid__08041,5.88235294117647,5.88235294117647,0.0,False,아 네 네 잠시만 기다려 주세요,아 네 네 잠시만 기다려주세요,아 네 네 잠시만 기다려주세요
AIHub_LowQualityPhoneVoice_valid__08045,11.76470588235294,17.647058823529413,5.882352941176473,False,어 회원님 제가 다시 말씀드려요,어 회원님 제가 다시 말씀드리고,어 회원님 제가 다시 말씀드리도록
AIHub_LowQualityPhoneVoice_valid__08059,34.92063492063492,3.1746031746031744,-31.746031746031743,False,삼 월 오 일에 이제 신청하셨던 세계지리 이것이 알짜 기출이다는 예외적으로 사만 삼천 사백 원 저희가 현금 환불로,사 월 오 일에 유지 신청하셨던 세 개 질이 이것이 알짜리 질이라는 매일 적으로 삼 원 삼천 사백 원 저희가 현금을 불러서,사 월 오 일에 이제 신청하셨던 세계지리 이것이 알짜 기출이라는 예외적으로 사만 삼천 사백 원 저희가 현금 환불로
AIHub_LowQualityPhoneVoice_valid__08076,0.0,0.0,0.0,False,온라인으로 하는 거잖아요,온라인으로 하는 거잖아요,온라인으로 하는 거잖아요
AIHub_LowQualityPhoneVoice_valid__08096,18.75,18.75,0.0,False,환급 신청 버튼이 보이시잖아요,그럼 환급 신청 버튼이 보이시잖아요,그럼 환급 신청 버튼이 보이시잖아요
AIHub_LowQualityPhoneVoice_valid__08101,11.428571428571429,5.714285714285714,-5.714285714285714,False,아 네 안녕하세요 저는 해군사관학교에 입학처에서 전화를 드렸고요,안데 안녕하세요 저는 해군사관학교에 입학처에서 전화를 드렸구요,아 네 안녕하세요 저는 해군 사관 학교에 입학처에서 전화를 드렸고요
AIHub_LowQualityPhoneVoice_valid__08103,17.857142857142858,3.571428571428571,-14.285714285714286,False,아 해군사관학교 입학처 모집 요강 말씀하시는 거예요,아 해군사관학교 입학처 모집 요강만 있어지는 거예요,아 해군 사관학교 입학처 모집 요강 말씀하시는 거예요
AIHub_LowQualityPhoneVoice_valid__08112,2.127659574468085,4.25531914893617,2.127659574468085,False,일단은 이게 데이터 연동 주기가 또 따로 있기 때문에 계속 업데이트는 될 예정이시고요,일단은 이게 데이터 연동 주기가 또 따로 있기 때문에 계속 업데이트는 할 예정이시고요,일단은 이게 데이터 연동 주기가 또 따로 있기 때문에 계속 업데이트는 예정이시고요
AIHub_LowQualityPhoneVoice_valid__08114,8.333333333333332,0.0,-8.333333333333332,False,예 반영이 되는 거라서,에 반영이 되는 거라서,예 반영이 되는 거라서
AIHub_LowQualityPhoneVoice_valid__08138,22.22222222222222,5.555555555555555,-16.666666666666664,False,아 혹시 그 본사 관련 문의신가요,아 혹시 그 본사 관련 분이신가요 네,아 혹시 그 문사 관련 문의신가요
AIHub_LowQualityPhoneVoice_valid__08175,12.0,8.0,-4.0,False,어 이게 제주 꿈바당 카드 네이버에 치 치시면,아 이제 제주 꿈바닥 카드 네이버에 치 치시면,어 이게 제주 꿈바당 카드 네이버에 치시시면
AIHub_LowQualityPhoneVoice_valid__08194,28.125,25.0,-3.125,False,독서에서 총 열 두 권인데 이미 환불을 받았 받은 상태고요,그래서 총 열 두 권인데 이미 한부를 받아 하는 상태고요,수업 그래서 총 열 두 권인데 그 이미 환불을 받아 받은 상태고요
AIHub_LowQualityPhoneVoice_valid__08197,20.0,20.0,0.0,False,네 네 그거를 이제,네 그거를 이제,네 네 네 그거를 이제
AIHub_LowQualityPhoneVoice_valid__08214,0.0,0.0,0.0,False,네 네 맞아요,네 네 맞아요,네 네 맞아요
AIHub_LowQualityPhoneVoice_valid__08227,0.0,3.4482758620689653,3.4482758620689653,False,네 확인 감사드립니다 네 구매하신 것으로 확인되시구요,네 확인 감사드립니다 네 구매하신 것으로 확인되시구요,네 확인 감사드립니다 네 구매하신 것으로 확인되시고요
AIHub_LowQualityPhoneVoice_valid__08246,0.0,0.0,0.0,False,혹시 회원님 번호는 어떻게 되세요,혹시 회원님 번호는 어떻게 되세요,혹시 회원님 번호는 어떻게 되세요
AIHub_LowQualityPhoneVoice_valid__08257,25.64102564102564,10.256410256410255,-15.384615384615383,False,어 아이디요 여기 지금 그냥 그냥 로그인 되어 있는데 이거 어떡하지 어,어 알게요 여깄죠 그냥 그냥 녹음 되어 있는데 이거 어떡하지 어,어 아이디요 여기 그냥 그냥 로그인되어 있는데 이거 어떡하지 어
AIHub_LowQualityPhoneVoice_valid__08284,18.91891891891892,13.513513513513514,-5.405405405405405,False,한 번 확인해 보셔야 될 게 있는데 제어판 지금 들어가신 상태이시죠,난 한번 확인해보셔야 될 게 있는데 재협화 지금 들어가신 상태이죠,그거 한번 확인해보셔야 될 게 있는데 제어판 지금 들어가신 상태이죠
AIHub_LowQualityPhoneVoice_valid__08288,17.391304347826086,0.0,-17.391304347826086,False,지금 사 월 이십 일 일 두 시 오 분이요,지금 사 월 이십 일 일 이십 오 분이야,지금 사 월 이십 일 일 두 시 오 분이요
AIHub_LowQualityPhoneVoice_valid__08311,0.0,0.0,0.0,False,네 감사합니다,네 감사합니다,네 감사합니다
AIHub_LowQualityPhoneVoice_valid__08316,21.27659574468085,10.638297872340425,-10.638297872340425,False,아 그래요 그러면 일시 정지해놨다가 저가 언제든 풀 수 있죠 듣는 날 풀면 되는 거죠,아 그래요 그러면 일시정지 해갔다가 제가 온도에 좀 풀 수 있죠 늦는 날 풀면 되는 거죠,아 그래요 그러면 일시정지 해놨다가 제가 언제쯤 풀 수 있죠 늦는 날 풀면 되는 거죠
AIHub_LowQualityPhoneVoice_valid__08331,6.349206349206349,3.1746031746031744,-3.1746031746031744,False,아 그래요 아 그러면 그럼 제가 오 월 오 일까지 해놓고 오 월 칠 일까지 연장해야 할 수 있는 거죠 일시 정지로,아 그래요 아 그러면 그럼 제가 오 월 오 일까지 해놓고 오 월 칠 일까지 연장해야 할 수 있는 거죠 미시 장면이,아 그래요 아 그러면 그럼 제가 오 월 오 일까지 해놓고 오 월 칠 일까지 연장해야 할 수 있는 거죠 일시정지
AIHub_LowQualityPhoneVoice_valid__08336,8.0,0.0,-8.0,False,네 네 자녀분 아이디로 들어가셔서 하시면 돼요,네 네 자녀분 아이라 들어가셔서 하시면 돼요,네 네 자녀분 아이디로 들어가셔서 하시면 돼요
AIHub_LowQualityPhoneVoice_valid__08348,70.0,10.0,-60.0,False,네 그 메일 주소요,아 뭐 그 메일,네 그 메일 주소
AIHub_LowQualityPhoneVoice_valid__08359,13.333333333333334,15.555555555555555,2.2222222222222214,False,그러면 오늘 다섯 시까지 이제 메일 발송해 주시면은 이제 확인하고 처리해 드리구요,오늘 다섯 시까지 이제 매일 발송해주시면은 이제 확인하고 처리해 드리구요,오늘 다섯 시까지 이제 메일 발송해주시면은 이제 확인하고 처리해드리고요
AIHub_LowQualityPhoneVoice_valid__08374,11.76470588235294,11.76470588235294,0.0,False,네 혹시 업체명이 어떻게 되세요,네 혹시 업체는 어떻게 되세요,네 혹시 업체는 어떻게 되세요
AIHub_LowQualityPhoneVoice_valid__08380,0.0,0.0,0.0,False,혹시 그러면은 그쪽 부서 연락처도 전달이 안 될까요,혹시 그러면은 그쪽 부서 연락처도 전달이 안 될까요,혹시 그러면은 그쪽 부서 연락처도 전달이 안 될까요
AIHub_LowQualityPhoneVoice_valid__08381,0.0,0.0,0.0,False,오픈이 아예 안 되어 있는 거거든요,오픈이 아예 안 되어 있는 거거든요,오픈이 아예 안 되어 있는 거거든요
AIHub_LowQualityPhoneVoice_valid__08401,6.666666666666667,0.0,-6.666666666666667,False,팔만 삼천 원짜리는 그때 말씀을 안 하셨던 것 같은데요,팔만 삼천 원짜리는 그때 말씀은 안 하셨던 거 같은데요,팔만 삼천 원짜리는 그때 말씀을 안 하셨던 것 같은데요
AIHub_LowQualityPhoneVoice_valid__08402,28.57142857142857,23.809523809523807,-4.761904761904763,False,그때 같이 다 했는데 다 취소해 달라고,호텔 의사 같이 다 했는데 다 취소해달라고,같이 다 했는데 다 취소해달라고요
AIHub_LowQualityPhoneVoice_valid__08404,20.754716981132077,13.20754716981132,-7.547169811320757,False,저는 이전 상담원 이제 상담 내용 보면은 그 민정티 완자 맵 내신 완성만 환불 이렇게 있어가지고,저는 이제 한 상담은 이제 상담 내용 보면은 그 미정피 완자맵 내신완성만 한 번 이렇게 있어가지고,저는 이전 상담원 네 상담 내용 보면은 그 미정피 완자 맵 내신 완성만 이렇게 있어가지고
AIHub_LowQualityPhoneVoice_valid__08435,30.612244897959183,2.0408163265306123,-28.57142857142857,False,보니까 기간도 소요되셨고 수강하신 이력도 있으셔서 원래는 십만 천 구백 삼 원 가능하신데,우리가 기간도 수여되셨고 수강 사실 이득 돼 있으셔서 원룸이 십 만 천 구백 천 원 가능하신데,보니까 기간도 소요되셨고 수강하실 이력도 있으셔서 원래는 십만 천 구백 삼 원 가능하신데
AIHub_LowQualityPhoneVoice_valid__08460,55.55555555555556,5.555555555555555,-50.0,False,혹시 자정 전에 이게 학습을 종료,혹시 다정전에 이 하우스바브 정녀,혹시 자정 전에 이 학습을 종료
AIHub_LowQualityPhoneVoice_valid__08475,12.698412698412698,9.523809523809524,-3.174603174603174,False,네 그 날만 안 돼 있는 거잖아요 그 날도 근데 안 찍혀 있는 게 아니라 삼십 오 분 밖에 안 찍혀 있는 거잖아요,그 말은 안 돼 있는 거잖아요 그 말도 근데 안 찍혀있는 게 아니라 삼십 오 분밖에 안 찍혀있는 거잖아요,그 날만 안 돼있는 거잖아요 그 날도 근데 안 찍혀있는 게 아니라 삼십 오 분밖에 안 찍혀있는 거잖아요
AIHub_LowQualityPhoneVoice_valid__08479,7.8431372549019605,1.9607843137254901,-5.88235294117647,False,이게 막 혹시나 이제 기계에 차거나 그런 거라면 어떻게 될까 해서 여쭤보려고 전화드렸던 거지,이게 막 혹시나 이제 기계 타거나 그런 거라면 어떻게 될까 해서 여쭤볼려고 전화 드렸던 거지,이게 막 혹시나 이제 기계에 차거나 그런 거라면 어떻게 될까 해서 여쭤볼려고 전화드렸던 거지
AIHub_LowQualityPhoneVoice_valid__08500,4.761904761904762,4.761904761904762,0.0,False,확인 도와드릴게요 잠시만 기다려 주세요,확인 도와드릴게요 잠시만 기다려주세요,확인 도와드릴게요 잠시만 기다려주세요
AIHub_LowQualityPhoneVoice_valid__08504,15.730337078651685,10.112359550561797,-5.617977528089888,False,어떻게 조금 삼십 일이라도 연장을 해주시면 안 될까요 곧 시험 기간인데 이게 버튼을 클릭하는 거 연장이라는 그런 것도 없고 이거 다시 저기 끊어야 된다는 건가요,어떻게 쪼끔 아 아 뭐 삼십 일이라도 염장을 해주시면 안 될까요 곧 시험 기간인데 이게 버튼을 클릭하는 거 염장이라는 그런 것도 없고 우리가 다시 거기 끊어야 된다는 건가요,어떻게 조금 아 아 그럼 삼십 일이라도 연장을 해주시면 안 될까요 곧 시험기간인데 이게 버튼을 클릭하는 거 연장이라는 그런 것도 없고 이거 다시 거기 끊어야 된다는 건가요
AIHub_LowQualityPhoneVoice_valid__08513,8.333333333333332,8.333333333333332,0.0,False,어 저 그 강의 강의가 그 사 구매를 하면은,어 저 그 강의 강의가 그 사 굶애를 하면은,어 저 그 강의 강의가 그 구매를 하면은
AIHub_LowQualityPhoneVoice_valid__08523,20.0,10.0,-10.0,False,개념 완성 빼고 네,개념왕성 빼고 네,개념완성 빼고 네
AIHub_LowQualityPhoneVoice_valid__08524,0.0,0.0,0.0,False,네 네 말씀하세요,네 네 말씀하세요,네 네 말씀하세요
AIHub_LowQualityPhoneVoice_valid__08525,14.516129032258066,0.0,-14.516129032258066,False,이천 이십 이 년 뉴 매직 유형별 자료 분석 스피드 개념 자료 분석이랑 이천 이십 이 년 뉴 매직 기출 분석이요,이천 이십 이 년 뉴메직 유형별 자리분석 스피드 개념 자리분석이랑 이천 이십 이 년 뉴메직 기출분석이요,이천 이십 이 년 뉴 매직 유형별 자료 분석 스피드 개념 자료 분석이랑 이천 이십 이 년 뉴 매직 기출 분석이요
AIHub_LowQualityPhoneVoice_valid__08532,26.666666666666668,6.666666666666667,-20.0,False,어 잠시 다시 한 번 볼게요,어 다시 한번 볼게요,어 잠시 다시 한번 볼게요
AIHub_LowQualityPhoneVoice_valid__08533,18.181818181818183,4.545454545454546,-13.636363636363637,False,스피드 개념 자료 분석이랑 기출 분석 네,피드 개념 자료 분석이랑 기초 분석 내에,피드 개념 자료 분석이랑 기출 분석 네
AIHub_LowQualityPhoneVoice_valid__08541,3.225806451612903,0.0,-3.225806451612903,False,네 아니요 그럼 교재는 따로 환불 안되고 계속 오는 거죠,네 아니요 그럼 교재는 따로 환불 안 되고 계속 오는 거죠,네 아니요 그럼 교재는 따로 환불 안되고 계속 오는 거죠
AIHub_LowQualityPhoneVoice_valid__08544,15.294117647058824,0.0,-15.294117647058824,False,잠시만요 이게 교재 같은 경우에는 이게 강좌 수강 중일 때만 교재도 구매가 가능해서요 이걸 취소하게 되시면 교재도 취소를 하는 게 맞으세요 회원님 그래서,지금 아니요 이게 교재 같은 경우에는 이게 강자 수강증 할 때만 교재도 구해가 가능해서요 이걸 취소하게 되시면 교재도 취소를 하는 게 맞으세요 아니 그래서,잠시만요 이게 교재 같은 경우에는 이게 강좌 수강 중일 때만 교재도 구매가 가능해서요 이걸 취소하게 되시면 교재도 취소를 하는 게 맞으세요 회원님 그래서
AIHub_LowQualityPhoneVoice_valid__08554,10.16949152542373,5.084745762711865,-5.084745762711865,False,회원님께서 이거 전체 취소 후에 다시 구매를 해주셔야 하세요 이게 이천 사백 원 배송비가 추가가 되시거든요,여회아님께서 이거 전체 취소 후에 다시 구매해주셔야 하세요 이게 이천 사백 원 배송비가 추가가 돼지거든요,회원님께서 이거 전체 취소 후에 다시 구매를 해주셔야 하세요 이천 사백 원 배송비가 추가가 되시거든요
AIHub_LowQualityPhoneVoice_valid__08594,23.333333333333332,6.666666666666667,-16.666666666666664,False,하루에 오백 원으로 해서 연장이 칠 일씩 가능해진다고요,하루에 오백 원으로 해서 그 연장이 티댓이 가능해진다구요,하루에 오백 원으로 해서 그 연장이 칠 일씩 가능해진다고요
AIHub_LowQualityPhoneVoice_valid__08595,2.5,2.5,0.0,False,어 그러면은 그 그렇게 해서 세 번까지 이십 일 일이 그럼 가능한 거예요,아 그러면은 그 그렇게 해서 세 번까지 이십 일 일이 그럼 가능한 거예요,어 그러면은 그 그렇게 해서 세 번까지 이십 일 일 이 그럼 가능한 거예요
AIHub_LowQualityPhoneVoice_valid__08600,1.7857142857142856,1.7857142857142856,0.0,False,어 네 그러면은 그 클릭하면 뭐 칠 일이면 칠 일에 해당하는 삼천 오백 원 결제가 뜨는 그런 식인가요,어 네 그러면은 그 클릭하면 뭐 칠 일이면 칠 일에 해당하는 삼천 오백 원 결제가 드는 그런 식인가요,아 네 그러면은 그 클릭하면 뭐 칠 일이면 칠 일에 해당하는 삼천 오백 원 결제가 뜨는 그런 식인가요
AIHub_LowQualityPhoneVoice_valid__08603,12.903225806451612,0.0,-12.903225806451612,False,네 그럼 이십 일 일 이상 연장은 안 되는 상황인 거네요,네 그럼 이십 일 일 이사하는 연장을 안 되는 상황인 거네요,네 그럼 이십 일 일 이상 연장은 안 되는 상황인 거네요
AIHub_LowQualityPhoneVoice_valid__08604,11.11111111111111,0.0,-11.11111111111111,False,아 예 알겠습니다,어 예 알겠습니다,아 예 알겠습니다
AIHub_LowQualityPhoneVoice_valid__08620,22.22222222222222,18.51851851851852,-3.7037037037037024,False,패스 수강 안내 아닌데 뭘 뭘로 들어가라는 얘기가,패스 수강 안 내 아닌데 뭘 뭘로 들어가는,패스 수강 안내 아닌데 뭘 뭘로 들어가야 되는
AIHub_LowQualityPhoneVoice_valid__08622,44.44444444444444,11.11111111111111,-33.33333333333333,False,수정을 눌러주세요,세 시간을 눌러주세요,수강을 눌러주세요
AIHub_LowQualityPhoneVoice_valid__08635,19.51219512195122,4.878048780487805,-14.634146341463413,False,그 익스플로어를 사용할 것을 안내를 저희가 한 번 드렸던 걸로 확인되시는데,스플로어로 사용할 것을 안내를 저희가 한번 드렸던 걸로 하긴 되시는데,그 익스플로러로 사용할 것을 안내를 저희가 한 번 드렸던 걸로 확인되시는데
AIHub_LowQualityPhoneVoice_valid__08637,9.67741935483871,0.0,-9.67741935483871,False,어 이게 그 맥북에서는 익스플로러를 사용할 수가 없는 게,어 이게 그 맥북에서는 익스프로런을 사용할 수가 없는 게,어 이게 그 맥북에서는 익스플로러를 사용할 수가 없는 게
AIHub_LowQualityPhoneVoice_valid__08645,0.0,0.0,0.0,False,아 스피커로도 듣고 이어폰으로도 들었는데 윈도우랑 많이 다른 게 이게 왜 그런지 제가 알거든요,아 스피커로도 듣고 이어폰으로도 들었는데 윈도우랑 많이 다른 게 이게 왜 그런지 제가 알거든요,아 스피커로도 듣고 이어폰으로도 들었는데 윈도우랑 많이 다른 게 이게 왜 그런지 제가 알거든요
AIHub_LowQualityPhoneVoice_valid__08647,19.51219512195122,2.4390243902439024,-17.073170731707318,False,근데 맥에서는 그 컬러스 플레이어가 그 이 문제를 해결을 아직 안 해줬는데,근데 워개서는 그 콜라스 플레이어가 그 이 문제를 아직 안 해줬는데,근데 맥에서는 그 콜러스 플레이어가 그 이 문제를 해결을 아직 안 해줬는데
AIHub_LowQualityPhoneVoice_valid__08652,15.384615384615385,7.6923076923076925,-7.6923076923076925,False,아 천천히 확인해 주세요,아 천이 확인해 주세요,아 천천히 확인해주세요
AIHub_LowQualityPhoneVoice_valid__08663,85.71428571428571,57.14285714285714,-28.57142857142857,False,끊으셔도 돼요,별로 서도 사용,뜯는 써도 돼요
AIHub_LowQualityPhoneVoice_valid__08664,45.45454545454545,27.27272727272727,-18.181818181818183,False,네 일자리창설과입니다,네 자리 찾겠습니다,예 일자리 창출과입니다
AIHub_LowQualityPhoneVoice_valid__08666,7.216494845360824,2.0618556701030926,-5.154639175257731,False,네 그 접수는 된 것 같은데 뭐 한 사람이 뭐 몇 년씩 계속 근무를 하게 되고 있다고 하고 뭐 여러 사람에게 고르게 기회가 주어지지 않는 것에 대해서 민원 제기를 해 주셨구요,네 그 접수는 된 거 같은데 뭐 한 사람이 뭐 몇 년씩 계속 근무를 하게 되고 있다고 하고 뭐 여러 사람에게 고르게 기회가 좋아지지 않는 것에 대해서 미련 얘기를 해 주셨고요,네 그 접수는 된 것 같은데 뭐 한 사람이 뭐 몇 년씩 계속 근무를 하게 되고 있다고 하고 뭐 여러 사람에게 고르게 기회가 주어지지 않는 것에 대해서 민원 제기를 해주셨고요
AIHub_LowQualityPhoneVoice_valid__08686,74.19354838709677,64.51612903225806,-9.677419354838705,False,알겠습니다 연락처 확인 돼서 한 번 더 전화 드리겠습니다,네 네 난 에이 뭐 내일 맞춰서 연락처 확인돼서 한 번 더 전화드리고,아 예 알겠습니다 예 뭐 내용만 접수 네 연락처 확인되어서 한 번 더 전화드리겠습니다
AIHub_LowQualityPhoneVoice_valid__08694,111.11111111111111,122.22222222222223,11.111111111111114,False,저 저 저 성산구,저 저 저 청평구 청삼구 이에요,네 저 저 저 창산동 창남동이에요
AIHub_LowQualityPhoneVoice_valid__08697,60.0,23.333333333333332,-36.66666666666667,False,그러면 성산 성산구청으로 할 때도 동사무소로 해야 돼예,그러면 승산 승산 고총으로 갈 때 그 성남동 동 사무소로 얘기해,그러면 성산 성산구청으로 할 때 그 성산 동 동사무소로 해야 돼예
AIHub_LowQualityPhoneVoice_valid__08729,41.02564102564102,20.51282051282051,-20.51282051282051,False,그렇죠 네 조금씩 조금씩 시원해질 것 같은데 그 대신 감기 조심하시구요,그렇죠 이제 조금씩 일시 시원해질 거 같은데 그래야 조금씩 정신을 하시구요,그렇죠 네 조금씩씩 시원해질 것 같은데 그래도 감시 조심하시고요
AIHub_LowQualityPhoneVoice_valid__08740,11.864406779661017,3.389830508474576,-8.474576271186441,False,아 그래요 음 어제 비 오고 나서 좀 날씨가 많이 선선해진 거 같던데 혹시 뭐 창문 열어 보시거나 하셨어요,아 그래요 뭐 어제 비 오고 나서 좀 날씨가 많이 선선해진 거 같던데 혹시 뭐 철문 열어 보지 않았어요,아 그래요 음 어제 비 오고 나서 좀 날씨가 많이 선선해진 것 같던데 혹시 뭐 창문 열어보시거나 하셨어요
AIHub_LowQualityPhoneVoice_valid__08749,96.55172413793103,79.3103448275862,-17.241379310344826,False,아이고 무시라 그래 좀 쌀쌀하기 전에는 막 죽는 기라,아유 뭉시라 그라가 재미 좀 하자 하기 전에는 좀 해는 시다만구만 이 정도부터 잡어,아이고 뭐시라 그래가 되면 좀 잘하기 전에는 뭐 죽는지라 막 마 그 전 것부터 다
AIHub_LowQualityPhoneVoice_valid__08774,94.73684210526315,21.052631578947366,-73.68421052631578,False,어디로 그 그렇게 해야 돼요 그러면,어,어 그 그 그케 해야 돼요 그러면
AIHub_LowQualityPhoneVoice_valid__08787,61.111111111111114,55.55555555555556,-5.555555555555557,False,손자를 내가 키웠거든요 부모 없이 부모 없이 손자를 내가 키웠어요,야 막 손자를 내가 끼앗그르냐 음무원지 음무원지 손자를 내가 끼앗떠요,내가 막 손자를 내가 쥐었거든예 무거우시 무거우시 손자를 내가 쥐었어요
AIHub_LowQualityPhoneVoice_valid__08800,7.142857142857142,3.571428571428571,-3.571428571428571,False,어르신의 목소리에 왜 이렇게 기운이 없으세요 어르신,어르신은 목소리에 왜 이렇게 기억이 없으세요 어르신,어르신은 목소리에 왜 이렇게 기운이 없으세요 어르신
AIHub_LowQualityPhoneVoice_valid__08801,57.14285714285714,50.0,-7.142857142857139,False,내 아침에 돼서 안 그렇나,나 아침에 내가 간 거 임마,내 아침에 배상가거나
AIHub_LowQualityPhoneVoice_valid__08812,36.84210526315789,36.84210526315789,0.0,False,아 아침 이 시간 되면 만날 이렇다,어 아 한 시간 되면 만나야겠다,아 아 공개 시간 되면 만나야겠다
AIHub_LowQualityPhoneVoice_valid__08813,40.0,15.0,-25.0,False,아 그렇구나 음 아침 식사는요 어르신,아유 그렇구나 어 아침 식사는 야 오들 샛,아유 그렇구나 아침 식사는요 어르신
AIHub_LowQualityPhoneVoice_valid__08817,18.478260869565215,11.956521739130435,-6.52173913043478,False,음 맞죠 그래도 어르신은 응 막 간식도 드시고 막 잘 챙겨 드시고 해서 그래도 제가 어 전화 드리는 어르신보다 훨씬 목소리도 젊고 응 더 활기 차고 그러신 것 같아요,음 맞죠 그래가지고 항상 어르신은 으 막 간식도 드시고 막 잘 챙겨 드시고 해서 그래서 제가 아 전화 드리는 어르신보다 훨씬 목소리도 더 높고 으 아 활기차고 그러신 거 같애요,음 맞죠 그래도 어르신은 으으 막 간식도 드시고 막 잘 챙겨 드시고 해서 그래도 제가 전화드리는 어르신보다 훨씬 목소리도 좋고 으음 아 활기차고 그러신 것 같애요
AIHub_LowQualityPhoneVoice_valid__08821,5.128205128205128,2.564102564102564,-2.564102564102564,False,아유 오늘 응 오늘 또 어르신이랑 저랑 또 좋아하는 불금이잖아요 어르신,아유 오늘 아 오늘 또 어르신랑 저랑 또 좋아하는 불금이잖아요 어르신,아유 오늘 아 오늘 또 어르신이랑 저랑 또 좋아하는 불금이잖아요 어르신
AIHub_LowQualityPhoneVoice_valid__08829,28.57142857142857,0.0,-28.57142857142857,False,네 감사합니다,감사합니다,네 감사합니다
AIHub_LowQualityPhoneVoice_valid__08838,52.63157894736842,31.57894736842105,-21.052631578947366,False,아 네 불편을 드려 너무 죄송합니다,아 네 죄송합니다,아 네 고객님 너무 죄송합니다
AIHub_LowQualityPhoneVoice_valid__08852,14.84375,7.8125,-7.03125,False,나라의 돈을 그걸 가지고 전부 다 없는 사람 돌아가면서 벌어 먹고 살아야지 한 사람만 계속 그 사람 담당을 안다고 해서 그 사람이 계속 채용을 해 주고 공무원을 또 다른 공무원을 안다고 해서 채용을 해 주고 그건 아닌 거 아닙니까,사라의 돈을 그걸 가지고 전부 다 없는 사람을 떠러가면서 버려 먹고 살아야지 한 사람에게 해서 그 사람 담당을 안다고 해서 그 사람이 계속 대용을 해주고 공무원을 또 다른 공무원을 안다고 해서 대용을 해주고 그건 아닌가입니까,살아야 돈을 그걸 가지고 전부 다 없는 사람 돌아가면서 벌을 먹고 살아야지 한 사람밖에 해서 그 사람 담당을 안다고 해서 그 사람이 계속 채용을 해주고 공무원을 또 다른 공무원을 안다고 해서 채용을 해주고 그건 아닌 거 아닙니까
AIHub_LowQualityPhoneVoice_valid__08854,27.659574468085108,19.148936170212767,-8.51063829787234,False,그리고 철저하게 이거를 먹고 재산 파악을 해 가지고 그래 갖고 해 줘야지 돈이 그 많고 어 차를 그랜저씩이나 끌고 다니고 요새 차 값이 뭐 일 이천 합니까 그게 비싼 게,그리고 솔직하게 이거를 달리기 세계 먹고 세상 파악을 해가지고 그래갖고 해줘야지 돈이 그 많고 어 차를 그런 시기나 끌고 다니고 요새 차값이 뭐 일일치감합니까 되게 쉽단 게,그리고 철저하게 이거를 살린 저게 뭐꼬 재산 파악을 해가지고 그래 갖고 해줘야지 돈이 그 많고 어 차를 그런 식이나 끌고 다니고 요새 차값이 뭐 일 이 천 합니까 그리 갯단 게
AIHub_LowQualityPhoneVoice_valid__08863,37.234042553191486,15.957446808510639,-21.276595744680847,False,그러는데 그거를 그래 나는 아이고 그래 좀 내가 아침에는 그 남자분이 전화 왔을 때 오해를 했네요 그래 같은 부서 같으면은 민원을 저 받아 주려고 전화를 한 것 같으네요,그러는데 그거를 그 테레나나는 알고 그래 좀 내가 아침에는 그 남자분이 지나왔을 때 오해를 했네요 저리 같은 볼 수 있었던 애는 그 인원을 저쪽 빠져줄라고 전화를 향기 같은 해요,그러는데 그거를 어떻게라도 아이고 그래 좀 내가 아침에는 그 남자분이 전화 왔을 때 오해를 했네요 그래 같은 버스가 타면은 민원을 받아둘라고 전화를 한 것 같으네요
AIHub_LowQualityPhoneVoice_valid__08867,23.076923076923077,23.076923076923077,0.0,False,그리 해 갖고 되겠습니까,거리해갖고 되겠습니까,거리해갖고 되겠습니까
AIHub_LowQualityPhoneVoice_valid__08879,12.195121951219512,0.0,-12.195121951219512,False,말을 안 하고 다들 자존심들이 있으니까 말을 안 해서 그렇지 안 그렇습니까,말을 안 하고 다들 자존심 대리 있습니까 말을 안 해서 그렇게 안 그렇습니까,말을 안 하고 다들 자존심들이 있으니까 말을 안 해서 그렇지 안 그렇습니까
AIHub_LowQualityPhoneVoice_valid__08896,125.0,0.0,-125.0,False,다른 건 없고예,아하 아하 작은 큰가꼬예,다른 건 없고예
AIHub_LowQualityPhoneVoice_valid__08898,39.0625,31.25,-7.8125,False,진짜 예 우리나라 진짜 어 저기 저기 뭐꼬 케이 나인 이런 것도 돈이 아닙니까 어 근데 그랜저 값도 돈이 얼마입니까,네 인사에 우리나라 진짜 어 그저 뭐 거 세이나 이런 것도 돈이 이득되게 아닙니까 어 근데 그랜지갖고 돈이 얼맙니까,시인사 에 우리나라 진짜 어 저기 뭐꼬 페이나 이런 것도 돈이 이렇더기 아닙니까 어 근데 그랜지 갖고 돈이 얼맙니까
AIHub_LowQualityPhoneVoice_valid__08907,16.0,4.0,-12.0,False,예 그렇게 조사를 잘 해 달라고 전달하겠습니다,예 그렇게 조사를 잘 해달라고 할께 하겠습니다,예 그렇게 조사를 잘 해달라고 전달하겠습니다
AIHub_LowQualityPhoneVoice_valid__08918,20.0,10.0,-10.0,False,예 확인 한번 해 보겠습니다 잠시만 기다려 주시겠습니까,이게 확인 한번 해보겠습니다 잠시만 기다려 주십니까,네 확인 한번 해보겠습니다 잠시만 기다려주시겠습니까
AIHub_LowQualityPhoneVoice_valid__08932,5.405405405405405,2.7027027027027026,-2.7027027027027026,False,네 운영을 하고 있는 곳 전화번호 말씀 드릴 텐데 메모 가능하실까요,네 운영을 하고 있는 곳 전화번호 말씀드릴텐데 메모 가능하실까요,네 운영을 하고 있는 곳 전화번호 말씀드릴 텐데 메모 가능하실까요
AIHub_LowQualityPhoneVoice_valid__08937,13.513513513513514,21.62162162162162,8.108108108108107,False,예전에 말씀 드린 곳이 아까 제가 말씀 드렸던 마산 공원 묘원인데요,예전에 말씀드린 곳이 아까 제가 말씀드린 마산 공원 명원인데요,예 선생님 말씀드린 곳이 아까 제가 말씀드린 마산 공원 묘원인데요
AIHub_LowQualityPhoneVoice_valid__08939,50.0,25.0,-25.0,False,네 뭐 없습니다,네 감사합니다,네 없습니다
AIHub_LowQualityPhoneVoice_valid__08941,0.0,0.0,0.0,False,예 안녕하세요,예 안녕하세요,예 안녕하세요
AIHub_LowQualityPhoneVoice_valid__08945,33.33333333333333,20.0,-13.333333333333329,False,우리가 여기 명진 재가 센터,우리 저기 명진 제과센터,거기서 여기 명진 재가 센터
AIHub_LowQualityPhoneVoice_valid__08953,28.57142857142857,16.666666666666664,-11.904761904761905,False,아니예 한번 확인을 해 봐야 되겠습니다 아직 아직은 예 그게 아니시니까는 예,아니예 한번 하시든 해봐야 되겠는데 아예 아예 예 예 그게 아니시니까는 예예,아니예 한번 확인을 해봐야 되겠습니다 아직까지는 예예 그게 아니시니까는 예예
AIHub_LowQualityPhoneVoice_valid__08973,33.33333333333333,27.77777777777778,-5.55555555555555,False,아 신동 신동면사무소에서 했거든예,아 신동 신동 연사무소에 사 있거든,아 신동 신동 면사무소에서 돼 있거든요
AIHub_LowQualityPhoneVoice_valid__08975,29.03225806451613,4.838709677419355,-24.193548387096776,False,어 조폐공사에서 십 사 일 날 문자가 와 가지고 십 구 일 이후로 찾으러 가시면 됩니다 이렇게 문자가 왔더라고예,거기 저 백호소에서 십 사 년 문자 와가지고 십골 이후로 찾으러 가시면 됩니다 이렇게 문자가 왔드라고요,거기 조폐공사에서 십 사 일 날 문자가 와가지고 십 구 일 이후로 찾으러 가시면 됩니다 이렇게 문자가 왔더라고예
AIHub_LowQualityPhoneVoice_valid__08992,8.771929824561402,1.7543859649122806,-7.0175438596491215,False,기다려 주셔서 감사합니다 제가 담당자는 따로 지금 현재 부재 중이라 다른 담당자에게 확인을 해 봤는데요,기다려 주셔서 감사합니다 제가 담당자는 따로 지금 현재 부대 중이나 다른 담당자에게 확인을 해 주세요,기다려 주셔서 감사합니다 제가 담당자는 따로 지금 현재 부재 중이라 다른 담당자에게 확인을 해봤는데요
AIHub_LowQualityPhoneVoice_valid__08995,1.639344262295082,1.639344262295082,0.0,False,지금 조폐공사에서는 그렇게 문자를 주셨는데 면에서 이렇게 수령하실 때 되면은 연락을 따로 드린다라고 하시거든요,지금 조폐공사에서는 그렇게 문자를 주셨는데 면에서 이게 수령하실 때 되면은 연락을 따로 드린다라고 하시거든요,지금 조폐공사에서는 그렇게 문자를 주셨는데 면에서 이게 수령하실 때 되면은 연락을 따로 드린다라고 하시거든요
AIHub_LowQualityPhoneVoice_valid__09000,31.25,0.0,-31.25,False,기다려 주셔야 될 것 같습니다,빨리 해주셔야 될 거 같습니다,기다려 주셔야 될 것 같습니다
AIHub_LowQualityPhoneVoice_valid__09012,94.11764705882352,35.294117647058826,-58.823529411764696,False,예 그 재산 명시 뭐 해 가지고,에 에,예 저 폐산민 씨 뭐 해가지고
AIHub_LowQualityPhoneVoice_valid__09029,50.0,0.0,-50.0,False,북면 맞으십니까,각년 날이십니까,북면 맞으십니까
AIHub_LowQualityPhoneVoice_valid__09043,25.0,0.0,-25.0,False,예 수고하십니다,네 수고하십니까,예 수고하십니다
AIHub_LowQualityPhoneVoice_valid__09048,6.451612903225806,3.225806451612903,-3.225806451612903,False,우선 한번 제가 내용을 한번 확인해 봐야 될 거 같은데요,우선 한 번 제가 내용을 한번 확인해봐야 될 거 같은데요,우선 한번 제가 내용을 한번 확인해 봐야 될 것 같은데요
AIHub_LowQualityPhoneVoice_valid__09051,25.0,25.0,0.0,False,없을 거 같구요,없을 거 같구 야,없을 것 같고요
AIHub_LowQualityPhoneVoice_valid__09055,24.324324324324326,5.405405405405405,-18.91891891891892,False,아 그러니까 우 우리가 이제 걸어서 갈 수 있으니까 혹시 예 예 예,아 그니까 우 우리가 이게 걸어갈 수 있으니까 혹시 이,아 그니까 우 우리가 이 걸어서 갈 수 있으니까 혹시 예 예 예
AIHub_LowQualityPhoneVoice_valid__09070,22.666666666666664,24.0,1.3333333333333357,False,아 근데 저희는 이제 자료를 받는 게 싫은게 이게 그 현 현장 체험학습으로 생각하는 거기 때문에 예 자 예 자료야 구할 수는 있을 건데,아 근데 저희는 이제 자료를 받는 게 쉬운데 이게 그 현 현장 체험 학습으로 생각하는 거일 거면은 예 자료야 뭐 구할 수 있금데,아 근데 저희 이제 자료를 받는 게 아니라 그 현장 체험 학습으로 생각하는 거기 때문에 자료에 뭐 구할 수 있을 건데
AIHub_LowQualityPhoneVoice_valid__09081,8.333333333333332,0.0,-8.333333333333332,False,네 선생님 신청을 하고자 전화를 주신 건가요,네 선생님 신청을 하고자 전활 주신 건가요,네 선생님 신청을 하고자 전화를 주신 건가요
AIHub_LowQualityPhoneVoice_valid__09084,20.0,0.0,-20.0,False,선생님 재활 방문 관련해서요 어르신 돌봄이나 이런 부분을 말씀하시는 게 맞으십니까,제 대외 방문 관련해서요 어르신 불법이나 이런 부분을 말씀하신 게 맞으십니까,선생님 재활 방문 관련해서요 어르신 돌봄이나 이런 부분을 말씀하시는 게 맞으십니까
AIHub_LowQualityPhoneVoice_valid__09104,100.0,23.52941176470588,-76.47058823529412,False,기다려 주셔서 감사합니다 지금 현재 이 교육하고 위탁 업무를 우선은 복지관에서 하고 있거든요,네,네 감사합니다 지금 현재 이 교육하고 위탁 업무를 우선은 뭐 폐강해서 하고 있거든요
AIHub_LowQualityPhoneVoice_valid__09107,21.875,6.25,-15.625,False,담당 부 어 창원 지역 맞으신 건가요 진해 지역이신 건가요,단당부 어 항원지원 맞으신 건가요 지네 지역이신 건가요,담당부 어 창원지역 맞으신 건가요 진해 지역이신 건가요
AIHub_LowQualityPhoneVoice_valid__09110,100.0,20.0,-80.0,False,한번 문의를 해보셔야 될 것 같습니다,네,각각 한 번 문의를 해보셔야 될 것 같습니다
AIHub_LowQualityPhoneVoice_valid__09114,46.0,6.0,-40.0,False,네 수고 많으십니다 저 다름이 아니라요 그 다누리 카드를 발급하고자 하는데 애 두 명인데요,네 고맙십니다 제 담임이 아니다요 그 다물이 카드 에 전역하고 나는 네 등 예능이에요,네 수고 많으십니다 다름이 아니라요 그 다누리 카드 발급하고자 하는데 애 두 명인데요
AIHub_LowQualityPhoneVoice_valid__09137,30.303030303030305,12.121212121212121,-18.181818181818183,False,혹시 실례지만 거주해 계신 지역구 동이 어떻게 되시는 건가요,혹시 소나기나 거제어지는 지역구 돈이 어떻게 되시는 건가요,혹시 실례지만 거주하게 된 지역구 동이 어떻게 되시는 건가요
AIHub_LowQualityPhoneVoice_valid__09146,103.57142857142858,64.28571428571429,-39.28571428571429,False,가정복지과 잠깐만요 좀 적어 놔야 되겠다 디딤 씨앗,아 디렉시카 잠깐만요 좀 끄고 나오지 뽕시 뽕시가 오 오 오입니다 디렉시아,화정복지과 잠깐만요 좀 찍어 놔야지 복지 복지과 옵 옵에도 비빌 씨야
AIHub_LowQualityPhoneVoice_valid__09171,0.0,0.0,0.0,False,아 그렇습니까,아 그렇습니까,아 그렇습니까
AIHub_LowQualityPhoneVoice_valid__09173,35.714285714285715,0.0,-35.714285714285715,False,다른 문의 사항 있으십니까,알아문의사은 있으십니까,다른 문의 사항 있으십니까
AIHub_LowQualityPhoneVoice_valid__09175,84.61538461538461,15.384615384615385,-69.23076923076923,False,네 행복한 하루 되십시오,여성보표 어디 쉽지 아,네 행복한 오후 되십시오
AIHub_LowQualityPhoneVoice_valid__09199,33.33333333333333,4.761904761904762,-28.571428571428566,False,네 감사합니다 다른 문의사항 있으십니까,네 감사합니다 잘 업 문제자원 있으십니다,네 감사합니다 다른 문의 사항 있으십니까
AIHub_LowQualityPhoneVoice_valid__09211,42.10526315789473,10.526315789473683,-31.578947368421048,False,아 네 현재 확인되고 있진 않은데요,어 네 선생님 하신 데고 있진 않은데요,어 네 현재는 확인되고 있진 않은데요
AIHub_LowQualityPhoneVoice_valid__09256,29.213483146067414,7.865168539325842,-21.34831460674157,False,주무관님 저 그 민원인 분께서 신혼부부 전세자금 대출 이자 지원 사업요 지난번에 한 번 문의를 주셨을 때 구 월에 시행을 할 거라고 그 요맘때 한 번 전화를 예,그 민환이도 인제 그 신혼대부 단세자금 대출 이자 지원 사업이야 지난번에 한 번 문의를 주셨을 때 구 월에 시행을 할 거라고 뭐 요만대 한 번 더 사는 데,주무관님 저 그 민원인분께서 신혼대부 전세자금 대출 이자 지원 사업료 지난번에 한 번 문의를 주셨을 때 구 월에 시행을 할 거라고 요망대 한 번 전화를 예
AIHub_LowQualityPhoneVoice_valid__09263,40.0,6.666666666666667,-33.333333333333336,False,네 시청에 주택 정책과이고요,내 시청에 주택 정책 가입이야,네 시청에 주택정책과이고요
AIHub_LowQualityPhoneVoice_valid__09265,15.714285714285714,4.285714285714286,-11.428571428571427,False,그러면은 이걸 제가 언제부터 문의를 하면 돼요 십일월 중순에 시작을 하면은 그때쯤 전화를 해야 돼 미리 어떻게 알아봐야 되나요,그러면은 요번 제가 언제 그때쯤 전화를 하면 돼요 십 일 월 중순에 시작을 하면은 그때쯤 전화를 해야 돼요 미리 어떻게 알아봐야 되나요,그러면은 요걸 제가 언제부터 문의를 하면 돼요 십 일 월 중순에 시작을 하면은 그때쯤 전화를 해야 돼 미리 어떻게 알아봐야 되나요
AIHub_LowQualityPhoneVoice_valid__09277,23.684210526315788,15.789473684210526,-7.894736842105262,False,아 네 선생님님 태봉병원 관련 업무 보건소에서 보실 수 있는데요 제가,아 네 그 태봉대원 관련 업무 보성원서에서 보실 수 있는데요 내가,아 네 선생님 세봉병원 관련 업무 보상 업무소에서 보실 수 있는데요 제가
AIHub_LowQualityPhoneVoice_valid__09279,16.176470588235293,2.941176470588235,-13.235294117647058,False,네 그래서 일단은 진료 기록이랑요 약 처방 업무는 아직 태봉병원 소관인데 대표 원장님한테 전화를 해보시는 게 좋다고 합니다,네 그래서 일단은 진료기르보기엔 양요 약소방 업무는 아직 세종병원 소감인데 대표 원장님한테 전화를 해보시는 게 좋다고 합니다,네 그래서 일단은 진료기록이랑요 약 처방 업무는 아직 태풍병원 소관인데 대표 원장님한테 전화를 해보시는 게 좋다고 합니다
AIHub_LowQualityPhoneVoice_valid__09292,38.23529411764706,11.76470588235294,-26.470588235294116,False,아 예 예 여기서는 누구누구 모집한다는 그 내용은 잘 모릅니까,어 예 예 어떻게 생각하면 누구누구 모집한다니까 내용 잘 모릅니까,아 예예 저기서는 누구누구 모집한다 그 내용 잘 모릅니까
AIHub_LowQualityPhoneVoice_valid__09311,20.930232558139537,2.3255813953488373,-18.6046511627907,False,선생님 그럼 지금 일반 가정집에서 허가도 받지 않고 침을 놓고 있단 말씀이세요,솔직히 그럼 지금 일반 가정치대도 허가져 갖지 않고 힘을 놓고 있단 말씀이세요,선생님 그럼 지금 일반 가동집에서 허가도 받지 않고 침을 놓고 있단 말씀이세요
AIHub_LowQualityPhoneVoice_valid__09321,23.404255319148938,17.02127659574468,-6.382978723404257,False,주무관님 실례지만 뭐 하나 여쭤보려고 전화드렸는데요 그 혹시 봉침 아실까요 벌침 하는,세상에 실례지만 뭐 하나 여쭤볼려고 전화 드렸는데요 그 사실 봉신 아실까요 벌킹하는,선생님 실례지만 뭐 하나 여쭤볼려고 전화드렸는데요 그 혹시 봉치 맛일까요 벌치 하는
AIHub_LowQualityPhoneVoice_valid__09329,4.545454545454546,4.545454545454546,0.0,False,아 아니면은 그 한방 치료실이 있거든요 그쪽에 한 번 제가 전화번호 알려드릴게요,아 아니면은 그 방방 치료실이 있거든요 그쪽에 한 번 제가 전화번호 알려 드릴게요,아 아니면은 그 행방 치료실이 있거든요 그쪽에 한번 제가 전화번호 알려드릴게요
AIHub_LowQualityPhoneVoice_valid__09335,10.526315789473683,5.263157894736842,-5.263157894736842,False,연락 받으실 번호가 어떻게 되십니까,연락받으신 번호가 어떻게 되십니까,연락받으실 번호가 어떻게 되십니까
AIHub_LowQualityPhoneVoice_valid__09352,68.75,25.0,-43.75,False,아 예 이 일자리 창출 음 과,아 예 인 인턴이,아 예 이 인자의 감출 음 거
AIHub_LowQualityPhoneVoice_valid__09377,41.66666666666667,0.0,-41.66666666666667,False,잘 처리되시길 바랍니다,잘 차려다시길 말합니다,잘 처리되시길 바랍니다
AIHub_LowQualityPhoneVoice_valid__09390,36.11111111111111,11.11111111111111,-24.999999999999996,False,어려우셔서 여기 오셔 오시라고 했는데 자꾸 욕하셔서 끊은 분입니다,허유 오셔서 여기 호시라도 했는데 자꾸 욕하셔서 끊기고 있습니다,어려우셔서 여기 오셔 오시라고 했는데 자꾸 욕하셔서 끊깁끊합니다
AIHub_LowQualityPhoneVoice_valid__09395,24.8,8.799999999999999,-16.0,False,네 연결은 별로 원하는 거 아닌데 일단은 그냥 국민신문고나 어플로 신고하시던가 동사무소 오시던가 구청에 오시라고 이렇게만 전달해 주세요 저느 지금 전화는 연결 해주셔도 연결해도 계속 욕하실 것 같아서 전화는 안 받고 싶습니다,네 연결은 별로 원하는 거 아닌데 일단은 그냥 국민심문권 어플러 신고하시던가 동사무소 오시던가 고천 오시라고 이렇게 전달을 드래 전 전환을 전달은 오셔도 개 행대해도 계속 욕하실 거 같아서 전환을 안 받고 싶습니다,네 연결은 별로 원하는 거 아닌데 일단은 그냥 국민신문고나 어플로 신고하시던가 동사무소 오시던가 구청에 오시라고 이렇게 하면 전화를 주세요 저는 지금 전화를 연결을 주셔도 계 연결해도 계속 욕하실 것 같아서 전화는 안 받고 싶습니다
AIHub_LowQualityPhoneVoice_valid__09413,9.285714285714286,4.285714285714286,-5.000000000000001,False,어플로 촬영을 하신 게 아니라면 온라인으로 이제 신고하는 게 어렵기 때문에 방문해서 이제 제시를 해주셔야지 아마 접수가 될 건데요 일단 담당 부서로 확인한 방법은 어플로 신고를 하시거나 아니면 동주민센터나 구청 방문해서 신고 접수하는 방법이라고 하고요,플로 촬영을 하신 게 아니라면 온라인으로 이제 신고하는 게 어렵기 때문에 방문에서 이제 제시를 해주셔야 이제 아마 접속될 건데요 일단 담당부서로 확인한 방법은 어플로 신고를 하시거나 아니면 동기민센터가 구청 방문에서 신고 접속하는 방법이라고 하고요,어플로 촬영을 하시는 게 아니라면 온라인으로 이제 신고하는 게 어렵기 때문에 방문을 해서 이제 제시를 해 주셔야지 아마 접수가 될 건데요 일단 담당 부서로 확인한 방법은 어플로 신고를 하시거나 아니면 동 주민센터나 구청 방문해서 신고 접수하는 방법이라고 하고요
AIHub_LowQualityPhoneVoice_valid__09418,5.161290322580645,2.5806451612903225,-2.5806451612903225,False,아니요 그냥 전화를 하셔가지고 당직실로 신고해 주셨으면 아마 부서에서 바로 처리를 했을 텐데요 뭐 전화를 하지 않으셨다면 어플로 신고하는 방법이 가장 간단하고 어플 사용이 어려우신 분들은 보통은 전화를 하셔가지고 당직실이나 아니면 해당 부서에다가 내용 접수를 해 주시고 계십니다,아니 그냥 전화를 하셔가지고 당직실로 신고해주셨으면 아마 부서에서 바로 처리를 했을 텐데요 뭐 전화를 하지 않으셨다면 어플로 신고하면 방법이 가장 간단하고 어플 사용이 어려우신 분들은 보통은 전화를 하셔가지고 당직실이나 아니면 해당 부서에다가 내용 접수를 해주시오겠습니다,아니요 그냥 전화를 하셔 가지고 당직실로 신고해 주셨으면 아마 부서에서 바로 처리를 했을 텐데요 전화를 하지 않으셨다면 어플로 신고하는 방법이 가장 간단하고 어플 사용이 어려우신 분들은 보통은 전화를 하셔 가지고 당직실이나 아니면 해당 부서에다가 내용 접수를 해 주시고 계십니다
AIHub_LowQualityPhoneVoice_valid__09428,54.285714285714285,40.0,-14.285714285714285,False,그게 어떻게 들어가야 생활 불편이 나오는가 뭐 알아야 뭐 하지요,그 그 그니까 누가 내 생활 볼 때는 너는 뭐 알아냐고 하지요,어떻게 드가든 생활불편이 누르면 알아야 뭘 하지요
AIHub_LowQualityPhoneVoice_valid__09436,40.74074074074074,31.48148148148148,-9.25925925925926,False,아니 그게 그 거기도 그 뭐꼬 팻말이 붙어가 있대예 거기 그 알아보니까 그 공장이 들어온다 카대예,하네 이게 그 그 그 그 테마리부터가 있대요 예 그게 그 알아보니까 그 공장에 들어온다 하래요,하나 이기 그 저 그 뭐꼬 새마리부터가 있대예 그게 그 알아보니까 그 공장이 들어온다 하라예
AIHub_LowQualityPhoneVoice_valid__09442,35.0,22.5,-12.5,False,거가 내나 그 그 대림 자동차 뒤께 그 그 공동 사이거든예 공 공동 묘지,그거가 내가 그 그 대기 자동차 뒤 있게 그 그 공동 사회 그는 거야 공 공동 뭐지,그거가 내가 그 그 대기 자동차 대기계 그 그 공동 사이거든예 공동 뭐지
AIHub_LowQualityPhoneVoice_valid__09455,130.0,0.0,-130.0,False,무엇을 도와드릴까요,뭐가 들 도와야 될 거 아니에요,무엇을 도와드릴까요
AIHub_LowQualityPhoneVoice_valid__09459,0.0,3.389830508474576,3.389830508474576,False,음 그러면 저희 뭐 구청이나 이런 기관을 지자체 기관을 통하지 않고 직접적으로 후원을 하시는 내용인 건가요,음 그러면 저희 뭐 구청이나 이런 기관을 지자체 기관을 통하지 않고 직접적으로 후원을 하시는 내용인 건가요,음 그러면 저희 뭐 구청이나 이런 기관을 지자체 기관을 통하지 않고 직접적으로 포함을 하시는 내용인 건가요
AIHub_LowQualityPhoneVoice_valid__09476,14.666666666666666,8.0,-6.666666666666666,False,예 그 다름이 아니고요 그 집을 사게 그 집을 사게 되면은 뭐 보증금 같은 게 있다고 그러는 것 같은데 그게 어떤 건지 좀 알고 싶어서,예 그 다리는 아니구요 그 집을 사게 그 생에 집을 사게 되면은 뭐 보증금 같은 게 있다고 그런 거 같은 게 어떤 건지 좀 알고 싶어서,예 그 다름이 아니고요 그 집을 사게 그 생애 집을 사게 되면은 뭐 보조금 같은 게 있다고 그런 것 같은데 그게 어떤 건지 좀 알고 싶어서
AIHub_LowQualityPhoneVoice_valid__09492,8.333333333333332,0.0,-8.333333333333332,False,네 안경 지원 사업이요,네 안경 지원 사업이야,네 안경 지원 사업이요
AIHub_LowQualityPhoneVoice_valid__09496,254.83870967741936,8.064516129032258,-246.7741935483871,False,아 그렇군요 그러면은 담당하고 있는 부서 따로 보건소 쪽으로 확인이 되어서 제가 그 보건소 네 네 바로 연결 도와드릴 텐데 아 선생님 너무 죄송합니다 저희 관광 고등학교가 창원 지역에 있는 게 맞나요 창원 마산 진해 지역에,아 그렇군요 그러면은 일단 학원에 있는 부사업 따로 보건 구축으로 하시게 되어서 제가 보건 어 예 바로 연결 도와 드릴 텐데 어 예 예 예 예 예 예 예 예 예 예 예 예 예 예 예 예 예 예 예 예 예 예 예 예 예 예 예 예 예 예 예 예 예 예 예 예 예 예 예 예 예 예 예 예 예 예 예 예 예 예 예 예 예 예 예 예 예 예 예 예 예 예 예 예 예 예 예 예 예 예 예 예 예 예 예 예 예 예 예 예 예 예 예 예 예 예 예 예 예 예 예 예 예 예 예 예 예 예 예 예 예 예 예 예 예 예 예 예 예 예 예 예 예 예 예 예 예 예 예 예 예 예 예 예 예 예 예 예 예 예 예 예 예 예 예 예 예 예 예 예 예 예 예 예 예 예 예 예 예 예 예 예 예 예 예,아 그렇군요 그러면은 담당하고 있는 부서 따로 보건소 쪽으로 확인이 되어서 제가 그 보건소 쪽으로 네 네 바로 연결 도와드릴 텐데 아버님 너무 죄송합니다 저희 관광고등학교가 창원 지역에 있는 게 맞나요 창원 마산 진해 중에
AIHub_LowQualityPhoneVoice_valid__09498,20.689655172413794,12.068965517241379,-8.620689655172415,False,아 예 한 가지 여쭤보고자 전화드렸는데 저희 저소득층 자녀분 무료로 안경 지원해 주는 부분 있지 않습니까,아이 한 가지 여쭤보고 다 전화 드렸는데 저희는 저저득 찐 자녀분 무료로 안경 지원해주는 분은 있지 않습니까,아 예 한 가지 여쭤보고자 전화드렸는데 저희 왜 저도 듣힌 자녀분 무료로 안경 지원해주는 부분 있지 않습니까
AIHub_LowQualityPhoneVoice_valid__09507,17.59259259259259,9.25925925925926,-8.333333333333332,False,네 수고하십니다 저 창원시 의창구 북면 감계 쪽에 그 시에서 그게 뭐지 저 그 짓고 있는 그 뭐지 수영장이 언제 개장하는지 제가 잘 몰라가지고 그 어 어 날짜 같은 거 좀 알고 싶어서 그러거든요,네 수고하십니다 저 창호 씨 어 창호 분명히 감기 쪽에 그 시에서 기계 뭐시 그 짓고 있는 그 뭐지 수영장이 언제 개강하는지 제가 잘 몰라가지고 그 그 그 날짜 같은 거 좀 알고 싶어서 그렇거든요,예 수고하십니다 저 창원시 의창구 북면 관계 쪽에 그 시에서 기계 뭐 저 그 짓고 있는 그 뭐지 수영장이 언제 개강하는지 제가 잘 몰라가지고 그 어 그 그 날짜 같은 거 좀 알고 싶어서 그렇거든요
AIHub_LowQualityPhoneVoice_valid__09512,20.833333333333336,8.333333333333332,-12.500000000000004,False,네 뭐 아직까지 어떤 부분이 신청 가능한지 신청 일자라던지 이런 부분이 조금 확인은 어렵습니다 아직 개관 일자도 정해지지 않아서요,뭐 아직까지 어떤 부분을 신청 가능한지 신청 있잖아 던지 이런 부분이 조금 확인이 나렸습니다 아직 기간이 있어도 정해지지 않아서요,네 뭐 아직까지 어떤 부분을 신청 가능한지 신청 일자라던지 이런 부분이 조금 확인이 어렵습니다 아직 기간이 일자로 정해지지 않아서요
AIHub_LowQualityPhoneVoice_valid__09524,0.0,0.0,0.0,False,한의원에서 육 개월 안에 돌아온다고 했는데,한의원에서 육 개월 안에 돌아온다고 했는데,한의원에서 육 개월 안에 돌아온다고 했는데
AIHub_LowQualityPhoneVoice_valid__09527,25.64102564102564,3.8461538461538463,-21.794871794871792,False,창원 말씀이십니까 담당하고 있는 부서는 창원 보건소의 보건정책과로 확인이 되고 있고요 네 담당 부서 전화번호 말씀드릴 텐데 메모 가능하실까요,창원 말씀이십니까 예 단단하고 있는 부서는 창원 보건소에 보건 정책과로 확인이 되고 있구요 예 단단 부서 전하고는 말씀드리셈 드리고 가능하실까요,창원 말씀이십니까 담당하고 있는 부서는 창원 보건소의 보건 정책과로 확인이 되고 있고요 담당 부서 전화번호 말씀드릴 텐데 메모 가능하실까요
AIHub_LowQualityPhoneVoice_valid__09536,62.96296296296296,14.814814814814813,-48.14814814814815,False,네 수고 많으십니다 한 가지 문의할 게 있는데요,네 소비는 했습니다 한마디로 말할 데는,예 수고 많으십니다 한 가지 더 문의할 게 있는데요
AIHub_LowQualityPhoneVoice_valid__09539,38.983050847457626,11.864406779661017,-27.11864406779661,False,예 시험 칠 거 접수를 해야 되는데 재택으로 할 거거든요 그래서 어디에 해야 될지를 몰라서 여쭤보는 겁니다,네 시험출걸 저 소릴 해야 되는데 네 개뜩으로 개뜩거든요 그 어딘지 해야 될지는 몰라서 유튜브 보는 겁니다,예 시험칠 거 접수를 해야 되는데 그 객백으로 할 거거든요 그게 어디에 해야 될지를 몰라서 여쭤보는 겁니다
AIHub_LowQualityPhoneVoice_valid__09541,8.91089108910891,1.9801980198019802,-6.93069306930693,False,네 기다려 주셔서 감사합니다 제가 포털로 확인을 해보니까요 말씀해 주신 요양보호사 자격증 시험 응시는 한국 보건 의료인 의료인 국가시험원이라고 해서 홈페이지에서 원서 접수 가능한데요,네 기다려 주셔서 감사합니다 제가 포폴로 사빈을 해보니까요 말씀해 주신 요양보호사 자격증 시험홍시는 한국보건 의료인 의료인 국가시험원이라고 해서 홈팅리에서 원서 접수 가능한데요,네 기다려 주셔서 감사합니다 제가 포털로 확인을 해보니까요 말씀해 주신 요양보호사 자격증 시험 응시는 한국보건의료인 의료인 국가시험원이라고 해서 홈페이지에서 원서 접수 가능한데요
AIHub_LowQualityPhoneVoice_valid__09556,15.625,12.5,-3.125,False,선생님 방문 접수는 지금 방문 접수처 확인이 좀 어려운데요,방문 접수는 지금 방문 접수청 확인이 좀 어려운데요,방문 접수는 지금 방문 접수처 확인이 좀 어려운데요
AIHub_LowQualityPhoneVoice_valid__09558,38.88888888888889,27.77777777777778,-11.111111111111114,False,아 예 예 그럼 저대로 한 번 알아내 보겠는데 한 번 부탁드릴게요,아 음 그럼 저 들어 말하러 보는데 한 부탁드릴게요,아 예 그럼 저 뒤로 한 번 알아볼 텐데 한 부탁드릴게요
AIHub_LowQualityPhoneVoice_valid__09564,100.0,12.5,-87.5,False,예 수고하십시오,음,네 수고하십시오
AIHub_LowQualityPhoneVoice_valid__09574,15.384615384615385,23.076923076923077,7.692307692307692,False,오션빌 아파트 맞은 편에,오삼빌 아파트 맞은편에,오션데이 아파트 맞은편에
AIHub_LowQualityPhoneVoice_valid__09577,22.727272727272727,0.0,-22.727272727272727,False,말씀 감사합니다 제가 그럼 담당하고 있는 부서 쪽으로 내용 접수 도와드릴 거고요,알쓰 감사합니다 제가 그럼 담당하고는 부서적으로 매운 접수 도와 드릴 거구요,말씀 감사합니다 제가 그럼 담당하고 있는 부서 쪽으로 내용 접수 도와드릴 거고요
AIHub_LowQualityPhoneVoice_valid__09581,30.0,8.0,-22.0,False,말씀 감사합니다 선생님 혹시 방향이요 진해여고 있는 쪽으로 맞은편 말씀하시는 거 맞으실까요,마스터 감사합니다 근데 혹시 방향이에요 지네 여고 있는 쪽으로 맞은 사람 말씀하시는 거 맞으신가요,말씀 감사합니다 선생님 혹시 방향이요 진해 여고 있는 쪽으로 맞은산 말씀하시는 거 맞으신가요
AIHub_LowQualityPhoneVoice_valid__09596,26.666666666666668,16.666666666666664,-10.000000000000004,False,장난감 도서관으로 연결해 드리는 게 나으실 것 같은데예,장난 건 노수반으로 연결해드리는 게 나으실 거 같은데요,잔나간 노수관으로 연결해 드리는 게 나으실 것 같은데예
AIHub_LowQualityPhoneVoice_valid__09604,41.17647058823529,0.0,-41.17647058823529,False,예 다른 궁금하신 점 있으십니까,이 다른 고구마 신청 있으십니까,예 다른 궁금하신 점 있으십니까
AIHub_LowQualityPhoneVoice_valid__09615,31.25,6.25,-25.0,False,따른 데도 다 똑같나요 기간이,따름대로 다 똑같나요 기간,따른 데도 다 똑같나요 기간은
AIHub_LowQualityPhoneVoice_valid__09624,6.796116504854369,2.912621359223301,-3.8834951456310676,False,업무가 어떤 게 하시는 걸로 저희가 정해져 있는 건 아니고요 뭐 각 동이나 구청이나 아님 그 밖에 뭐 사업처에서 나가셔서 일을 하시는 거라서 일을 하시는 내용은 굉장히 다양합니다 선생님,업무가 어떤 게 하시는 걸로 저희가 정해져 있는 건 아니구요 뭐 각 동의나 구청이나 아님 그 밖에 뭐 사업자에서 나가셔서 일을 하시는 거라서 일을 하시는 내용은 굉장히 다양합니다,업무가 어떤 게 하시는 걸로 저희가 정해져 있는 건 아니고요 뭐 각 동이나 구청이나 아니면 그 밖에 뭐 사업자에서 나가셔서 일을 하시는 거라서 일을 하시는 내용은 굉장히 다양합니다 선생님
AIHub_LowQualityPhoneVoice_valid__09639,0.0,25.0,25.0,False,알겠어요 연결하겠습니다,알겠어요 연결하겠습니다,알겠습니다 연결하겠습니다
AIHub_LowQualityPhoneVoice_valid__09658,16.94915254237288,0.0,-16.94915254237288,False,그럼 제가 성산구청 사회복지과로 연결은 가능한데요 아마 답변은 안 되실 수 있는데 연결 바로 해드리겠습니다,그럼 제가 성장 교통 사회국식 거로 연결은 가능한데요 아마 답변을 안 드실 수 있는데 연결 바로 해드리겠습니다,그럼 제가 성산구청 사회복지과로 연결은 가능한데요 아마 답변은 안 되실 수 있는데 연결 바로 해드리겠습니다
AIHub_LowQualityPhoneVoice_valid__09678,45.0,40.0,-5.0,False,내 또 아침에 한 잔 배께 안 먹는다,네 또 아침에 한 잔 되죠,네 또 아침에 한 잔 얘기하면 되죠
AIHub_LowQualityPhoneVoice_valid__09682,16.176470588235293,8.823529411764707,-7.352941176470587,False,그러게요 맞죠 아저씨도 이제 추석이 다가와서 그런지 여름에도 이제 이제 여름 다 간 거 같애요 여름 이제 다 간 거 같애요,오케 맞다 아저씨 이제 수상에 다가와서 그런지 여름에도 이제 이제 여름 다 간 거 같애요 어 여름 이제 다 간 거 같애요,그러게요 맞죠 어르신 이제 추석이 다가와서 그런지 여름에도 이제 이제 여름 다 간 거 같애요 어 여름 이제 다 간 거 같애요
AIHub_LowQualityPhoneVoice_valid__09695,23.809523809523807,14.285714285714285,-9.523809523809522,False,아 근데 비도 오는데 집에 계실 거예요,아 왜 비도우는데 집에 계실 거에요,어 오늘 비도 오는데 집에 계실 거예요
AIHub_LowQualityPhoneVoice_valid__09696,44.44444444444444,0.0,-44.44444444444444,False,아 나가실 거예요,아 나가서 떨려,아 나가실 거예요
AIHub_LowQualityPhoneVoice_valid__09700,100.0,0.0,-100.0,False,맞죠 어르신,아 또 러시아,맞죠 어르신
AIHub_LowQualityPhoneVoice_valid__09702,47.82608695652174,17.391304347826086,-30.434782608695656,False,아니 나이가 뭐 들으면 칠십 넘으면 안 아픈 다 아픈 데가 있어요 아픈 데가 있어요,아이 나이가 뭐 들은 거 칠십 년은 뭐 아 아 아픈데 왜 이즈야 아픈데 왜 이즈,아이 나이가 뭐 들은 거 칠십 넣으면 아 다 아픈 데가 있어요 아픈 데가 있어요
AIHub_LowQualityPhoneVoice_valid__09710,36.36363636363637,0.0,-36.36363636363637,False,그래도 좋아 보이세요,이래도 좋아 보이지 않,그래도 좋아 보이세요
AIHub_LowQualityPhoneVoice_valid__09716,50.0,0.0,-50.0,False,무엇을 도와드릴까요,수업 도와주실까요,무엇을 도와드릴까요
AIHub_LowQualityPhoneVoice_valid__09721,29.069767441860467,5.813953488372093,-23.255813953488374,False,아 그럼 지금 현재 아이돌보미 제공 기관이 여성 인력 개발 센터인데 그쪽에서 하는 부분은 조금 선생님 건의 사항이라든지 이런 부분 말씀하고자 하시는 건가요,아 그럼 지금은 제 아이도몬이 제공지간 여성인력개발센터인데 그쪽에서 하는 부분은 조금 건의사항이란 이런 부분 말씀하고 다시 들 건가요,아 그럼 지금 현재 아이도 공인 제공 기관이 여성 인력 개발 센터인데 그쪽에서 하는 부분을 조금 선생님 건의 사항이라든지 이런 부분 말씀하고자 하시는 건가요
AIHub_LowQualityPhoneVoice_valid__09739,92.3076923076923,92.3076923076923,0.0,False,무연고 무연고 묘지 묘지,모모도 모모도 혼모 여기 뭐지,문영구 문영구 근무 하 뭐지 뭐지
AIHub_LowQualityPhoneVoice_valid__09740,7.6923076923076925,0.0,-7.6923076923076925,False,그니까 묘지라고 하셨나요,그니까 로지라고 하셨나요,그니까 묘지라고 하셨나요
AIHub_LowQualityPhoneVoice_valid__09755,61.111111111111114,16.666666666666664,-44.44444444444445,False,네 반갑습니다 의창구 가정 복지과,네 반갑습니다,네 반갑습니다 창원 가정복지과
AIHub_LowQualityPhoneVoice_valid__09761,17.647058823529413,11.76470588235294,-5.882352941176473,False,네 어르신 안녕하세요 시청입니다,아 네 여르신 안녕하세요 시청입니다,아 네 어르신 안녕하세요 시청입니다
AIHub_LowQualityPhoneVoice_valid__09762,10.526315789473683,0.0,-10.526315789473683,False,네 감사합니다 한 주 잘 보내셨어요,네 감사합니다 헌주 잘 보내셨어요,네 감사합니다 한 주 잘 보내셨어요
AIHub_LowQualityPhoneVoice_valid__09779,100.0,38.46153846153847,-61.53846153846153,False,네 한번 챙겨볼게요 한번,예 아무 생 생직 없게 예 아무,예 한번 챙겨 챙겨 볼게요 한번
AIHub_LowQualityPhoneVoice_valid__09781,50.0,50.0,0.0,False,예 그러네요,예 그,예 그
AIHub_LowQualityPhoneVoice_valid__09784,5.88235294117647,5.88235294117647,0.0,False,네 게 좋게 좋게 생각하세요 네,네 이게 좋게 좋게 생각하세요 네,네 이게 좋게 좋게 생각하세요 네
AIHub_LowQualityPhoneVoice_valid__09785,71.42857142857143,14.285714285714285,-57.142857142857146,False,네 고맙습니다,어 고마웠으니,예 고맙습니다
AIHub_LowQualityPhoneVoice_valid__09800,11.494252873563218,5.747126436781609,-5.747126436781609,False,다음 주 월요일하고 화요일도 비 소식은 예보되어 있어요 네 다시 점차 일교차가 커지기 때문에 이런 날씨에 감기 잘 걸려요 감기 안 걸리게 건강 챙겨 주시구요,다음 주 월요일하고 화요일 높이 소식은 예고되어 있어요 네 다시 점차 의교차가 커지기 때문에 이런 날씨에 감기 잘 걸려요 감기 안 걸리며 건강 심지어 주시고요,다음 주 월요일하고 화요일도 비 소식은 여부되어 있어요 네 다시 점차 의교차가 커지기 때문에 이런 날씨에 감기 잘 걸려요 감기 안 걸리게 건강 챙겨주시고요
AIHub_LowQualityPhoneVoice_valid__09801,25.925925925925924,33.33333333333333,7.407407407407405,False,아니에요 어르신 전화밖에 못 드려 송구스럽죠 제가,아니에요 어르신 전화밖에 못 드려 손가락스럽드래봐,아니에요 어르신 전화밖에 못 드려 손꼴수록 좀 해 봐
AIHub_LowQualityPhoneVoice_valid__09802,57.89473684210527,73.68421052631578,15.789473684210513,False,내가 문을 닫아 놔서 따가워 죽겄다,내가 묵은다더나 좀 까가워지겠다,내가 무인다가는 좀 까먹으시고 또
AIHub_LowQualityPhoneVoice_valid__09827,11.76470588235294,0.0,-11.76470588235294,False,나중에 해 좀 뜨면 나가시려고요,나중에 해 쫌 뜨면 나가시려구요,나중에 해 좀 뜨면 나가시려고요
AIHub_LowQualityPhoneVoice_valid__09836,26.666666666666668,10.0,-16.666666666666668,False,어르신 그럼 티비 재밌게 보시구요 다음 주에 또 뵐게요,잘 안 티비 재밌게 보시구요 다음 주에 또 뵙기야,어르신 잘한 티비 재밌게 보시고요 다음 주에 또 뵐게요
AIHub_LowQualityPhoneVoice_valid__09846,13.333333333333334,3.3333333333333335,-10.0,False,그러시면 아 네 어떤 말씀이신지 이해했구요 그럼 선생님 이게 너무 죄송하게도 그거는 판매처로 문의를 해주셔야 되거든요 이거는 시에서 뭘 해드리는 건 아니기 때문에,그러시면 네 아 근데 어떤 말씀이신지 이해했구요 금 선생님 너 이게 너무 죄송하게도 그거는 판매처로 문의를 해 주셔야 되거든요 이거는 시에서 뭘 하 해 드리는 건 아니기 때문에,그러시면 네 아 네 어떤 말씀이신지 이해했고요 그럼 선생님 이게 너무 죄송하게도 그거는 판매처로 문의를 해주셔야 되거든요 이거는 시에서 뭘 해드리는 건 아니기 때문에
AIHub_LowQualityPhoneVoice_valid__09861,14.705882352941178,2.941176470588235,-11.764705882352942,False,아 네 번호 알고 계십니까 네 알겠습니다 불편 드려 죄송합니다,아 이제 번호 알고 계십니까 네 알겠습니다 불편지를 죄송합니다,아 네 번호 알고 계십니까 네 알겠습니다 불편드려 죄송합니다
AIHub_LowQualityPhoneVoice_valid__09863,31.11111111111111,15.555555555555555,-15.555555555555555,False,아 여보세요 네 거기에 저기 요게 희망 근로 일자리 예 그 담당으로 좀 돌려주이소,아 여보세요 예 거기에 저 여 여기 심황글로 일자리 예 그 담당으로 좀 돌리고 있어,아 여보세요 예 거기에 저 요기 희망 근로 일자리 예 그 담당으로 좀 돌려줘 있어
AIHub_LowQualityPhoneVoice_valid__09875,30.555555555555557,2.7777777777777777,-27.77777777777778,False,네 메모 가능하십니까 네 지역번호 공 오 오 이백 이십 오 번 에,이게 내부 가능하십니까 예 넷이 학번호 공 오 오 이백 이십 오 반에,네 메모 가능하십니까 네 지역번호 공 오 오 이백 이십 오 번에
AIHub_LowQualityPhoneVoice_valid__09892,70.0,0.0,-70.0,False,무엇을 도와드릴까요,와수사 드려요,무엇을 도와드릴까요
AIHub_LowQualityPhoneVoice_valid__09904,44.827586206896555,17.24137931034483,-27.586206896551726,False,시술공단에 음 시설공단이 그럼 어디로 전화를하면 돼요,시술공단에 호 응 시술공단이거랑 어디를 전화라는데요,시설공단에 응 시설공단이 그라면 어디로 전화를 하면 돼요
AIHub_LowQualityPhoneVoice_valid__09907,16.666666666666664,8.333333333333332,-8.333333333333332,False,네 칠백 십 이 번 에,네 칠백 십 이 발에,네 칠백 십 이 번에
AIHub_LowQualityPhoneVoice_valid__09913,0.0,0.0,0.0,False,예 안녕하세요,예 안녕하세요,예 안녕하세요
AIHub_LowQualityPhoneVoice_valid__09935,50.0,33.33333333333333,-16.66666666666667,False,예 미툽니다,네 믿겁니다,예 미술입니다
AIHub_LowQualityPhoneVoice_valid__09942,15.315315315315313,6.306306306306306,-9.009009009009008,False,근로장려금 자체는 시청이나 구청과는 관계가 없고요 이게 국세청이나 관할 세무서 쪽에서 주관하는 내용이라서 상세 내용 확인이 필요하다면 구청보다는 근로장려금 시행 부서 쪽으로 확인하시는 게 좋을 텐데요,글로장려금 자체는 시청이나 구청과는 관계가 없구요 이게 국세청이나 관할 세무사 쪽에서 조관하는 내용이라서 상세 매용 확인이 필요하다면 구청보다는 글로장려금 체형 부정도 받는 게 좋을 텐데요,어 근로장려금 자체는 시청이나 구청과는 관계가 없고요 이게 국세청이나 관할 세무서 쪽에서 주관하는 내용이라서 상세 내용 확인이 필요하다면 구청보다는 예 근로장려금 시행부서 쪽으로 확인을 하시는 게 좋을 텐데요
AIHub_LowQualityPhoneVoice_valid__09958,30.573248407643312,5.095541401273886,-25.477707006369428,False,네 선생님 수고 많으십니다 다름이 아니고요 제가 십 년 전 십 사 년 전에 근무했던 어린이집 지금 이제 다시 제가 일을 하려고 그러는데 저 보니까 근무 경력을 보니까 제가 세 군데 어린이집에 근무를 했는데 한 곳 밖에 이력이 인터넷으로 안 남아 있더라고요 그건 어떻게 된 상황일까요,네 저는 휴가날이십니다 자린이 아니구요 제가 십 년 전 십 사 년 전에 근무했던 어린이집 지금 제가 사실 일을 할려고 그러는데 저 뭐 보니까 근무평력을 보니까 제가 최골에 어린이집을 근무를 했는데 한곳 밖에 그냥 이력인 인천에 있으라 안 남아 있으라구요 그래서 그건 없을 일인 상황일까요,네 선생님 수고 많으십니다 다름이 아니고요 제가 십 년 전 십 사 년 전에 근무했던 어린이집 지금 이제 다시 제가 일을 하려고 그러는데 저 뭐 보니까 근무 경력을 보니까 제가 최고대 어린이집을 근무를 했는데 한 곳밖에 이력이 인터넷으로 안 남아 있더라고요 그건 어떻게 된 상황일까요
AIHub_LowQualityPhoneVoice_valid__09971,71.42857142857143,0.0,-71.42857142857143,False,네 고맙습니다,일요일은 고갑습니다,네 고맙습니다
AIHub_LowQualityPhoneVoice_valid__09987,11.11111111111111,0.0,-11.11111111111111,False,아 예 알겠습니다,아 이 알겠습니다,아 예 알겠습니다
AIHub_LowQualityPhoneVoice_valid__09989,31.25,6.25,-25.0,False,업무 처리 잘 되시길 바랍니다,수업이 잘 되시길 바랍니다,업무 처리 잘 되시기 바랍니다
AIHub_LowQualityPhoneVoice_valid__10009,0.0,0.0,0.0,False,네 말씀 감사합니다 확인해서 바로 전화드릴 수 있도록 하겠습니다,네 말씀 감사합니다 확인해서 바로 전화드릴 수 있도록 하겠습니다,네 말씀 감사합니다 확인해서 바로 전화드릴 수 있도록 하겠습니다
AIHub_LowQualityPhoneVoice_valid__10010,38.46153846153847,7.6923076923076925,-30.769230769230774,False,네 잠시 후에 뵙겠습니다,잠시만 뵙겠습니다,예 잠시 후에 뵙겠습니다
AIHub_LowQualityPhoneVoice_valid__10039,37.5,16.666666666666664,-20.833333333333336,False,통장 자녀 장학금 관련 사항 말씀하시는 거죠,금장 전역 장학금 관리안에서 말씀하신 거죠,통장님 자녀 장학금 관련해서 말씀하시는 거죠
AIHub_LowQualityPhoneVoice_valid__10058,116.66666666666667,33.33333333333333,-83.33333333333334,False,잘 보냈지예,자 너네 집이야,잘 오랬지예
AIHub_LowQualityPhoneVoice_valid__10073,33.33333333333333,0.0,-33.33333333333333,False,지금 아침 먹고 있어요,지금 아침 몇 시에요,지금 아침 먹고 있어요
AIHub_LowQualityPhoneVoice_valid__10076,16.666666666666664,16.666666666666664,0.0,False,어우 진짜요,어 진짜요,어 진짜요
AIHub_LowQualityPhoneVoice_valid__10077,25.396825396825395,19.047619047619047,-6.349206349206348,False,네 돼지 감싸가지고 그거 삶아가 썰이 가지고 양파하고 위에다 볶고 그냥 풋고추 된장 쿡쿡 찍어 그래 먹고 있습니다,네 돼지 감싸가지고 그거 삶아가지고 썰이 가지고 양파 우유가 볶고 그래 볶고 됐냐 볶고 끄 그래 먹고 있습니다,예 돼지 감싸가지고 그거 삶아가 썰이 가지고 양파하고 여가 볶고 그래 풋꽃도 된장 콕국지가 그래 먹고 있습니다
AIHub_LowQualityPhoneVoice_valid__10087,56.060606060606055,19.696969696969695,-36.36363636363636,False,그러니까요 비가 그래 온다 그러네 밤새 밤새 온다고 그러는데 오늘 내가 비 오면 또 목욕탕도 못 가고 파가 해야 될낀데,근게 그 비밀번호를 온터를 하네 밤쇠에 밤쇠 온터를 하는데 어 내 비아무 또 고혈통도 못 먹어 바가 새벽인데,그니까예 비가 그려 온다 그라네 밤새 밤새 온다 그라는데 오늘 내일 비 오면 또 목욕탕도 몬 가고 봐가야 되는데
AIHub_LowQualityPhoneVoice_valid__10094,23.076923076923077,7.6923076923076925,-15.384615384615383,False,잘 지내셨어요 뭐 하세요,잘 지내셨어요 뭐 뭐하냐,잘 지내셨어요 뭐 하네요
AIHub_LowQualityPhoneVoice_valid__10097,19.230769230769234,15.384615384615385,-3.8461538461538485,False,네 오늘 오전에 어제는 손님이 너무 많아서 못 보겠다고 그래서 오늘 오늘 오전에 전화해야 되니까 예약하라고 그래 지금 삼십 분 예약해 놨어요,네 오늘 오전에 어제는 성능이 너무 많아서 못 보겠다고 그래서 오늘 오늘 어 어제는 전화해야 되니까 예약하다고도 십 삼십 분이 예약해놨어요,네 오늘 오전에 어제는 성격이 너무 많아서 못 보겠다고 그래서 오늘 오늘 어 오전에 전화해 보니까 예약하라고 그래서 지금 내랑 삼십 분이 예약해놨어요
AIHub_LowQualityPhoneVoice_valid__10101,43.47826086956522,52.17391304347826,8.69565217391304,False,아니에요 오늘 온다 그래서 열 한 시 반에,아니에요 오늘 온다고도 있어요 아 오,아니에요 오늘 온다고 그랬어요
AIHub_LowQualityPhoneVoice_valid__10102,50.0,33.33333333333333,-16.66666666666667,False,아 오신데요,아 오십 개요,아 오셨어요
AIHub_LowQualityPhoneVoice_valid__10110,42.69662921348314,13.48314606741573,-29.21348314606741,False,차로 싣고서 가야 되는데 지금도 하다가 안 돼서 네 내년 여름에 동사무실에서 또 그렇게 있으면 어떻게 교환하게 그럼 해주겠다고 놔두라고 그래서 그냥 싸놔뒀습니다,하루 십 구 구 가야 되는데 지금이라서 바 안 돼서 네 내년 여름에 동남아 집에 또 또 그렇게 있으면 어떻게든 내가 겨울에 하게 그 좀 해주겠다고 나두라고 그랬어 그냥 그냥 나두 없습니다,차를 싣고 그 가야 되는데 지금 또 하다가 안 돼서 네 내년 여름에 동사무실에서 또 그렇게 있으면 어떻게든 겨울하게 그런 해주겠다고 놔두라고 그래서 그냥 그냥 놔뒀습니다
AIHub_LowQualityPhoneVoice_valid__10111,32.25806451612903,3.225806451612903,-29.032258064516128,False,다행이네요 그래도 이제 날씨가 조금씩 풀리긴 풀리나 봐요,다행이네요 그래도 이제 날씨가 쪼끔씩 풀려진 플레이나바이야,다행이네요 그래도 이제 날씨가 조금씩 풀리는 풀리나 봐요
AIHub_LowQualityPhoneVoice_valid__10128,35.294117647058826,17.647058823529413,-17.647058823529413,False,네 그러니까 뭐 일주일에 한 번씩이라도 전화를 해줘서 고마워요,네 그러니까 너 일기를 한 번씩 해볼까 시원하게 해줘서 고마워요,네 그러니까 뭐 일기를 한 번씩 이렇게 전화를 해줘서 고마워요
AIHub_LowQualityPhoneVoice_valid__10139,23.809523809523807,9.523809523809524,-14.285714285714283,False,아 네 유료로 접종을 해 주시면 되구요,아 네 유료로 다정을 해주시면 되구요 네,아 네 유료로 접종을 해주시면 되고요
AIHub_LowQualityPhoneVoice_valid__10143,11.76470588235294,2.941176470588235,-8.823529411764705,False,네 한번 더 확인해 볼 텐데 잠시만 더 기다려 주시겠습니까 네,네 한 번 더 확인을 할 텐데 잠시만 더 기다려 주시겠습니까요 네,네 한 번 더 확인해 볼 텐데 잠시만 더 기다려 주시겠습니까 네
AIHub_LowQualityPhoneVoice_valid__10145,37.5,8.333333333333332,-29.166666666666668,False,성인 같은 경우는 네 아홉 시 부터 다섯 시,수영인 같은 경우도 네 네 아홉 시부터 다섯 시입니다,성인 같은 경우는 네 아홉 시부터 다섯 시가
AIHub_LowQualityPhoneVoice_valid__10157,37.5,0.0,-37.5,False,네 수고하십니다,에 수고하셨습니다,네 수고하십니다
AIHub_LowQualityPhoneVoice_valid__10159,76.47058823529412,105.88235294117648,29.411764705882362,False,예 예 제가 지금 약을 복용하고,이제 드라이빙은 뭐 야구 보그하고,이 저 제가 지금 뭐 약을 보경하고 그 저 저 저 저 저
AIHub_LowQualityPhoneVoice_valid__10162,41.66666666666667,4.166666666666666,-37.50000000000001,False,여보세요 여 그 사회복지과로 좀 돌려주십시오,여보세요 어 여보세요 사회 공기과로 좀 돌리십시오,여보세요 어 그 사회복지과로 좀 돌려주십시오
AIHub_LowQualityPhoneVoice_valid__10176,40.0,0.0,-40.0,False,예 그리 돌려주세요,에 예 돌리 돌리주세요,예 그리 돌려주세요
AIHub_LowQualityPhoneVoice_valid__10183,24.489795918367346,2.0408163265306123,-22.448979591836732,False,연결된 곳은 창원시 민원 콜센터이구요 저희가 구청 시청 대표 번호가 연결되는 콜센터입니다,어 연결된 곳은 청월심 이동 코센타구요 저희가 구청 시청 대표 번호가 연결되는 코센타입니다,연결된 곳은 창원시 민원 콜센터이고요 저희가 구청 시청 대표 번호가 연결되는 콜센터입니다
AIHub_LowQualityPhoneVoice_valid__10205,20.0,0.0,-20.0,False,어르신 안녕하셨어요,어린이 안녕하셨어요,어르신 안녕하셨어요
AIHub_LowQualityPhoneVoice_valid__10223,43.75,12.5,-31.25,False,추석에 또 서울 가셔야 되겠네,실습에 또 설가시해야 되겠네,주식에 또 서울 가셔야 되겠네
AIHub_LowQualityPhoneVoice_valid__10227,41.66666666666667,25.0,-16.66666666666667,False,본인이 가마 잘해도 뒤에서 죽 들이받고 막 그런 사고가 많더라고요,부모님이니까 뭐 잘해도 뒤에서 죽길이 받고 막 거든 사고만 하라고요,본인이니까 뭐 잘 해도 뒤에서 죽질이 받고 막 그런 사고가 많더라고예
AIHub_LowQualityPhoneVoice_valid__10230,69.44444444444444,41.66666666666667,-27.77777777777777,False,구 월 달 추석 세고 뭐 한다 카든데 여기 요리 요리 연습 한다고,오늘 때 출석 세우고 뭐 안 갔다 긴데 아 열 위엔 아 열 열 위엔 셀 한다고,오늘 또 취소하고 뭐 한다 카던데 요리는 요리 요리는 설 한다고
AIHub_LowQualityPhoneVoice_valid__10243,62.5,47.5,-15.0,False,그리고 팻말이 소나무 앞에 딱 막고 있어요 팻말 좀 옮겨 붙으면 안 될까,그러고 폰 날이 전화물 앞에 다 막혀있어 전화 폰 날이 좀 엄청 막히는 거 같애,그리고 폐날이 손 나무 앞에 다 막혀있어 폐날도 좀 오르시면 안 되겠다
AIHub_LowQualityPhoneVoice_valid__10244,34.146341463414636,19.51219512195122,-14.634146341463417,False,어 말씀 드리기 죄송합니다 내용이요 그럼 용지호수 테니스장 뒤에 금연이라는,어 말투는 제가 죄송합니다 내용이야 그 용지용사 테네시당 뒤에 금연이라는 그,어 말씀 중에 죄송합니다 내용이요 그럼 용지 옷을 테니스장 뒤에 금연이라는 그
AIHub_LowQualityPhoneVoice_valid__10275,11.11111111111111,11.11111111111111,0.0,False,이 번호 말씀드릴,이 번호 말씀드리,이 번호 말씀드리
AIHub_LowQualityPhoneVoice_valid__10278,10.0,5.0,-5.0,False,우선 제가 한번 확인해 보겠습니다 네,일단 제가 한번 확인해 보겠습니다 네,우선 제가 한 번 확인해 보겠습니다 네
AIHub_LowQualityPhoneVoice_valid__10289,50.0,0.0,-50.0,False,무엇을 도와드릴까요,너한테 도와드리니까요,무엇을 도와드릴까요
AIHub_LowQualityPhoneVoice_valid__10291,21.21212121212121,9.090909090909092,-12.12121212121212,False,아동폭력 교육 이수증 등재 관련해서 문의하신다는 말씀이십니까,아도병역 교육 이수증 등세 관련해서 논의하시는 말씀이십니까,아동 복려 교육 이수증 등재 관련해서 문의하신다는 말씀이십니까
AIHub_LowQualityPhoneVoice_valid__10312,81.81818181818183,63.63636363636363,-18.181818181818194,False,아 어제 저녁에 왔어,아 오예,아 원래 아니 좋았어
AIHub_LowQualityPhoneVoice_valid__10318,79.06976744186046,39.53488372093023,-39.53488372093023,False,그래 마 그래 내주대 그래 우리 사위가 운전해가 댕기께 구경도 잘하고 잘 묵고,글려나 그 니네 집에 어 그래 우리 사이가 우리 사이가 우리 동네가 생겨서 어 그래 공연도 잘하고 잘 먹고,그래 막 그 내 집에 그래 우리 사이가 이런 애가 되니 그래서 구경도 잘하고 잘 먹고
AIHub_LowQualityPhoneVoice_valid__10321,84.61538461538461,53.84615384615385,-30.769230769230766,False,날이 좋아서 잘하고 왔어,아직도 아직 라라모아,다리 좋아서 잘한 거 같애
AIHub_LowQualityPhoneVoice_valid__10334,110.00000000000001,0.0,-110.00000000000001,False,무엇을 도와드릴까요,고맙습니다 감사합니다,무엇을 도와드릴까요
AIHub_LowQualityPhoneVoice_valid__10338,40.909090909090914,29.545454545454547,-11.363636363636367,False,네 근데 그 뭐지 출산신고할 때요 긍까 이백만 원 이백만 원이 측정이 됐었는데요,예 근데 그 뭐지 첫 산신고 할 때야 회 이 백만 원 그까 이백만 원이 첫 산신고에 있었는데요,예 근데 그 뭐지 출산 신고할 때요 이백만 원 그까 이백만 원이 출산이 돼 있었는데요
AIHub_LowQualityPhoneVoice_valid__10343,11.538461538461538,0.0,-11.538461538461538,False,또 신청을 하라고 하니까 그게 뭔 말인지 몰라서,너 신청을 하라고 하니까 그게 뭔 말인지 몰랐어,또 신청을 하라고 하니까 그게 뭔 말인지 몰라서
AIHub_LowQualityPhoneVoice_valid__10357,58.333333333333336,33.33333333333333,-25.000000000000007,False,동사무소 말하는 거예요,농장 무슨 말 하는 거야,농사 무슨 말 하는 거예요
AIHub_LowQualityPhoneVoice_valid__10366,8.045977011494253,4.597701149425287,-3.448275862068966,False,그래서 오늘 돌돼서 오늘 나오는 건지 내일 나오는 건지 해서 물어볼라고 전화드렸는데 갑자기 신청을 하라 하니까 그러면은 언제 언제 나올지 모른다는 소리잖아요,그래서 오늘 돌 돼서 오늘 나오는 건지 내일 나오는 건지 일단 물어볼라고 전화 드렸는데 갑자기 신청을 하라 하니까 그믄 언제 언제 나올지 모른다는 소리잖아요,그래서 오늘 도움돼서 오늘 나오는 건지 내일 나오는 건지 해서 물어볼라고 전화드렸는데 갑자기 신청을 하라 하니까 그면 언제 언제 나올지 모른다는 소리잖아요
AIHub_LowQualityPhoneVoice_valid__10394,28.723404255319153,2.127659574468085,-26.59574468085107,False,아 그러시다면 그러시면은 시청보다는 구청으로 문의를 하셔야 정확하게 빠르게 확인이 가능한 부분이 있는데요 혹시 실례지만 거주하고 계신 지역구가 창원시 어느 지역구이십니까,아 그렇다면 그러시나는 시청보단을 고편으로 문의를 하셔야 정확하게 빠르게 확인이 가능한 부분이 있는데요 혹시 슬라임은 거제어 요즘 지역 속에 평화점이 어느 지역곳입니까,아 그러시면은 그러시면은 시청보다는 구청으로 문의를 하셔야 정확하게 빠르게 확인이 가능한 부분이 있는데요 혹시 실례지만 거주하고 계신 지역구가 창원시 어느 지역구이십니까
AIHub_LowQualityPhoneVoice_valid__10421,20.454545454545457,0.0,-20.454545454545457,False,아 그렇습니까 아 네 일단 아 그러시면은 그럼 부서는 보육 담당이 맞으신 건가요,아 그렇습니다 아 네 일단 아 그러시면은 그런 부서원은 보급단대를 맞으신 건가요,아 그렇습니까 아 네 일단 아 그러시면은 그럼 부서는 보육 담당이 맞으신 건가요
AIHub_LowQualityPhoneVoice_valid__10434,19.736842105263158,7.894736842105263,-11.842105263157894,False,아니 그니까 보육 담당에서 담당을 하는데 어린이 차는 또 담당하는 데가 틀리고 아 담당하는 사무관님이 틀리고 그다음에 학원은 또 틀리지예,아니 도둑담당에서 담당을 하는데 어린이천은 또 담당하는 데가 틀리고 아 담당하는 사무관이 틀리고 그다음에 하고는 또 틀리지,아니 그러니까 교육 담당에서 담당을 하는데 어린이집 차는 또 담당하는 데가 틀리고 아 담당하는 사무관님이 틀리고 그다음에 하고는 또 틀리지예
AIHub_LowQualityPhoneVoice_valid__10443,12.5,12.5,0.0,False,네 요 쪽으로 전화하면 됩니까,에 요쪽으로 전화하면 됩니까,예 요쪽으로 전화하면 됩니까
AIHub_LowQualityPhoneVoice_valid__10444,28.8135593220339,3.389830508474576,-25.423728813559322,False,네 한 번 전화를 해 보시고 이 팩스 발송을 하신다고 말씀하시고 팩스 확인을 해보시는 게 좋을 것 같습니다,네 한번 전화를 해 보시고 계십 예예 발송을 하신다고 말씀하시고 팩트 확인해 보시게 되십니다,네 한 번 전화를 해보시고 그 팩스 발송을 하신다고 말씀하시고 팩스 확인을 해보시는 게 좋을 것 같습니다
AIHub_LowQualityPhoneVoice_valid__10470,29.629629629629626,22.22222222222222,-7.407407407407405,False,아 담당이 건강 행정 보건행정과에 건강 증진 담당,어 담당은 그 건강행정 보건행정과의 건강생진 담당,어 담당은 그 건강 행정 보건행정과의 건강증진 담당
AIHub_LowQualityPhoneVoice_valid__10479,30.23255813953488,11.627906976744185,-18.604651162790695,False,그럼 제가 공 칠 공 전화번호를 받았는데 관공서에서 공 칠 공 번호를 쓰십니까,금 제가 공치공연 변화번호를 받았는데 강공사에도 공 공치공번호를 쓰십니까,그럼 제가 공치공 전화번호를 받았는데 관공서에서 공 공치공 번호를 쓰십니까
AIHub_LowQualityPhoneVoice_valid__10487,0.0,0.0,0.0,False,네 감사합니다,네 감사합니다,네 감사합니다
AIHub_LowQualityPhoneVoice_valid__10500,7.5,2.5,-5.0,False,예 저한테 하는 게 아니고 이렇게 다 같이 일하는 사람이 있는데 모아놓고,저한테 하는 게 아니고 이게 다 같이 일하는 사람이 있는데 모아놓고,예 저한테 하는 게 아니고 이게 다 같이 일하는 사람이 있는데 모아놓고
AIHub_LowQualityPhoneVoice_valid__10508,6.25,6.25,0.0,False,네 그런데 그거 전화에 대해서,이 그런데 그거 전화에 대해서,예 그런데 그거 전화에 대해서
AIHub_LowQualityPhoneVoice_valid__10522,20.0,0.0,-20.0,False,예 근데 그분이 또,예 근데 그분이도,예 근데 그분이 또
AIHub_LowQualityPhoneVoice_valid__10524,33.33333333333333,15.151515151515152,-18.181818181818176,False,동사무소에 뭐 믿는 뭐 백이 있는 건지 그런 말을 서스럼없이,동삼세 뭐 믿는 뭐 빽이 있는 건지 응 그런 말을 서 쓰람 없이,동사무소에 뭐 민는 뭐 빽이 있는 건지 그런 말을 서서는 없이
AIHub_LowQualityPhoneVoice_valid__10534,60.0,0.0,-60.0,False,무엇을 도와드릴까요,뭐 세수하드릴까요,무엇을 도와드릴까요
AIHub_LowQualityPhoneVoice_valid__10537,60.0,20.0,-40.0,False,장애우 이제 청소년 바우처 관련해서 문의하신다는 말씀 맞으십니까,자녀의 내창포는 바우터 관련해서 면회하신다고 하시지 않겠지,장애우 요청도면 바우처 관련해서 문의하신단 말씀 맞으십니까
AIHub_LowQualityPhoneVoice_valid__10546,34.78260869565217,13.043478260869565,-21.73913043478261,False,네 안녕하십니까 창원시 민원 콜센터 담당자,네 안녕십니까 상호시민대 콜센터 점점,네 안녕하십니까 창원시 민원 콜센터 상담사
AIHub_LowQualityPhoneVoice_valid__10547,25.806451612903224,9.67741935483871,-16.129032258064512,False,안녕하세요 민원님께서요 이제 장애인 사업은요 이제 방과 후 바우처 관련해서 문의주시는데 혹시 상담이 가능하실까요,안녕하세요 미러님께서요 이제 다녀서 보면 방과 후 바우터 관련해서 몸이 주시는데 혹시 상담이 가능하실까요,안녕하세요 민원인께서요 이제 장애인 창의 보면 이제 방과 후 바우처 관련해서 문의주시는데 혹시 상담이 가능하실까요
AIHub_LowQualityPhoneVoice_valid__10548,66.66666666666666,61.904761904761905,-4.761904761904752,False,장애인 바우처 정확하게 이름이 뭐라고요,정화 확인은 뭐라고요,정확히 확인은 뭐라고요
AIHub_LowQualityPhoneVoice_valid__10559,21.951219512195124,7.317073170731707,-14.634146341463417,False,이거는 장애인 업무 쪽에서 하시는 가정 복지과 쪽에서 하셔야 될 거 같애요,이번은 상해임 업무 쪽에서 하시는 가정폭직화 쪽에서 하셔야 될 거 같애요,그거는 장애인 업무 쪽에서 하시는 가정복지과 쪽에서 하셔야 될 것 같애요
AIHub_LowQualityPhoneVoice_valid__10567,23.809523809523807,9.523809523809524,-14.285714285714283,False,어 아니요 혹시 일정이나 아니면 혹시 만약에 갈 수 있으면 혹시 어떤 거 챙겨야 하는지 좀 여쭤볼려고 전화드렸어요,어 아니요 혹시 뭐 일자원이나 아니면 혹시 만약 갈 수 있으면 혹시 어떤 거 챙기자는 좀 여쭤볼려고 제안을 했어요,어 아니요 혹시 뭐 일정이나 아니면 혹시 만약 갈 수 있으면 혹시 어떤 거 챙겨 하나 좀 여쭤볼려고 전화드렸어요
AIHub_LowQualityPhoneVoice_valid__10573,57.14285714285714,7.142857142857142,-50.0,False,창원시 이신가요 두 분 다,창원시 순간이 어떻게 된다,창원시이신가요 두 분 다
AIHub_LowQualityPhoneVoice_valid__10603,13.513513513513514,0.0,-13.513513513513514,False,오늘 구청장님이 오셔서 뭐 배식하고 이런 봉사활동을 한다고 하시던데,오늘 부천장님이 오셔서 뭐 배실카고 이런 봉사활동 한다고 하시던데,오늘 구청장님이 오셔서 뭐 배식하고 이런 봉사활동을 한다고 하시던데
AIHub_LowQualityPhoneVoice_valid__10614,20.0,0.0,-20.0,False,알겠습니다 제가 다시 전화드리겠습니다,네 좋겠습니다 제가 다시 전화 드리겠습니다,알겠습니다 제가 다시 전화드리겠습니다
AIHub_LowQualityPhoneVoice_valid__10616,28.57142857142857,28.57142857142857,0.0,False,아이고 이쁜이,아이고 이쁜 애,아이고 이쁘네
AIHub_LowQualityPhoneVoice_valid__10618,45.0,25.0,-20.0,False,아이고 나름 선선하니까 살 것만 같네,아이구 날에 돈 쓰나 니가 살 것만 같네,아이 오늘 날이 선선하니까 살 것만 같네
AIHub_LowQualityPhoneVoice_valid__10624,44.44444444444444,44.44444444444444,0.0,False,아우 나는 너무 올 여름에 더운데,아 나는 너무 멀소를 보는데,아 나는 너무 올려려보는데
AIHub_LowQualityPhoneVoice_valid__10655,6.666666666666667,6.666666666666667,0.0,False,예 처서 지나고 확실히 날이 선선해졌다고 느껴지더라고요,예 쳐서 지나고 확실히 날이 선선해졌다고 느껴지더라구요,예 쳐서 지나고 확실히 날이 선선해갔다고 느껴지더라고요
AIHub_LowQualityPhoneVoice_valid__10672,11.363636363636363,0.0,-11.363636363636363,False,그러면 식사 맛있게 드시고요 감기 조심하시고 제가 또 다음 주에 인사드리겠습니다,그면 식사 맛있게 드시고요 감기 조심하시고 대답이 다음 주에 인사드리겠습니다,그러면 식사 맛있게 드시고요 감기 조심하시고 제가 또 다음 주에 인사드리겠습니다
AIHub_LowQualityPhoneVoice_valid__10678,9.090909090909092,0.0,-9.090909090909092,False,다 기온이 다르구나라는 걸 느낀 게 선풍기를 켜놓고 잤거든요,다 기온이 다르구나라는 걸 느낀 게 선풍기를 털어 놓고 잤거든요,다 기온이 다르구나라는 걸 느낀 게 선풍기를 켜놓고 잤거든요
AIHub_LowQualityPhoneVoice_valid__10684,8.823529411764707,14.705882352941178,5.882352941176471,False,너무 감사합니다 이제 앞으로 좀 이제 서늘할 날이 많겠지요 뭐,너무 감사합니다 이제 앞으로 좀 이제 선뜻일 날이 많겠지요 뭐,너무 감사합니다 이제 앞으로 좀 이제 서너러일 날이 많겠죠 뭐
AIHub_LowQualityPhoneVoice_valid__10700,62.5,50.0,-12.5,False,약 바르고 해도,다 약 다정해도,다 약 팔려고 해도
AIHub_LowQualityPhoneVoice_valid__10702,66.66666666666666,23.809523809523807,-42.85714285714285,False,절대 하지 마라고 뭐 사람들이 하는데도,절대 흐리마라고 못 했죠 숙사람이 되게 흐년데도,절대 하지 마라고 무슨 저축사람들이 허는데도
AIHub_LowQualityPhoneVoice_valid__10704,31.428571428571427,17.142857142857142,-14.285714285714285,False,그래 우리 집안이 내가 이제 그런 생각에 아이고 비도 온다 오고,그래 우리 주사님 내가 인제 그런 생각이야 피도 온다고,그래 우리 주사님 내가 이제 그런 생각이 아이고 비도 온다고
AIHub_LowQualityPhoneVoice_valid__10718,6.0606060606060606,9.090909090909092,3.030303030303031,False,염증에도 좋다고 하잖아요 생강이 염증에 강한 음식이다 보니까,염층에도 좋다고 하잖아요 생강이 염증이 강한 음식이다 보니까,염층에도 좋다고 하잖아요 생강이 염층을 강한 음식이다 보니까
AIHub_LowQualityPhoneVoice_valid__10733,18.367346938775512,18.367346938775512,0.0,False,이게 이게 정관 복원 수술이 나와서 일반 병원에서 큰 병원에서 한다고 제가 알고 있거든요,이게 이게 정반보건수술이 나와서 보 이 일반 병원에서 큰 병원에서 한다고 제가 알고 있거든요,이게 이게 정반보건수술이 나와서 보 예 일반 병원에서 큰 병원에서 한다고 제가 알고 있거든요
AIHub_LowQualityPhoneVoice_valid__10734,20.0,0.0,-20.0,False,그래서 그게 보건소하고 관계가 되나요,그래서 그게 포구소하고 광수가 되나요,그래서 그게 보건소하고 관계가 되나요
AIHub_LowQualityPhoneVoice_valid__10747,55.55555555555556,0.0,-55.55555555555556,False,네 말씀해 주세요,네 박 네 오 주세요,네 말씀해 주세요
AIHub_LowQualityPhoneVoice_valid__10757,40.0,0.0,-40.0,False,안녕하세요 창원시 민원 콜센터 상담사,안녕하세요 청욕심 역홀센터 상담,안녕하세요 창원시 민원 콜센터 상담사
AIHub_LowQualityPhoneVoice_valid__10769,12.82051282051282,7.6923076923076925,-5.128205128205127,False,아 선생님 그냥 거래하시는 은행이나 뭐 어떤 금융기관이든 어 대출 상품,아 선생님 그냥 거래하시는 은행이나 어떤 금융 기간이든 어 대출상품,아 선생님 그냥 거래하시는 은행이나 어떤 금융 기관이든 어 대출 상품
AIHub_LowQualityPhoneVoice_valid__10798,25.0,4.6875,-20.3125,False,아 네 실례지만 내용 말씀 주시면 네 제가 내용을 접수하거나 이제 부서로 안내드리도록 하겠습니다 어떠한 내용이십니까,네 실례지만 내용 말씀 주시면 제가 내용을 접수하거나 부서로 알려주시 들어가겠습니다 어떠한 내용이니까,아 네 실례지만 내용 말씀 주시면 네 제가 내용을 접수하거나 부서로 안내드리도록 하겠습니다 어떠한 내용이십니까
AIHub_LowQualityPhoneVoice_valid__10812,14.285714285714285,0.0,-14.285714285714285,False,예 감사합니다,네 감사합니다,예 감사합니다
AIHub_LowQualityPhoneVoice_valid__10813,30.76923076923077,0.0,-30.76923076923077,False,예 주무관님 안녕하십니까,네 주 회장님 안녕하십니까,예 주무관님 안녕하십니까
AIHub_LowQualityPhoneVoice_valid__10853,92.85714285714286,42.857142857142854,-50.00000000000001,False,이전 등록 서류 문의신가요,일단적으로 서류가 더 높이다 야,아 일반 등록 서류 묻으신가요
AIHub_LowQualityPhoneVoice_valid__10868,40.0,30.0,-10.0,False,예 그건 아닐거에요,예 그건 아니고,예 그건 아닌 거예요
AIHub_LowQualityPhoneVoice_valid__10876,15.151515151515152,0.0,-15.151515151515152,False,그리고 이제 차 받으시는 양수인 분은 대리인이 오시기 때문에,그리고 이제 사 받으시는 양수인분은 미리 인위 오시기 때문에,그리고 이제 차 받으시는 양수인 분은 대리인이 오시기 때문에
AIHub_LowQualityPhoneVoice_valid__10885,72.41379310344827,34.48275862068966,-37.93103448275861,False,매도용 인감 증명서라는 게 주민센터 가면 있는 거네요,네 조영인과 김영삼 인기 그 정신 나가면 있는 거 아니에요,네 저 형 인감 증명서랑 인기 그 주민센터 가면 있는 거네요
AIHub_LowQualityPhoneVoice_valid__10901,25.49019607843137,1.9607843137254901,-23.52941176470588,False,네 그렇게 하고 나머지 뭐 그 신분증이랑 자동차 등록증 주행거리 확인 정도만 하면 되는 거죠,네 그렇게 하고 나머지 뭐 그 신분증이나 자동차증이나 총 제한가디 받기는 정도만 하면 되는 거죠,네 그렇게 하고 나머지 뭐 그 신분증이랑 자동차 등록증 주행 거리 확인 정도만 하면 되는 거죠
AIHub_LowQualityPhoneVoice_valid__10902,23.18840579710145,1.4492753623188406,-21.73913043478261,False,네 네 그렇게 준비해 주시고 혹시라도 자동차세가 체납되어 있거나 과태료 건이 이렇게 압류가 있으면 이전이 안 되기 때문에 예,네 네 그렇게 지내주시고 시라도 자동차 시대가 체납해여 있거나 과태료권이 압류가 있으면 이전이 안 되기 때문에 예,네 네 그렇게 준비해 주시고 혹시라도 자동차세대가 체납되어 있거나 과태료 건이 이렇게 압류가 있으면 이전이 안 되기 때문에 예
AIHub_LowQualityPhoneVoice_valid__10910,68.42105263157895,0.0,-68.42105263157895,False,네 혹시 더 궁금하신 점 있으십니까,너 역시도 공부만 해도 좋겠습니까,네 혹시 더 궁금하신 점 있으십니까
AIHub_LowQualityPhoneVoice_valid__10920,36.36363636363637,0.0,-36.36363636363637,False,아 네 선생님 잠시만 기다려 주시겠습니까,아 네 선생님 잠시만 기다리죠 이게 맞나요,아 네 선생님 잠시만 기다려 주시겠습니까
AIHub_LowQualityPhoneVoice_valid__10932,25.0,0.0,-25.0,False,아 네 혹시 실례지만 성함은 어떻게 되실까요,아 네 혹시 시리즈가 성함은 어떻게 됐을까요,아 네 혹시 실례지만 성함은 어떻게 되실까요
AIHub_LowQualityPhoneVoice_valid__10938,11.11111111111111,0.0,-11.11111111111111,False,네 선생님 교통과라고 하시면 혹시 주정차 단속하는 부서 찾으시나요,네 선생님 교통과라고 하시네 혹시 주장과 단속하는 부사 찾으시나요,네 선생님 교통과라고 하시면 혹시 주정차 단속하는 부서 찾으시나요
AIHub_LowQualityPhoneVoice_valid__10947,100.0,60.0,-40.0,False,삼포가는 거요 삼포,빵포만 한다고 해 빵터,삼 포만 하고요 삼 포
AIHub_LowQualityPhoneVoice_valid__10953,20.51282051282051,5.128205128205128,-15.384615384615383,False,제가 한번 예 경로 한번 확인해 드리겠습니다 잠시만 기다려 주시겠습니까,내가 한번 예 경로 한번 확인해 드리겠다 잠시만 기다려 드리겠다,제가 한번 예 경로 한번 확인해 보겠습니다 잠시만 기다려 주시겠습니까
AIHub_LowQualityPhoneVoice_valid__10963,40.74074074074074,33.33333333333333,-7.407407407407412,False,아 아니 나 이거 나 거기 창원 지리를 잘 몰라서,아 아 나 이거 나 너무 짱마 짐을 난 놀아서,아 아니다 이거 나 로그 창업시키기 잘 몰라서
AIHub_LowQualityPhoneVoice_valid__10965,34.61538461538461,7.6923076923076925,-26.92307692307692,False,그거 좀 그거 저 문자를 좀 보내 줄 수 없어요,그거 좀 그거 좀 문자를 좀 보내줬습니다,그거 좀 그거 좀 문자를 좀 보내줄 수 없어요
AIHub_LowQualityPhoneVoice_valid__10968,10.891089108910892,5.9405940594059405,-4.950495049504951,False,아 네 네 정리해서 그럼 발송해 놓겠습니다 선생님 그리고 정말 죄송하게도 제가 조금 전에 말씀을 잘 못 드려서요 터미널은 바로 앞에 있는 정류소에서 타셔야 됩니다 건너가시면 안 되고,아 네 네 정리해서 그럼 발성해보겠습니다 선생님 그리고 정말 죄송하기도 제가 조금 전에 말씀을 잘못 드려요 터미널 바로 앞에 있는 정리소에서 파셔야 됩니다 건너가시면 안 돼요,아 네네 정리해서 그럼 발송해 놓겠습니다 선생님 그리고 정말 죄송하게도 제가 조금 전에 말씀을 잘못 드려서요 터미널 바로 앞에 있는 정리소에서 타셔야 됩니다 건너가시면 안 돼요
AIHub_LowQualityPhoneVoice_valid__10970,82.35294117647058,11.76470588235294,-70.58823529411764,False,거꾸로 가도 바로만 가면 되니까,음 꺼 꼬로 가든 바로 반 가믄 백 육대야,음 거꾸로 가도 바로만 가면 되니까
AIHub_LowQualityPhoneVoice_valid__10977,42.30769230769231,11.538461538461538,-30.769230769230766,False,아 네 감사합니다 좋은 하루 되십시오 알겠습니다,아 네 감사합니다 조회나를 드십시오 네 감사합니다,아 네 감사합니다 좋은 하루 되십시오 감사합니다
AIHub_LowQualityPhoneVoice_valid__10982,41.46341463414634,12.195121951219512,-29.268292682926827,False,아 처음 할 때요 만약에 설정을 하게 되면은 서 서류가 어떤 게 필요한가요,저는 소류가 필요할게요 네 만약에 세척을 하게 되면은 네 소 소류가 어떤 게 필요한가요,음 처음 할게요 만약에 설정을 하게 되면은 서류가 어떤 게 필요한가요
AIHub_LowQualityPhoneVoice_valid__10983,10.0,0.0,-10.0,False,네 선생님 그러면 지금 공동 명의 하시는 분이 모두 방문을 하시는 거세요,네 선생님 그러면 지금 공동장애하시는 분이 모두 방문을 하시는 거세요,네 선생님 그러면 지금 공동 명의 하시는 분이 모두 방문을 하시는 거세요
AIHub_LowQualityPhoneVoice_valid__10991,28.37837837837838,5.405405405405405,-22.972972972972975,False,선생님 지금 이 개인 단독 기존에 소유하신 분을 에이 라고 쳤을 때요 이 에이가 포함이 되어서 에이 비 씨로 공동 명의가 되는 건가요,사장님 지금 이 개인단독 기존의 솔로 하신 분을 a라고 뒀을 때요 이 a가 포함이 되어서 lbc로 공동양의가 되는 건가요,선생님 지금 이 개인 단독 기존에 소유하신 분을 에이라고 적을 때요 이 에이가 포함이 되어서 엘 비 씨로 공동 명의가 되는 건가요
AIHub_LowQualityPhoneVoice_valid__11013,9.803921568627452,0.0,-9.803921568627452,False,그리고 평일 오후 여섯 시까지 업무이기 때문에 창원 운동장 내에 있는 차량 등록과 쪽으로 평일 오후 다섯 시 삼십 분 전까지는 조금 여유 있게 내방하셔서 이전 등록 부탁을 드리겠습니다,그리고 평일 오후 여섯 시까지 업무이기 때문에 창원 운동장 내여 있는 사람 등록과 쪽으로 평일 오후 다섯 시 삼십 분 전까지는 조금 여유롭게 내방하셔서 이건 좀 부탁드리겠습니다,그리고 평일 오후 여섯 시까지 업무이기 때문에 창원 운동장 내에 있는 차량 등록과 쪽으로 평일 오후 다섯 시 삼십 분 전까지는 조금 여유 있게 내방하셔서 이전 등록 부탁을 드리겠습니다
AIHub_LowQualityPhoneVoice_valid__11029,50.0,0.0,-50.0,False,일 아 엘피지인데요 엘피지,일 아 lpg인데 lpg,일 아 엘피지인데요 엘피지
AIHub_LowQualityPhoneVoice_valid__11051,12.0,0.0,-12.0,False,이건 차가 이제 폐기 처분할 때가 다 됐는데 이거를 이제 자꾸 폐기 처분하라니까 우리 애가,이건 차가 인제 폐기 측은할 때가 다 됐는데 이거를 인제 자꾸 폐기 측은하라니까 우리 애가,이건 차가 이제 폐기 처분할 때가 다 됐는데 이거를 이제 자꾸 폐기 처분하라니까 우리 애가
AIHub_LowQualityPhoneVoice_valid__11057,12.0,4.0,-8.0,False,그럼 가족 가족 보험 그대로 쓰면은 괜찮습니까,그럼 가서 가서 보면 그대로 쓰면은 괜찮습니까,그럼 가족 가족보험 그대로 쓰면은 괜찮습니까
AIHub_LowQualityPhoneVoice_valid__11059,15.714285714285714,4.285714285714286,-11.428571428571427,False,상속받으시는 아드님 명의로 책임보험이 가입된 것이 아니라면 보험사 쪽으로 아드님 명의로 책임보험 가입 변경을 해 주셔야 되세요,상속 받으시는 아들은 명의로 책임 보험이 가입된 것이 아니라며 보험사 쪽으로 아들은 명의로 책임 보험 가입 병정을 해주셔야 되세요,상속받으시는 아드님 명의로 책임 보험이 가입된 것이 아니라면 보험사 쪽으로 아드님 명의로 책임 보험 가입 변경을 해주셔야 되세요
AIHub_LowQualityPhoneVoice_valid__11080,32.432432432432435,5.405405405405405,-27.02702702702703,False,상속받으려면 아까 도장이 뭐 그 다른 애들 도장이 다 필요하다면서예,상소가 될래나 아까 도장이 뭐 그 다른 애들 도장이 닥치를 하라면서요,상속 받을려면 아까 도장이 뭐 그 다른 애들 도장이 다 필요하다면서예
AIHub_LowQualityPhoneVoice_valid__11092,42.22222222222222,0.0,-42.22222222222222,False,포기하시는 분이 있지 않습니까 그분들의 도장이 마련되어 있는 상속 협의서와 신분증,포기하시는 분이 있지 않습니까 그분들의 도장이 마림되어 있는 산소 협의사와 신분증 수준의 신호 등을 포기한다,포기하시는 분이 있지 않습니까 그분들의 도장이 마련되어 있는 상속 협의서와 신분증
AIHub_LowQualityPhoneVoice_valid__11107,145.45454545454547,9.090909090909092,-136.36363636363637,False,무엇을 도와 드릴까요,너 없을 때 아직 메이트 아닌가 봐,무엇을 도와드릴까요
AIHub_LowQualityPhoneVoice_valid__11126,52.63157894736842,5.263157894736842,-47.368421052631575,False,안녕하세요 창원시 민원콜센터 상담사,안녕하세요 청신 러쿠센터 성남 대,안녕하세요 창원시 민원 콜센터 상담사
AIHub_LowQualityPhoneVoice_valid__11132,88.88888888888889,11.11111111111111,-77.77777777777777,False,예 말씀해 보이소,예 마지막에 뭐 있어,예예 말씀해 보이소
AIHub_LowQualityPhoneVoice_valid__11136,87.5,125.0,37.5,False,예 공영 주차장,예,예 고객님 좀 기다려주세요
AIHub_LowQualityPhoneVoice_valid__11149,116.66666666666667,66.66666666666666,-50.000000000000014,False,공영주차장에,뭐 먹는 주차장에 뭐,봉림도 주차장에
AIHub_LowQualityPhoneVoice_valid__11162,50.0,0.0,-50.0,False,네 경유차 주차 공간 말씀이십니까,데 경기차 기사 공무원 말씀 드�십니까,네 경유차 주차 공간 말씀이십니까
AIHub_LowQualityPhoneVoice_valid__11178,15.0,13.333333333333334,-1.666666666666666,False,근처에 주차장이 화물 차량 들어가는 주차장도 없고 그 주변에는 딱히 큰 차량을 주차할 수 있는 공간이 없는데,김철이 주차장이 화물차량 들어가는 주차장도 없고 그 주변에는 큰 빡기 큰 차량을 주차할 수 있는 공간이 없는데요,천천히 주차장이 화물 차량 들어가는 주차장도 없고 그 주변에는 큰 빢에 큰 차량을 주차할 수 있는 공간이 없는데요
AIHub_LowQualityPhoneVoice_valid__11180,20.238095238095237,5.952380952380952,-14.285714285714285,False,선생님 오래 기다려주셔서 감사합니다 지금 네 교통과에 문의를 해봤는데 어 지금 그 근처에는 화물 차량이 들어갈 수 있는 주차 공간이 따로 없다고 합니다,선생님 오래 기다려 주셔서 감사합니다 지그 이게 격세기 참가에 문의를 해봤는데 어 그 그 근처에는 화물차량이 들어갈 수 있는 주차가 온갖 따로 없다고 합니다,선생님 오래 기다려 주셔서 감사합니다 지금 예 경제교통과에 문의를 해봤는데 어 지금 그 근처에는 화물 차량에 들어갈 수 있는 주차 공간이 따로 없다고 합니다
AIHub_LowQualityPhoneVoice_valid__11186,44.0,24.0,-20.0,False,네 저기 시외 터미널 관리는 어디 어디서 해요,아 예 저기 합정동시에 투명을 갈리는 어디 어디서 해요,아 네 저기 합정동시 터미널 관리는 어디 어디서 해요
AIHub_LowQualityPhoneVoice_valid__11193,31.03448275862069,13.793103448275861,-17.24137931034483,False,뭐 개인이 하는 거라고 이거는 그렇게 이야기를 하는데,아 뭐 괜히 하는 거라고 이거는 그렇게 야외하는데,과목이 하는 거라고 이거는 그렇게 이야기를 하는데
AIHub_LowQualityPhoneVoice_valid__11199,21.21212121212121,15.151515151515152,-6.060606060606059,False,아니요 거 시청 담당자한테 그 전화번호 내한테 좀 알려주세요,아니요 또 시청 담당자한테 그 전화번호 내한테도 예 알겠습니다,아니요 그 시청 담당자한테 이 그 전화번호 내한테 좀 예 알려주세요
AIHub_LowQualityPhoneVoice_valid__11219,11.627906976744185,11.627906976744185,0.0,False,네 밑으로 내리게 되면 희망의 새 시대 민원 소통 창원이라는 글귀 확인되실까요,네 밑으로 내리게 되면 희망의 세 시 대 민원세총 창원이라는 글귀 확인되실까요,네 밑으로 내리게 되면 희망을 세시되 민원소통 창원이라는 글귀 확인되실까요
AIHub_LowQualityPhoneVoice_valid__11223,23.333333333333332,11.666666666666666,-11.666666666666666,False,아 네 선생님 그러면은 이렇게 네모난 박스들이 많이 있는데 그중에서 주황색 네모 박스 확인되실까요 각종 알림,아 네 아 네 그러면은 이케 네모나 박스들이 많이 있는데 그중에서 주황색 네모 박스 확인됐을 바에요 각종,아 네 선생님 그러면은 이게 네모난 박스들이 많이 있는데 그중에서 주황색 네모박스 확인됐을까요 각종 아니면
AIHub_LowQualityPhoneVoice_valid__11224,0.0,0.0,0.0,False,예 각종 문자 알림 서비스 예 있습니다 각종 문 문자 신청,예 각종 문자 알림 서비스 예 있습니다 각종 문 문자 신청,예 각종 문자 알림 서비스 예 있습니다 각종 문 문자 신청
AIHub_LowQualityPhoneVoice_valid__11254,14.285714285714285,0.0,-14.285714285714285,False,자동차 매도용,자동차 매도형,자동차 매도용
AIHub_LowQualityPhoneVoice_valid__11257,5.405405405405405,0.0,-5.405405405405405,False,네 그리고 도장 날인된 양도 증명서도 함께 지참을 해주셔야 되는데요,네 그리고 고장 날인된 양도 증명서도 함께 지담을 해주셔야 되는데요,네 그리고 도장 날인된 양도 증명서도 함께 지참을 해주셔야 되는데요
AIHub_LowQualityPhoneVoice_valid__11285,48.275862068965516,6.896551724137931,-41.37931034482759,False,아니 그러면은 사업자 등록증 사본하고 등기부 등본하고,아니 그러면은 압도 돈 좀 사고는 하고 긍기 부통분하고,아니 그러면은 사업자 등록증 사본하고 경기 부 등본하고
AIHub_LowQualityPhoneVoice_valid__11288,19.35483870967742,4.301075268817205,-15.053763440860216,False,그니까 이제 위임장이라고 따로 서식이 있고 여기에 인감 도장을 찍어 주시고 플러스로 인감 증명서를 지참을 하시고요 그리고 더 추가로 여기에 이제 그 법인 인감 증명서랑,그니까 이제 미인장이라고 따른 서식이 있고 여기 인간보장을 찍어주시고 플러스를 인간진명사를 지참을 하시구요 그리고 더 추가로 여기에 이제 그 법인인간진명서랑,그니까 이제 위임장이라고 따로 서식이 있고 여기 인감 도장을 찍어주시고 플러스를 인감 증명서를 지참을 하시구요 그리고 더 추가로 여기에 이제 그 법인 인감 증명서랑
AIHub_LowQualityPhoneVoice_valid__11331,25.0,0.0,-25.0,False,여기 웅천고등학교 앞에,여기 웅청호동학교 앞에,여기 웅천고등학교 앞에
AIHub_LowQualityPhoneVoice_valid__11343,60.0,50.0,-10.0,False,예 꼭지 마트 예 새로 생겼거든 예예,예 꽃이 맞다 예 예 예,예 꼭 좀 왔더 예 새로 새게 있었다 예예
AIHub_LowQualityPhoneVoice_valid__11356,6.097560975609756,3.6585365853658534,-2.439024390243903,False,아 그렇습니까 그 반지동 오십 육 다시 오 번지 옆에 주차장이 하나 지어지고 있는데 그 차를 대는 방향이 선생님의 뒤쪽으로 되어 있다는 말씀이십니까,아 그렇군까 그 반지도 오십 육 다시 오 번지 옆에 주차장이 하나 지어지고 있는데 그 차를 대는 방향이 사장님의 뒤쪽으로 되어 있다는 말씀이십니까,어 그렇습니까 그 반지동 오십 육 다시 오 번지 옆에 주차장이 하나 지어지고 있는데 그 차를 대는 방향이 선생님의 집 쪽으로 되어 있다는 말씀이십니까
AIHub_LowQualityPhoneVoice_valid__11364,52.38095238095239,0.0,-52.38095238095239,False,안녕하십니까 창원시 민원 콜센터 상담사,아주하십니까 상호 신비는 콜상담 상담부,안녕하십니까 창원시 민원 콜센터 상담사
AIHub_LowQualityPhoneVoice_valid__11367,13.793103448275861,3.4482758620689653,-10.344827586206897,False,오십 육 다시 오 번지에 사시는 집주인분께서 전화를 주셨고요 예 그쪽에 이제 주차장이 공사가 되고 있는데,오십 육 다시 오 번 뒤에 사진을 집주인 분께서 전화를 주셨구요 그쪽에 이제 주차장이 공사가 되고 있는데,오십 육 다시 오 번지에 사시는 집주인분께서 전화를 주셨고요 그쪽에 이제 주차장이 공사가 되고 있는데
AIHub_LowQualityPhoneVoice_valid__11369,60.86956521739131,4.3478260869565215,-56.52173913043479,False,아 일단 담당자분 안 계신데 연결해 주세요,아 일단 문현지 담당자부당 계신데 열정이,아 일단은 담당자분 안 계신데 연결해 주세요
AIHub_LowQualityPhoneVoice_valid__11389,20.43010752688172,2.1505376344086025,-18.279569892473116,False,제가 이 진해 차량 등록 사업소에서 업무가 가능하다고 하면 담당자로 바로 연결을 도와드리고요 아니라고 안 된다고 하시면 제가 다시 받겠습니다 잠시만 기다려 주시겠습니까,제가 육티베이 차량전 부터업소에서 업무가 감영하다고 하며 전당자로 바로 연결을 도와주시구요 아니라고 안 된다고 해서 제가 다시 받겠습니다 잠시만 기다려 주시겠습니까,제가 이 진해 차량 등록 사업소에서 업무가 가능하다고 하면 담당자로 바로 연결을 도와드리구요 아니라고 안된다고 하시면 제가 다시 받겠습니다 잠시만 기다려 주시겠습니까
AIHub_LowQualityPhoneVoice_valid__11393,34.78260869565217,0.0,-34.78260869565217,False,아니면 주소지는 사용 본거지 하셔야 되는데,아니면 주석이는 다양한 방법이 하셔야 되는데,아니면 주소지는 사용 본거지 하셔야 되는데
AIHub_LowQualityPhoneVoice_valid__11438,23.52941176470588,5.88235294117647,-17.64705882352941,False,꼭 둘 다 오실 필요는 없는데요,꼭 둘 다 고칠 필요는 없는데 야,꼭 둘 다 보실 필요는 없는데요
AIHub_LowQualityPhoneVoice_valid__11439,8.695652173913043,8.695652173913043,0.0,False,그 방문하실 분에 따라서 서류가 달라집니다,그 방포사실 분에 따라서 서류가 달라집니다,그 반품하실 분에 따라서 서류가 달라집니다
AIHub_LowQualityPhoneVoice_valid__11443,44.44444444444444,22.22222222222222,-22.22222222222222,False,네네 인감 증명서요 매도용 자동차,예내 인간증명사와 매도예대 자동차,네 네 인감증명서요 매도용 네 자동차
AIHub_LowQualityPhoneVoice_valid__11450,18.181818181818183,0.0,-18.181818181818183,False,양도 증명서에 도장 날인되어 있어야 되는데요 이 도장은 막도장이어도 상관없습니다,이 양또 진명서에 도장날인 되어 있어야 되는데요 이 도장을 막 도장이어도 상관없습니다,양도 증명서에 도장 날인되어 있어야 되는데요 이 도장은 막도장이어도 상관없습니다
AIHub_LowQualityPhoneVoice_valid__11455,77.77777777777779,0.0,-77.77777777777779,False,네 자동차 등록증,어 잘 끊겨,네 자동차 등록증
AIHub_LowQualityPhoneVoice_valid__11461,46.42857142857143,10.714285714285714,-35.714285714285715,False,네 창원은 종합운동장 쪽에 차등록 사업소가 있습니다,예 상온이 종합운동장 쪽에 다녀서 합쳐가십니다,네 창원은 종합운동장 쪽에 창업 사업소가 있습니다
AIHub_LowQualityPhoneVoice_valid__11469,23.52941176470588,23.52941176470588,0.0,False,네네네 제삼자가 했을 경우에는요,네 네 네 제 삼자가 했을 경우에는,네 네 네 제 상자가 했을 경우에는요
AIHub_LowQualityPhoneVoice_valid__11471,0.0,0.0,0.0,False,본인 신분증,본인 신분증,본인 신분증
AIHub_LowQualityPhoneVoice_valid__11478,21.25,7.5,-13.75,False,네 그리고 제삼자가 오실 때는 아까 말씀드린 양도인 서류 있지 않습니까 인감이랑요 그거랑 합쳐져서 추가적으로 양수인의 서류를 제출하시면 되십니다,네 그리고 대선자고실 땐 아까 말씀드린 양도인 서류 있었으니까 인강이랑요 네 네 그거랑 합쳐져서 추가적으로 양수인의 서류를 제천하시면 되십니다,네 그리고 대상자 보실 때는 아까 말씀드린 양도인 서류 있지 않습니까 인감이랑요 그거랑 합쳐져서 추가적으로 양수인의 서류를 지참하시면 되십니다
AIHub_LowQualityPhoneVoice_valid__11486,37.142857142857146,5.714285714285714,-31.42857142857143,False,죄송합니다 선생님 오토바이 사용 등록은 구청에선 업무가 어렵고요,대사님 여러분이 오토바이 사용분목은 구청에선 업무가 어렵구요,죄송합니다 선생님 오토바이 사용 등록은 구청에서는 업무가 어렵고요
AIHub_LowQualityPhoneVoice_valid__11492,32.95454545454545,3.4090909090909087,-29.545454545454543,False,창원시 관내에 거주하고 계시다면 아무 동이라든지 관계없으시거든요 꼭 대산면 아니시더라도 관계 없으신데요 혹시 실례지만 지금 하포구 어느 동 쪽에 있으신 건가요,평소 관례 거주하고 계시다면 아무 의견이나 뭔지 관계 없으시거든요 꼭 네삼날 안 계시더라도 관례 없으신대요 혹시 실례티만 지금 합보고 어느 정도 계시신 건가요,창원시 관내 거주하고 계시다면 아무 동이라든지 관계없으시거든요 꼭 대산면 아니시더라도 관계없으신데요 혹시 실례지만 지금 합포구 어느 동 쪽에 있으신 건가요
AIHub_LowQualityPhoneVoice_valid__11494,19.090909090909093,2.727272727272727,-16.363636363636367,False,네 기다려 주셔서 감사합니다 죄송합니다 현재 담당자 통화 중으로 연결이 이 쪼금 지연이 되고 있습니다 불편하시겠지만 확인하시고 방문하실 수 있도록 직통 번호 안내 도와드릴 텐데 메모 가능하시겠습니까,우리 기다리 지어서 감사합니다 죄송한데 현재 담당과 토하중으로 연결이 조금 지연이 되고 있습니다 불편하시겠지만 확인하시고 당분하실 수 있도록 집중 번호 안으로 도와드릴 텐데 메모 가능하시겠습니까,네 기다려 주셔서 감사합니다 죄송합니다 현재 담당자 통화 중으로 연결이 조금 지연이 되고 있습니다 불편하시겠지만 확인하시고 방문하실 수 있도록 직통 번호 안내 도와드릴 텐데 메모 가능하시겠습니까
AIHub_LowQualityPhoneVoice_valid__11510,33.33333333333333,0.0,-33.33333333333333,False,직통 번호 안내 도와드릴까요,좋던 번호 안 내러 도와 드릴까요,직통 번호 안내 도와드릴까요
AIHub_LowQualityPhoneVoice_valid__11519,11.11111111111111,7.4074074074074066,-3.703703703703704,False,나오거든요 그 무슨 다리 하나 다리 하나 나오고요,나오거든요 그럼 다리 하나 다리 하나 나오고요,나오거든요 그 음 다리 하나 다리 하나 나오고요
AIHub_LowQualityPhoneVoice_valid__11526,27.586206896551722,13.793103448275861,-13.793103448275861,False,늘 거기 서 있네요 아침마다 그래 그 차를 뭐 이렇게,요 요 요 거기서 잉대요 아침마다 그래 그 차를 뭐 이렇게,으흐흐 거기서 있네요 아침마다 그래 그 차를 뭐 이렇게
AIHub_LowQualityPhoneVoice_valid__11533,31.818181818181817,31.818181818181817,0.0,False,말씀하시는 위치가 금 다리를 건너기 전에,치마 시즌 위치 보면 다리를 건너기 전에,심하신 곳 위치가 그럼 다리를 건너기 전에
AIHub_LowQualityPhoneVoice_valid__11545,38.095238095238095,4.761904761904762,-33.333333333333336,False,고거만 단속만 한 번 하면 돼 그 제가,뭐 단정 말한다 하면 돼 그 제가,고만 단속만 한 번 하면 돼 그 제가
AIHub_LowQualityPhoneVoice_valid__11555,49.35064935064935,28.57142857142857,-20.77922077922078,False,저 저기 지 진해서 창원 아 마산과 진해까지 왔다 갔다 하는 거 차 차 남바를 좀 알고 싶은 번호를 좀 알고 싶은데 그 어디 그 부서가 에,그 그 사람들 그 저 친 친해 그 자원 아 마상과 친해까지 갔다 왔다는 거 자 전남방에서 말하고 싶 물어도 말하고 싶은데 그 어디 그 부시가 에,그 지난번 저 저 진해 저 창원 아 마산가 진해까지 갔다 왔다는 거 차 차 남발 좀 알고 싶 문을 좀 알고 싶은데 그 어디 그 부주가 예
AIHub_LowQualityPhoneVoice_valid__11574,13.333333333333334,16.666666666666664,3.3333333333333304,False,네 제일 빨리 제일 빨리 가는 버스는 팔백 육십 이구요,제 제일 뻘 제일 빨리 가는 버스는 팔백 육십 번이구요,네 제일 제일 빨리 가는 버스는 팔백 육십 번 이구요
AIHub_LowQualityPhoneVoice_valid__11591,75.0,50.0,-25.0,False,아 이거는 한 한 번에 가고 다른 거 환승해야 되고,나 여행을 안 안 보내고 나는 아,아 여기는 한 번에 가고 나는 한 번에 하여튼 해야 되고
AIHub_LowQualityPhoneVoice_valid__11602,114.28571428571428,200.0,85.71428571428572,False,사 번은 뭐여,얘기를 뺏긴 바다는,예 그래 백 일 구 사 번은요
AIHub_LowQualityPhoneVoice_valid__11604,83.33333333333334,16.666666666666664,-66.66666666666669,False,녹수 아파트,럽서아빠들,녹쏘 아파트
AIHub_LowQualityPhoneVoice_valid__11627,819.9999999999999,34.285714285714285,-785.7142857142856,False,애살이가 좀 있는데 하여튼 옛날에는 아주 많았어요 지나가는 차가,그리고 이 시절에 이후부터는 이후부터는 그저 그저 그저 그저 그저 그저 그저 그저 그저 그저 그저 그저 그저 그저 그저 그저 그저 그저 그저 그저 그저 그저 그저 그저 그저 그저 그저 그저 그저 그저 그저 그저 그저 그저 그저 그저 그저 그저 그저 그저 그저 그저 그저 그저 그저 그저 그저 그저 그저 그저 그저 그저 그저 그저 그저 그저 그저 그저 그저 그저 그저 그저 그저 그저 그저 그저 그저 그저 그저 그저 그저 그저 그저 그저 그저 그저 그저 그저 그저 그저 그저 그저 그저 그저 그저 그저 그저 그저 그저 그저 그저 그저,매달에 그 좀 있는데 하여튼 옛날에는 아주 많이 했어요 진해 가던 차가
AIHub_LowQualityPhoneVoice_valid__11653,76.92307692307693,7.6923076923076925,-69.23076923076924,False,북면 저기 북면사무소에서,독무한 저기 독무한 다모설에서,북면 저기 북면 사무소에서
AIHub_LowQualityPhoneVoice_valid__11660,8.823529411764707,5.88235294117647,-2.9411764705882364,False,네 전체적으로 이렇게 다 온천까지 다 해달라는 말씀이신 건가요,이 전체적으로 이렇게 해서 온천까지 다 해달라는 말씀이신 건가요,네 전체적으로 이렇게 해서 온천까지 다 해달라는 말씀이신 건가요
AIHub_LowQualityPhoneVoice_valid__11664,61.111111111111114,38.88888888888889,-22.22222222222222,False,하셔야 돼요 이거는 안 됩니다 예,살찌야 돼 이거는 안 되는 소린 아니야,탈세해야 돼요 이거는 안 된다 해야
AIHub_LowQualityPhoneVoice_valid__11666,22.22222222222222,0.0,-22.22222222222222,False,아 네 그럼 제가,아 네 명 제가,아 네 그럼 제가
AIHub_LowQualityPhoneVoice_valid__11669,20.833333333333336,1.3888888888888888,-19.444444444444446,False,네 제가 부서 쪽으로 이 내용 바로 접수하도록 할 텐데요 내용 확인 차 선생님께 연락이 갈 수도 있습니다 연락처가 어떻게 되실까요,네 제가 여러 쪽으로 이 내용 바로 다 같이 하도록 할 텐데요 내용 확신처에선 연락이 잘 수도 있습니다 연락처가 어떻게 되실까요,네 제가 부서 쪽으로 이 내용 바로 접수하도록 할 텐데요 내용 확인 차 선생님 연락이 갈 수도 있습니다 연락처가 어떻게 되실까요
AIHub_LowQualityPhoneVoice_valid__11681,35.13513513513514,13.513513513513514,-21.62162162162162,False,네 확인해 볼텐데요 특별교통수단이라고 하시면 장애인 콜택시 교통약자,네 확인해 볼 수 있다면 특정 기통수단이라고 하시면 장애인 꼴 도시 교통약,네 확인해 볼 텐데요 그 특별 교통 수단이라고 하시면 장애인 콜택시 교통약자
AIHub_LowQualityPhoneVoice_valid__11694,24.324324324324326,13.513513513513514,-10.810810810810812,False,고 제가 한 번 이야기를 더 들어볼려고 일단 다른 건 문제가 아니고,오 제가 한번 이야기해서 들어보려고 일단 다른 건 원장 아니고,고 제가 한번 이야기해서 들어볼려고 일단 다른 건 언제가 아니고
AIHub_LowQualityPhoneVoice_valid__11697,7.5,12.5,5.0,False,부분에 대해서 시청에서는 뭐 정책이나 예산에 대해서만 업무를 보고 있고요,요번에 대해서 시장에서는 뭐 정책이나 예산에 대해서만 업무를 보고 있고요,부분에 대해서 시청에서는 뭐 정책이나 예산을 낼 계에서만 업무를 보고 있고요
AIHub_LowQualityPhoneVoice_valid__11707,61.53846153846154,53.84615384615385,-7.692307692307693,False,여서 마찬가지로 자기들은 차만 배차만 할 뿐이지,그래서 마찬가지 다닐려면 차원 차원에,버스 마찬가지 차량이라는 차만 차가 날라오는지
AIHub_LowQualityPhoneVoice_valid__11712,25.0,4.166666666666666,-20.833333333333336,False,아니 번호판을 그 자동차 검사 받으러 갔는데,아니 번호판을 그 삼수야 금 사받으러 갔는데,아니 번호판을 그 자동차 검사받으러 갔는데
AIHub_LowQualityPhoneVoice_valid__11718,50.0,25.0,-25.0,False,합포구청 지하 일 층에 위치하고 있고,야 일 등 엔치하고 있고,효통 오성 지하 일 층에 위치하고 있고
AIHub_LowQualityPhoneVoice_valid__11722,30.76923076923077,28.205128205128204,-2.5641025641025657,False,예 가지고 가시는 게 좋은데 아 잠시만 기다려 좀 더 확인해 보겠습니다,네 가지고 가시는데 좋은데 잠시만 기다려 제가 확인하고 있습니다,예 가지고 가시는 게 좋은데 어 잠시만 기다려 주시겠습니까 제가 좀 더 확인해 보겠습니다
AIHub_LowQualityPhoneVoice_valid__11724,22.105263157894736,9.473684210526317,-12.63157894736842,False,봉인을 부착하지 않는 자동차는 운행을 하게 되면 과태료가 발생될 수 있어서 자동차 등록증이랑 신분증 지참해서 차주 분께서 직접 방문하시면 되는데요 서류 등록 삼천 원이고요,비인을 못 잡가지 않은 자동차는 운행을 하게 되며 가폐료가 발생할 수 있어서 자동차 지속증이랑 신문증 지판부터 서류 분께서 직접 방문하시면 되는데요 서류 주택 삼천 원이구요,주의는 부착하지 않은 자동차는 운행을 하게 되면 과태료가 발생될 수 있어서 자동차 지속증이랑 신분증 지참해서 서류분께서 직접 방문하시면 되는데요 서류 등록 삼천 원이고요
AIHub_LowQualityPhoneVoice_valid__11729,90.9090909090909,18.181818181818183,-72.72727272727272,False,아니 예 수고하십시오,아직도,아니 그게 수고하십시오
AIHub_LowQualityPhoneVoice_valid__11737,17.073170731707318,0.0,-17.073170731707318,False,아니면 예 뭐 창원 다른 데는 진해구 하포구 구청으로 가시면 되고 어 창원,아니냐 에 뭐 차원 다른 데는 진예고 하포구 구성으로 가시면 되고 어 차원,아니면 예 뭐 창원 다른 데는 진해구 하포구 구청으로 가시면 되고 어 창원
AIHub_LowQualityPhoneVoice_valid__11740,11.320754716981133,1.8867924528301887,-9.433962264150944,False,발급이 되시는데 예 효력은 똑같고요 근데 이게 처리되는데 한 세 시간 이내로 발생될 수 있습니다,밝음이 되시는데 이 효력은 똑같고요 근데 이게 털이 되는데 한 세 시간 이내로 발생될 수 있습니다,발급이 되시는데 예 효력은 똑같고요 근데 이제 처리되는데 한 세 시간 이내로 발생될 수 있습니다
AIHub_LowQualityPhoneVoice_valid__11750,42.10526315789473,0.0,-42.10526315789473,False,네 다른 더 궁금하신 점 있으십니까,내일 다른 방 근무가진 적 있으십니까,네 다른 더 궁금하신 점 있으십니까
AIHub_LowQualityPhoneVoice_valid__11755,33.33333333333333,0.0,-33.33333333333333,False,뭔가가 너무 좀 억울해서 내가 전화를 했는데 어디 이런,만당하면 무슨 억울해서 내가 변화를 했는데 을이 이런,뭔가가 너무 좀 억울해서 내가 전화를 했는데 어디 이런
AIHub_LowQualityPhoneVoice_valid__11758,55.55555555555556,11.11111111111111,-44.44444444444444,False,지금은 저 창원요,찍어면은 저 장원역,지금은 저 창원 요
AIHub_LowQualityPhoneVoice_valid__11767,33.33333333333333,15.151515151515152,-18.181818181818176,False,뭐 경제 고통간가 거기에 전화를 했더마는 어 전화도 진짜 싸,뭐 굉장히 고통감과 그게 전화를 냈더마나 어 전화부 진짜 싸,뭐 경제 고통관가 거기에 전화를 했더만은 어 전화도 진짜
AIHub_LowQualityPhoneVoice_valid__11781,22.22222222222222,0.0,-22.22222222222222,False,네 기다려 주셔서 감사합니다 지금,잘 기다려 주셔서 감사합니다,네 기다려 주셔서 감사합니다 지금
AIHub_LowQualityPhoneVoice_valid__11783,20.634920634920633,12.698412698412698,-7.936507936507935,False,불친절하게 전화를 받은 건 관련해서는 그 공무원의 불친절 관련해서 업무 태만이나 불친절 관련해서 업무를 보고 있는,후히더라도 전화를 받을 건 관련해서는 공무원에 불친절 관련해서 업무 편안이나 불친절 관련해서 안무를 보고 있네,전화를 받은 건 관련해서는 그 공무원의 불친절 관련해서 업무 편함이나 불친절 관련해서 업무를 보고 있는
AIHub_LowQualityPhoneVoice_valid__11789,38.095238095238095,28.57142857142857,-9.523809523809526,False,끊지 마시고 잠시만 기다려 주시겠습니까,수업 안에서 잠시만 기다려 주십니까,네 맞습니다 잠시만 기다려 주시겠습니까
AIHub_LowQualityPhoneVoice_valid__11790,44.0,0.0,-44.0,False,아 네 안녕하십니까 창원시 민원 콜센터 상담사,아니 안녕하십니까 상호십미노 콜센터 성장,아 네 안녕하십니까 창원시 민원 콜센터 상담사
AIHub_LowQualityPhoneVoice_valid__11791,10.256410256410255,0.0,-10.256410256410255,False,계장님 그 민원인께서 그 원래 차를 주차하시던 곳에 지금 공사 중이어서,아 계장님 그 민원님께서 그 원래 차를 기차하시던 곳에 지금 공사 중이어서,계장님 그 민원인께서 그 원래 차를 주차하시던 곳에 지금 공사 중이어서
AIHub_LowQualityPhoneVoice_valid__11796,77.27272727272727,72.72727272727273,-4.5454545454545325,False,불친절하게 안 한데 왜 불친절하다 그라지,무슨 일 아니 안 하는데 왜 무슨 일 하다 뭐라 니,무슨 일 아니 아는데 왜 무슨 일을 하다 그러지
AIHub_LowQualityPhoneVoice_valid__11798,40.0,13.333333333333334,-26.666666666666664,False,아 알겠습니다 바꿔줘 보이소,아 알겠습니다 빠파 누웠어,아 알겠습니다 바꿔줘 보셔서
AIHub_LowQualityPhoneVoice_valid__11820,29.411764705882355,0.0,-29.411764705882355,False,선생님께서는 방문을 하실 건가요,선생님께서는 당분을 사실 건강해요,선생님께서는 방문을 하실 건가요
AIHub_LowQualityPhoneVoice_valid__11822,11.428571428571429,0.0,-11.428571428571429,False,그러면 차 구매하시는 분만 방문할 때 서류로 안내 도와드리겠고요,그다음 차 고민하시는 분만 방문할 때 서류로 안내 도와드리겠고요,그러면 차 구매하시는 분만 방문할 때 서류로 안내 도와드리겠고요
AIHub_LowQualityPhoneVoice_valid__11833,28.57142857142857,14.285714285714285,-14.285714285714285,False,인감 증명서 그거로는 해당이 안 되나요,인간증 의해서 그거론 해당이 안 되나요,인감증명서 그거론 해당이 안 되나요
AIHub_LowQualityPhoneVoice_valid__11835,12.244897959183673,0.0,-12.244897959183673,False,이제 판매하는 사람이 방문하지 못할 때는 이 서류에 도장을 날인해서 지참을 해주셔야 되고,이제 판매하는 사람이 방문할지 못할 때는 이 서류에 도장을 나뉘어 참을 해주셔야 되고,이제 판매하는 사람이 방문하지 못할 때는 이 서류에 도장을 날인해서 지참을 해주셔야 되고
AIHub_LowQualityPhoneVoice_valid__11839,33.33333333333333,13.88888888888889,-19.44444444444444,False,이제 차량의 주행거리 계기판에 있는 키로 수 확인해 오시면 되고요,네 촬영의 주행거리 개입하려 있는 키루스 확인해 오시면 되구요,네 차량의 주행거리 계기판에 있는 기로스 확인해 오시면 되고요
AIHub_LowQualityPhoneVoice_valid__11842,3.0303030303030303,3.0303030303030303,0.0,False,본인 명의로 해당 차량에 대한 자동차 책임보험 가입을 하시고,본인 명의로 해당 차량에 대한 자동차 책임 보험 가입을 하시고,본인 명의로 해당 차량에 대한 자동차 책임 보험 가입을 하시고
AIHub_LowQualityPhoneVoice_valid__11849,18.823529411764707,3.5294117647058822,-15.294117647058824,False,네 추가적으로 해당 차량에 대해서 자동차세 체납이나 압류가 된 경우와 자동차 관련된 과태료 압류 건이 있을 때는 이전 등록 불가할 수 있으니 참고하시고요,예 추원적으로 회장 차량에 대해 더 자동차세 처명은 압류가 된 경우와 자동차 관련 등 과태료 압류권이 있을 때는 이전 등만 불과할 수 있으니 참고하시고요,예 주관적으로 해당 차량에 대해서 자동차세 체납이나 압류가 된 경우와 자동차 관련된 과태료 압류 건이 있을 때는 이전 등록 불가할 수 있으니 참고하시고요
AIHub_LowQualityPhoneVoice_valid__11852,23.333333333333332,16.666666666666664,-6.666666666666668,False,그래서 네 그 나머지 서류를 준비해서 한 번 방문할게요,네 그 나머지 스릇을 준비해서 한 번 방문할게요,예 그 나머지 서류를 준비해서 한 번 방문할게요
AIHub_LowQualityPhoneVoice_valid__11885,13.157894736842104,5.263157894736842,-7.894736842105263,False,창원시에서 가입해 둔 지금 보험사가 디비 손해보험이구요 담당자 번호가,차원실서 가입해두는 지금 보험사가 디비 손해보험이구요 담당자 번호가,창원시에서 가입해둔 지금 보험사가 디비 손해보험이고요 담당자 번호가
AIHub_LowQualityPhoneVoice_valid__11901,6.666666666666667,6.666666666666667,0.0,False,그 종업원인지 모르겠는데 종업원 친구들이 또 와 가지고 시끄럽게 막 동네를 떠들고,그 아 종업원인지 모르겠는데 종업원 친구들이 또 와가지고 시끄럽게 막 동네를 떠들고,그 종합원인지 모르겠는데 종합원 친구들이 또 와가지고 시끄럽게 막 동네를 떠들고
AIHub_LowQualityPhoneVoice_valid__11919,29.629629629629626,3.7037037037037033,-25.925925925925924,False,오토바이를 남바를 찍어야 될 거 아니에요 그러면은,오토가에를 남발을 띄고 해야 될 거 아니에요 그러면은,오토가이를 남바를 찍어야 될 거 아니에요 그러면은
AIHub_LowQualityPhoneVoice_valid__11920,6.25,6.25,0.0,False,그래서 그 그까지 가야 되는데,그래서 또 그까지 가야 되는데,그래서 또 그까지 가야 되는데
AIHub_LowQualityPhoneVoice_valid__11941,28.000000000000004,0.0,-28.000000000000004,False,선생님 지역은 창원 마산 진해 중에 어디신가요,허장님 지역은 학원 마산 지네 지네 어디신가요,선생님 지역은 창원 마산 진해 중에 어디신가요
AIHub_LowQualityPhoneVoice_valid__11945,34.21052631578947,18.421052631578945,-15.789473684210527,False,아 그쪽에 가야 됩니까 혹시나 그 이전할라면은 이전 서류가 필요합니까,아 갑자기 그게 아니야 됩니까 혹시나 그 있는 할라면은 있는 서류가 필요합니까,아 그렇게 가야 됩니까 혹시나 그 이런 하려면은 이런 서류가 필요합니까
AIHub_LowQualityPhoneVoice_valid__11954,27.906976744186046,0.0,-27.906976744186046,False,예 차량 받으시는 양수인 분 기준 서류부터 말씀드리면 양수인은 본인의 신분증과,이 차량 받으시는 양 수행본 기준사례부터 말씀드리면 양 수행 본인의 신금증과,예 차량 받으시는 양수인 분 기준 서류부터 말씀드리면 양수인은 본인의 신분증과
AIHub_LowQualityPhoneVoice_valid__11978,70.0,0.0,-70.0,False,무엇을 도와드릴까요,너 어디로 하드릴까요,무엇을 도와드릴까요
AIHub_LowQualityPhoneVoice_valid__11984,16.0,0.0,-16.0,False,예 선생님 창원시청 홈페이지까지 접속을 하시면,이 선생님 창업식장 홈페이지까지 접속을 하시면,예 선생님 창원시청 홈페이지까지 접속을 하시면
AIHub_LowQualityPhoneVoice_valid__12002,14.285714285714285,0.0,-14.285714285714285,False,예 고맙습니다,네 고맙습니다,예 고맙습니다
AIHub_LowQualityPhoneVoice_valid__12009,25.925925925925924,7.4074074074074066,-18.51851851851852,False,예예 본인이 아니고 저 저 대리로 갈라고 그러는데,예 예 또는 아니고 저 저 데뷔도 갈라고 그러는데,예 예 본인이 아니고 저 저 대리로 가라고 그러는데
AIHub_LowQualityPhoneVoice_valid__12016,25.0,7.5,-17.5,False,신분증 일반 대리인 분 신분증 소유주 분 신분증 두 분 같이 지참하시구요,신분증 일반대리 부신분증 소주 부신분증 두 번 같이 추천하시구요,신분증 일반 대리인분 신분증 소유주분 신분증 두 분 같이 지참하시고요
AIHub_LowQualityPhoneVoice_valid__12041,0.0,0.0,0.0,False,어 버스 정류장이라고 합니다,어 버스 정류장이라고 합니다,어 버스 정류장이라고 합니다
AIHub_LowQualityPhoneVoice_valid__12050,72.72727272727273,0.0,-72.72727272727273,False,예 저공해 차량 혹시,응 더 공익 처리 학식,예 저공해 차량 혹시
AIHub_LowQualityPhoneVoice_valid__12051,26.47058823529412,2.941176470588235,-23.529411764705884,False,제가 내용 확인하고 안내드릴 텐데요 선생님 현재 해당 차량이요,제가 내용 확인하고 안내 기색했어요 선생님 현재 회담 촬영이요,제가 내용 확인하고 안내 드릴 텐데요 선생님 현재 해당 차량이요
AIHub_LowQualityPhoneVoice_valid__12052,47.05882352941176,5.88235294117647,-41.17647058823529,False,아 죄송합니다 이천 십 삼 년 오 월 이십 사 일 이후에 등록된 저공해 차량은 맞으신 건가요,알치 선 이천 십 삼 시 월 오 월 이십 팔 이후에 제국된 더 공예촬영은 마칠 건가요,아 죄송합니다 이천 십 삼 년 오 월 이십 팔 이후에 등록된 저공해 차량은 맞으신 건가요
AIHub_LowQualityPhoneVoice_valid__12057,25.925925925925924,0.0,-25.925925925925924,False,차종이라는 게 차 종류에 따라서 말씀하시는 건가요,사정이란 게 다 종류에 따라서 말씀하시는 거예요,차종이라는 게 차 종류에 따라서 말씀하시는 건가요
AIHub_LowQualityPhoneVoice_valid__12058,24.242424242424242,6.0606060606060606,-18.18181818181818,False,차 종류 종류가 그게 되는 차가 있고 안 되는 차가 있잖아요,차 종류 종류가 왜 이런 차가 있고 안 이런 차가 있잖아 야,차 종류 종류가 왜 되는 차가 있고 안 되는 차가 있잖아요
AIHub_LowQualityPhoneVoice_valid__12067,45.45454545454545,18.181818181818183,-27.27272727272727,False,합포구청이 어디 있죠,타포고총이 어디죠,합포구청이 어디죠
AIHub_LowQualityPhoneVoice_valid__12075,52.63157894736842,0.0,-52.63157894736842,False,일반 자가용 구조 변경 말씀이십니까,이번 자가연 구절학력 말씀 있습니까,일반 자가용 구조 변경 말씀이십니까
AIHub_LowQualityPhoneVoice_valid__12091,11.688311688311687,0.0,-11.688311688311687,False,기다려 주셔서 감사합니다 현재 선생님 제가 등록 담당하는 부서로 어 업무 내용 전달하고 연결을 해드릴 텐데요 잠시만 더 기다려 주시겠습니까,기다려 주셔서 감사합니다 현퇴 선생님 제가 등록금당하는 부서로 어 업무 내용 전달하고 연결을 해 드릴 텐데 약 삼 시간 더 기다려 주시겠습니까,기다려 주셔서 감사합니다 현재 선생님 제가 등록 담당하는 부서로 어 업무 내용 전달하고 연결을 해드릴 텐데요 잠시만 더 기다려 주시겠습니까
AIHub_LowQualityPhoneVoice_valid__12107,17.073170731707318,2.4390243902439024,-14.634146341463415,False,아니 그니까 뭐 담당자를 바꿔주면 자동차 번호를 쳐보면은 나올 거 아니에요,아이 뭐 담당자에 바꿔주는 자동차 번호를 쳐보면은 나올 거 아니에요,아니 그니까 뭐 담당자를 바꿔주는 자동차 번호를 쳐보면은 나올 거 아니에요
AIHub_LowQualityPhoneVoice_valid__12108,13.461538461538462,3.8461538461538463,-9.615384615384615,False,기재가 안 됐는지 안 됐는지 됐는지는 제가 판단하니까 담당자가 누구든지 받아야 남바를 불러주든,기대가 안 되는지 안 되는지 되는지는 제가 판단하니까 담당자가 누구든지 받아야 난발을 불러주든,기재가 안됐는지 안됐는지 됐는지는 제가 판단하니까 담당자가 누구든지 받아야 남바를 불러주든
AIHub_LowQualityPhoneVoice_valid__12109,60.0,20.0,-40.0,False,차 번호를 쳐볼 거 아니에요,차번호를 차곡 다녀야,차번호를 찾을 거 아니에요
AIHub_LowQualityPhoneVoice_valid__12113,20.930232558139537,6.976744186046512,-13.953488372093025,False,주무관님 자동차 구조 변경 관련해서요 이 민원님께서 지금 현재 자동차 등록증에,그면 자동차 구조별로 관련해서요 이 리더님께서 지금 현재 자동차 등록증에,주무관님 자동차 구조 별로 관련해서요 이 민원인께서 지금 현재 자동차 등록증에
AIHub_LowQualityPhoneVoice_valid__12120,51.61290322580645,0.0,-51.61290322580645,False,교통 관광과 그 압류 자동차 압류 조회 좀 할려고 하는데,교통광고환관 그 암뇨 자동차 암뇨조회 그 많이 원하는 거,교통 관광과 그 압류 자동차 압류 조회 좀 할려고 하는데
AIHub_LowQualityPhoneVoice_valid__12129,22.58064516129032,0.0,-22.58064516129032,False,어 이 두 가지 사항을 다 체크해야 되는데 그럼 각각으로,어 이 두 가지 상황을 다 체크해야 되는데 그믄 가까이,어 이 두 가지 사항을 다 체크해야 되는데 그럼 각각으로
AIHub_LowQualityPhoneVoice_valid__12132,10.526315789473683,0.0,-10.526315789473683,False,네 제가 다이렉트로 전화를 해볼까요,네 네 다이렉트로 전화를 해볼까요,네 제가 다이렉트로 전화를 해볼까요
AIHub_LowQualityPhoneVoice_valid__12159,66.66666666666666,0.0,-66.66666666666666,False,명의가 제 명의로,얘기가 재능이로,명의가 제 명의로
AIHub_LowQualityPhoneVoice_valid__12176,85.71428571428571,0.0,-85.71428571428571,False,네 감사합니다,고맙다,네 감사합니다
AIHub_LowQualityPhoneVoice_valid__12185,90.0,30.0,-60.0,False,예 대리인이 가면은,개 의미감,예 개인이 가면
AIHub_LowQualityPhoneVoice_valid__12190,91.66666666666666,0.0,-91.66666666666666,False,어느 분이 가능하십니까,어,어느 분이 가능하십니까
AIHub_LowQualityPhoneVoice_valid__12213,25.0,15.0,-10.0,False,증명서는 따로 신청 안 하셔도되겠구요,증명사원 따로 수정 안 하셔도 되겠구요,증명서는 따로 지참 안 하셔도 되겠구요
AIHub_LowQualityPhoneVoice_valid__12217,30.0,0.0,-30.0,False,그리고 세 번째는 도장 날인된 위임장,그리고 세 번째는 도서 날인 뇌 위인 지장,그리고 세 번째는 도장 날인된 위임장
AIHub_LowQualityPhoneVoice_valid__12225,22.22222222222222,0.0,-22.22222222222222,False,출력 가능하십니까,플로 가능하십니까,출력 가능하십니까
AIHub_LowQualityPhoneVoice_valid__12230,11.224489795918368,2.0408163265306123,-9.183673469387756,False,그리고 네 업무 시간은 평일 오전 아홉 시부터 오후 여섯 시까지고 점심시간에도 업무는 가능하신데 대기 인원이 많으면 직원이 교대로 식사를 하기 때문에 좀 오래 걸리실 수 있구요,그리고 네 업무 시사는 평일 오전 아홉 시부터 오후 여섯 시까지고 점심시간에도 업무생 가능하신대 대기업이 많이 많으면 직원이 교대로 줬다라 하기 때문에 좀 오래 걸리실 수 있구요,그리고 네 업무 시간은 평일 오전 아홉 시부터 오후 여섯 시까지고 점심시간에도 업무는 가능하신데 대기 인원이 많으면 직원이 교대로 숫자를 하기 때문에 좀 오래 걸리실 수 있구요
AIHub_LowQualityPhoneVoice_valid__12249,2.7027027027027026,0.0,-2.7027027027027026,False,혹시 교통행정과가 따로 있진 않은데 업무 내용을 말씀해 주시겠습니까,혹시 교통행정과가 따로 있진 않은데 업무 내용을 말씀해주시겠습니까,혹시 교통행정과가 따로 있진 않은데 업무 내용을 말씀해 주시겠습니까
AIHub_LowQualityPhoneVoice_valid__12253,48.148148148148145,0.0,-48.148148148148145,False,그러면 안전 점검이라는 게 정기 검사 말씀이십니까,그러면 안전정범이라는 게 적위가 없는 상황이 있습니까,그러면 안전 점검이라는 게 정기 검사 말씀이십니까
AIHub_LowQualityPhoneVoice_valid__12265,28.57142857142857,28.57142857142857,0.0,False,거 아무 데나 바꿔주세요 뭘 상담을 못 받는다 하노,가 아무 때나 바까주죠 뭘 상담 못 받는다노,그 아무 때나 바꿔주세요 뭘 상담 못 받냐는
AIHub_LowQualityPhoneVoice_valid__12267,34.78260869565217,4.3478260869565215,-30.43478260869565,False,민원님께서 그 한국교통안전공단에서 실시하는,미너지표 그 한국교통안전공단에서 쉬쉬하네,민원인께서 그 한국교통안전공단에서 실시하는
AIHub_LowQualityPhoneVoice_valid__12280,110.00000000000001,20.0,-90.00000000000001,False,하수도 사업소입까예,사촌 오 사 학점 그까이야,하수도 사업습니까예
AIHub_LowQualityPhoneVoice_valid__12306,16.666666666666664,0.0,-16.666666666666664,False,아 네 확인 감사합니다,아 네 알이 감사합니다,아 네 확인 감사합니다
AIHub_LowQualityPhoneVoice_valid__12316,36.84210526315789,0.0,-36.84210526315789,False,아 그렇습니까 많이 불편하시겠는데요,아 그렇습니까 많이 드셔보세요,아 그렇습니까 많이 불편하시겠는데요
AIHub_LowQualityPhoneVoice_valid__12320,57.14285714285714,0.0,-57.14285714285714,False,예 그러면 담당하는 부서가,예 그러면 단병원이,예 그러면 담당하는 부서가
AIHub_LowQualityPhoneVoice_valid__12335,60.0,0.0,-60.0,False,무엇을 도와드릴까요,오늘 도와줄이니까요,무엇을 도와드릴까요
AIHub_LowQualityPhoneVoice_valid__12343,38.46153846153847,7.6923076923076925,-30.769230769230774,False,소를 갖다 제가 소를 그,서를 아니다 제가 서로를 그,소를 하다 제가 소를 그
AIHub_LowQualityPhoneVoice_valid__12348,12.0,4.0,-8.0,False,아 하수도 담당 부서 담당자를 말씀하시는 거죠,아 학습도 담당부서 담당자를 말씀하시는 거죠,아 하수도 담당부서 담당자를 말씀하시는 거죠
AIHub_LowQualityPhoneVoice_valid__12358,0.0,0.0,0.0,False,네 알겠습니다 감사합니다,네 알겠습니다 감사합니다,네 알겠습니다 감사합니다
AIHub_LowQualityPhoneVoice_valid__12372,0.0,0.0,0.0,False,잠시만 기다려 주시겠습니까,잠시만 기다려 주시겠습니까,잠시만 기다려 주시겠습니까
AIHub_LowQualityPhoneVoice_valid__12381,22.22222222222222,13.88888888888889,-8.333333333333332,False,아 그 상수도 누 누수 관련해 가지고 저희 뭐 받았는데 이제 오늘,아 그 상수도 유수 관련해 가지고 뭐 이 받았는데 지금 오늘,아 그 상수도 누수 관련해 가지고 저희 뭐 받았는데 오늘
AIHub_LowQualityPhoneVoice_valid__12387,20.754716981132077,9.433962264150944,-11.320754716981133,False,아 그렇습니까 선생님 우선 공사를 하신 다음에 그 완료되신 이후에 그 사진을 다 인화를 하시면요,아 그렇습니다 선생님 우선 공사를 하신 다음에 완료돼있으 이후에 사진을 다 인하를 하시느며,아 그렇습니까 선생님 우선 공사를 하신 다음에 완료되신 이후에 사진을 다 인하를 하시면요
AIHub_LowQualityPhoneVoice_valid__12390,14.634146341463413,2.4390243902439024,-12.19512195121951,False,제가 정확한 서류를 한번 다시 확인을 해볼 텐데 잠시만 기다려 주시겠습니까,제가 정확한 서류를 한번 다시 하기를 해 볼 텐데 잠시만 기다려 쓰겠습니까,제가 정확한 서류를 한번 다시 확인을 해볼 텐데 잠시만 기다려주시겠습니까
AIHub_LowQualityPhoneVoice_valid__12410,26.08695652173913,4.3478260869565215,-21.73913043478261,False,이번 달 요금은 일단 내긴 내야 되는 거죠,이번 달 여분은 이따 뇌금 내야 되는 거죠,이번 달 요금은 일단 내지 내야 되는 거죠
AIHub_LowQualityPhoneVoice_valid__12416,6.8181818181818175,2.272727272727273,-4.545454545454545,False,번호 알고 계신다면 불편하시겠지만 한 시 이후에 다시 한번 확인 부탁드리겠습니다,번호 알고 계신다면 비판하시겠지만 한 시 이후에 다시 한 번 확인 부탁드리겠습니다,번호 알고 계신다면 불편하시겠지만 한 시 이후에 다시 한 번 확인 부탁드리겠습니다
AIHub_LowQualityPhoneVoice_valid__12437,31.25,0.0,-31.25,False,지금 물이 안 나와요 수돗물이,지금 머리 안 나와요 수도머리,지금 물이 안 나와요 수돗물이
AIHub_LowQualityPhoneVoice_valid__12442,32.0,4.0,-28.0,False,여섯 시 예 까지 아마 작업이 될 것 같습니다,여자시 얘까지 아마 작업이 될 거 같은데,여섯 시 예까지 아마 작업이 될 것 같습니다
AIHub_LowQualityPhoneVoice_valid__12443,11.11111111111111,11.11111111111111,0.0,False,저 오후 여섯 시까지 말씀이십니까,사 오후 여덟 시까지 말씀이십니까,오후 여섯 시까지 말씀이십니까
AIHub_LowQualityPhoneVoice_valid__12462,36.84210526315789,0.0,-36.84210526315789,False,네 수도 요금 금액 확인 문의실까요,네 수도 요금 금액화는 뭔 일일까요,네 수도 요금 금액 확인 문의실까요
AIHub_LowQualityPhoneVoice_valid__12465,0.0,0.0,0.0,False,아 그렇습니까,아 그렇습니까,아 그렇습니까
AIHub_LowQualityPhoneVoice_valid__12483,68.75,0.0,-68.75,False,네 다른 문의 사항 있으십니까,오늘 바로 본사 인식입니까,네 다른 문의 사항 있으십니까
AIHub_LowQualityPhoneVoice_valid__12487,6.0606060606060606,6.0606060606060606,0.0,False,네 여러 업무 담당자가 있는데요 어떤 업무 보실 예정이실까요,여러 업무 담당자가 있는데요 어떤 업무 보실 예정이실까요,여러 업무 담당자가 있는데요 어떤 업무 보실 예정이실까요
AIHub_LowQualityPhoneVoice_valid__12504,34.48275862068966,0.0,-34.48275862068966,False,바로 연결 도와드릴 텐데요 잠시만 기다려 주시겠습니까,바로 안 끌어다 줄 텐데요 잠시만 기다려야겠습니까,바로 연결 도와드릴 텐데요 잠시만 기다려 주시겠습니까
AIHub_LowQualityPhoneVoice_valid__12511,41.66666666666667,16.666666666666664,-25.000000000000007,False,예 예 호수를 해 갖고,예 호화로 해갖고,예 예 호소를 해갖고
AIHub_LowQualityPhoneVoice_valid__12517,0.0,0.0,0.0,False,네 확인 감사합니다,네 확인 감사합니다,네 확인 감사합니다
AIHub_LowQualityPhoneVoice_valid__12553,90.0,0.0,-90.0,False,무엇을 도와드릴까요,월세 바다와,무엇을 도와드릴까요
AIHub_LowQualityPhoneVoice_valid__12557,12.5,4.166666666666666,-8.333333333333334,False,아 네 금액하고요 이게 지금 빈집 이어가지고,아 네 금액 하구요 이게 지금 빈질 이어가지고,아 네 금액하고요 이게 지금 빈집 이어 가지고
AIHub_LowQualityPhoneVoice_valid__12576,41.66666666666667,8.333333333333332,-33.33333333333334,False,아 이 여기로 하면 될까요 금 이 전체 금액,아 이 여기로 하면 될까요,아 이 여기로 하면 될까요 그럼 이 전체 금액
AIHub_LowQualityPhoneVoice_valid__12577,24.0,8.0,-16.0,False,알겠습 오늘 납부하면 요금액을 하면 되는 거죠,알겠슴 오늘 나뿌하면 요금액으로 하면 되는 거자,알겠습니다 오늘 납부하면 요금액을 하면 되는 거죠
AIHub_LowQualityPhoneVoice_valid__12595,41.17647058823529,17.647058823529413,-23.529411764705877,False,한 시 이후로 방문하시면 됩니다,한심 이 소로 이미 방문하시면 됩니다,한 시 이후로 문의 방문하시면 됩니다
AIHub_LowQualityPhoneVoice_valid__12596,11.11111111111111,0.0,-11.11111111111111,False,아 예 알겠습니다,아 예 안겠습니다,아 예 알겠습니다
AIHub_LowQualityPhoneVoice_valid__12616,23.52941176470588,0.0,-23.52941176470588,False,그 물이 새는 건 아닐까요 혹시,문문이 되는 건 아닐까요 혹시,그 물이 새는 건 아닐까요 혹시
AIHub_LowQualityPhoneVoice_valid__12618,9.090909090909092,0.0,-9.090909090909092,False,선생님 제가 담당자 연결 도와드릴 텐데요,저님 제가 담당자 연결 도와드릴 텐데요,선생님 제가 담당자 연결 도와드릴 텐데요
AIHub_LowQualityPhoneVoice_valid__12619,45.45454545454545,0.0,-45.45454545454545,False,실례지만 예 주소지가,슬로즈가 예 주성지가,실례지만 예 주소지가
AIHub_LowQualityPhoneVoice_valid__12646,12.5,0.0,-12.5,False,어 죄송합니다만 다시 한번 말씀 부탁드립니다,어 죄송하다가 다시 한번 말씀 부탁드립니다,어 죄송합니다만 다시 한번 말씀 부탁드립니다
AIHub_LowQualityPhoneVoice_valid__12653,21.875,0.0,-21.875,False,옥상에 있는 물탱크 없앨려고 하면은 혹시 그 지원 없는가예,옥상에 있는 물탱커 없을려고 하면은 혹시 그 지워넘는가 해,옥상에 있는 물탱크 없앨려고 하면은 혹시 그 지원 없는가예
AIHub_LowQualityPhoneVoice_valid__12654,32.075471698113205,20.754716981132077,-11.320754716981128,False,요새 상수도 뭐 사업 본부인가 이런 데서 옥상 물탱크 없애기 사업을 해 가지고 작년이나 이때쯤에,요새 상수도 뭐 사폼본가 이런 데서 옥상 물병과 없애기 사업이 돼가지고 젊은 형이나,요새 상수도 뭐 사업 본부가 이런 데서 옥상 물땡과 없애기 사업이래 가지고 전형이나 이런 중에
AIHub_LowQualityPhoneVoice_valid__12656,28.57142857142857,16.3265306122449,-12.244897959183671,False,아 그렇습니까 저희가 물탱크 같은 경우에는 따로 예 수원이 지원 사업이 진행되는 부분은 아니구요 그냥 대형 폐기물 쪽으로 해서 접수해서 처리를 하는 것으로 진행이 되고 있습니다,아 그래서 그니까 저희가 물탱크 같은 경우에는 따로 예 수색이 아수가 하는 때 지완사업이 진행되는 부분은 아니고요 그냥 대형 패짐을 쪽으로 접수해서 처리를 하는 게 일부 진행되고 있습니다,아 그러십니까 저희가 물탱크 같은 경우에는 따로 예 수선이 아 수거하는데 지원 사업이 진행되는 부분은 아니고요 그냥 대형 폐기물 쪽으로 해서 접수해서 처리를 하는 일로 진행되고 있습니다
AIHub_LowQualityPhoneVoice_valid__12665,11.11111111111111,0.0,-11.11111111111111,False,아 예 알겠습니다,어 예 알겠습니다,아 예 알겠습니다
AIHub_LowQualityPhoneVoice_valid__12681,50.0,6.25,-43.75,False,아 그 전달에 혹시 얼마였어요,아 그전 따라오께 얼마예요,아 그 전달은 혹시 얼마였어요
AIHub_LowQualityPhoneVoice_valid__12684,65.0,5.0,-60.0,False,감사합니다 다른 문의 사항 없으십니까,다시 다른 분이 사십 분입깐,감사합니다 다른 문의 사항 있으십니까
AIHub_LowQualityPhoneVoice_valid__12695,22.22222222222222,0.0,-22.22222222222222,False,네 연결하겠습니다,네 잘하겠습니다,네 연결하겠습니다
AIHub_LowQualityPhoneVoice_valid__12701,21.052631578947366,1.7543859649122806,-19.298245614035086,False,어 시청 말고 하수 관리 사업소하고 각 구청에 하수도 관련된 업무 부서가 있는데요 어떤 내용 문의하고자,어 최총 말고 하소관리 사업소하고 각 구청에 하소도 관련된 업무부서가 있는데 야 어떤 내용 뭐냐고,어 시청 말고 하수 관리 사업소하고 각 구청에 하수도 관련된 업무 부서가 있는데요 어떤 내용 문의하고
AIHub_LowQualityPhoneVoice_valid__12715,37.5,50.0,12.5,False,전역이라 합니다,전역 일합니다,전액이랍니다
AIHub_LowQualityPhoneVoice_valid__12724,1457.8947368421052,5.263157894736842,-1452.6315789473683,False,업무 잘 마치시길 바라겠구요 상담사,고등학교 때 그 학생들은 그 학생들은 그 학생들은 그 학생들은 그 학생들은 그 학생들은 그 학생들은 그 학생들은 그 학생들은 그 학생들은 그 학생들은 그 학생들은 그 학생들은 그 학생들은 그 학생들은 그 학생들은 그 학생들은 그 학생들은 그 학생들은 그 학생들은 그 학생들은 그 학생들은 그 학생들은 그 학생들은 그 학생들은 그 학생들은 그 학생들은 그 학생들은 그 학생들은 그 학생들은 그 학생들은 그 학생들은 그 학생들은 그 학생들은 그 학생들은 그 학생들은 그 학생들은 그 학생들은 그 학생들은 그,업무 잘 마치시길 바라겠어요 상담사
AIHub_LowQualityPhoneVoice_valid__12735,78.57142857142857,0.0,-78.57142857142857,False,배수지는 사업소에서 합니다,변순이는 다섯 살,배수지는 사업소에서 합니다
AIHub_LowQualityPhoneVoice_valid__12743,61.53846153846154,61.53846153846154,0.0,False,네 친절으로 모시겠습니다,네 전 여러분 있습니다,네 문의했습니다
AIHub_LowQualityPhoneVoice_valid__12748,8.333333333333332,0.0,-8.333333333333332,False,네 지금 연결해 주세요,네 지금 연결해주세요,네 지금 연결해 주세요
AIHub_LowQualityPhoneVoice_valid__12762,22.22222222222222,0.0,-22.22222222222222,False,아 네 안녕하세요,네 안녕하세요,아 네 안녕하세요
AIHub_LowQualityPhoneVoice_valid__12774,33.80281690140845,29.577464788732392,-4.225352112676056,False,누가 수도를 차로 치고 가 가지고 물이 지금 철철 흘러 가지고 지금 어 사방이 물바다 났거든예 물바다가 무 물난리 난거든예 지금,누가 수도를 타로 치고 가지고 물이 지금 젖혀 흘러가지고 생각하고 어 사방이 물받아 놨거든 물 물받아 놨어 물날이 났거든요 지금,누가 수도를 차로 치고 가지고 물이 지금 천천히 흘러 가지고 지금 오 사당이 물 받아 놨거든요 물 물 받아 놨거든요 지금
AIHub_LowQualityPhoneVoice_valid__12789,40.0,0.0,-40.0,False,어 네 혹시 전화 주신 곳이,어디 변화 주신 곳이,어 네 혹시 전화 주신 곳이
AIHub_LowQualityPhoneVoice_valid__12823,10.344827586206897,0.0,-10.344827586206897,False,아 네 선생님 그럼 전체적인 금액을 확인하시는 건가요,아 네 네 그럼 전체적인 금액을 확인하시는 건가요,아 네 선생님 그럼 전체적인 금액을 확인하시는 건가요
AIHub_LowQualityPhoneVoice_valid__12826,11.904761904761903,4.761904761904762,-7.1428571428571415,False,오래 기다려 주셔서 감사합니다 현재 체납되신 지난달 요금까지와 이번 달 구 월 삼십 일까지 납부하셔야 되는 요금 전체적으로 더해 가지고 말씀을 드리면요,오래 기다리면서 감사합니다 현재 체락제기 지난달 요금까지와 이번 달 구 월 삼십 일까지 납둬 하셔야 되는 요금 전체적으로 더해가지고 말씀을 드리면요,오래 기다려 주셔서 감사합니다 현재 체납된 지 지난달 요금까지와 이번 달 구 월 삼십 일까지 납부하셔야 되는 요금 전체적으로 더해가지고 말씀을 드리면요
AIHub_LowQualityPhoneVoice_valid__12849,45.45454545454545,9.090909090909092,-36.36363636363636,False,무엇을 도와 드릴까요,뭐 요새 도와드릴까요,무엇을 도와드릴까요
AIHub_LowQualityPhoneVoice_valid__12851,88.88888888888889,22.22222222222222,-66.66666666666666,False,상수도과 말씀이십니까 선생님 저희,그리고 경제과는 신경이니까,수도 독감 말씀이십니까 선생님 저희
AIHub_LowQualityPhoneVoice_valid__12868,33.33333333333333,11.11111111111111,-22.222222222222218,False,지금도 계량기 바깥에서 물이 새서,지금 뭐 개량기 바깥에서 몸에 새자,지금 뭐 계량기 바깥에서 물이 새서
AIHub_LowQualityPhoneVoice_valid__12873,43.333333333333336,16.666666666666664,-26.66666666666667,False,아 그렇습니까 수도기 계량기 부분에 누수가 있어서 물이 나 물이 나오지 않는 부분으로 문의하신다 말씀이시구요,아 고맙습니다 수기포 계란비 부분에 누리고 있어서 누리 나오지 않는 분들은 문의하십시고요,아 그렇습니까 수도 요금 계량기 부분에 누수가 있어서 물이 나오지 않는 부분으로 문의하신단 말씀이시고요
AIHub_LowQualityPhoneVoice_valid__12875,43.90243902439025,7.317073170731707,-36.585365853658544,False,구청 상하수과에 상수도 담당 바로 연결할 텐데요 잠시만 기다려 주시겠습니까,정상화 수업을 상주를 간다고 바로 연결할 텐데요 당신은 기다려 주시겠어요,구청 상하수과의 상술의 담당 바로 연결할 텐데요 잠시만 기다려 주시겠습니까
AIHub_LowQualityPhoneVoice_valid__12929,23.655913978494624,4.301075268817205,-19.35483870967742,False,그렇습니까 이게 뭐 도로를 지금 파서 배관 공사를 하고 있는데 거기 관련돼서 접수된 민원 건이 있는데 아 그러면 지금 하수도 담당에서는 공사가 진행되는 게 없는 거구요,그렇습니까 이제 뭐 도로를 지금 파서 백왕공사대하고 있는데 뭐 그 관련대사 접수대 인원권이 있는데 아 그러면 지금 화수대 단장에서는 공사가 진행되는 데는 없는 거고요,그렇습니까 이게 뭐 도로를 지금 파서 배관 공사를 하고 있는데 뭐 그 관련돼서 접수된 민원 건이 있는데 아 그러면 지금 하수도 담당에서는 공사가 진행되는 게 없는 거고요
AIHub_LowQualityPhoneVoice_valid__12937,23.52941176470588,17.647058823529413,-5.8823529411764675,False,아 전혀 아무 것도 없는 건가요,어 그냥 아무것도 없는 건가요,전혀 아무것도 없는 건가요
AIHub_LowQualityPhoneVoice_valid__12983,34.883720930232556,13.953488372093023,-20.930232558139533,False,공원 그 앞쪽에서도 이 동일 건으로 접수되어서 내용 확인 차 전화드린 거거든요,보건 그 앞치대에서도 이 종일권으로 접수돼서 내용 확인서 잘 주는 거거든요,공원 그 압추되서도 이 종일 건으로 접수되어서 내용 확인서 전화드린 거거든요
AIHub_LowQualityPhoneVoice_valid__12985,70.0,0.0,-70.0,False,무엇을 도와드릴까요,어디서 하실까요,무엇을 도와드릴까요
AIHub_LowQualityPhoneVoice_valid__12993,38.46153846153847,11.538461538461538,-26.923076923076927,False,아 네 상하수과에 그 업무별로 담당자가 있는데요,아 왜 상하숲가에도 안모별의 단장자가 있는데요,어 네 상하수과에도 업무별로 담당자가 있는데요
AIHub_LowQualityPhoneVoice_valid__13019,77.77777777777779,0.0,-77.77777777777779,False,오수관로 뚜껑에서,오수 가면 뚜껑이 안쳐,오수관로 뚜껑에서
AIHub_LowQualityPhoneVoice_valid__13023,25.71428571428571,2.857142857142857,-22.857142857142854,False,선생님 제가 하수도 담당 부서 연결 빠르게 다시 도와드리겠습니다,근데 제가 하수부 점장 중에서 연결 빠르게 다시 도와 드리겠습니다,선생님 제가 하수도 담당부서 연결 빠르게 다시 도와드리겠습니다
AIHub_LowQualityPhoneVoice_valid__13025,42.857142857142854,9.523809523809524,-33.33333333333333,False,예 수고 많으십니다 저 다름이 아니고요,예 수고하셨습니다 제 다른 거 아니구요,예 수고 많습니다 저 다름이 아니고요
AIHub_LowQualityPhoneVoice_valid__13033,26.31578947368421,15.789473684210526,-10.526315789473683,False,상하수과 연결 바로 도와드리겠습니다,상화숲과 연결 사 도와 드리겠습니다,상하수과 연결 도와드리겠습니다
AIHub_LowQualityPhoneVoice_valid__13038,50.0,43.75,-6.25,False,그 출산 노동자는 그 출산 뭐,그 출산으로 일하는 데 출산대,그 출산으로 인한 그 출산
AIHub_LowQualityPhoneVoice_valid__13047,50.0,0.0,-50.0,False,무엇을 도와드릴까요,수업 도와줄까요,무엇을 도와드릴까요
AIHub_LowQualityPhoneVoice_valid__13053,50.0,0.0,-50.0,False,무엇을 도와드릴까요,어 도와줄까요,무엇을 도와드릴까요
AIHub_LowQualityPhoneVoice_valid__13058,31.25,43.75,12.5,False,어 쪽에 넘친다는 말씀이십니까,어 정자로 넘치는 말씀이십니까,어 정류장 쪽이 넘쳐나는 말씀이십니까
AIHub_LowQualityPhoneVoice_valid__13073,25.0,25.0,0.0,False,아 예 거 여 여기 저,아예 그 여 여기 주,아 예 그 여기 저
AIHub_LowQualityPhoneVoice_valid__13085,50.0,37.5,-12.5,False,보조 경 보조 경기장 못 가서,보조갠 보조갠 그냥 못 갔어,보조견 보조견 규정 못 가서
AIHub_LowQualityPhoneVoice_valid__13086,7.6923076923076925,0.0,-7.6923076923076925,False,아 그쪽으로 그쪽으로 함,아 그쪽으로 그쪽으로 한,아 그쪽으로 그쪽으로 함
AIHub_LowQualityPhoneVoice_valid__13098,16.0,8.0,-8.0,False,가기 전에 주차장 바깥에 있는 그 도로 쪽이를,가기 전에 기차장 다까지 있는 그 도로 쪽이를,가기 전에 주차장 바까지 있는 그 도로 쪽이를
AIHub_LowQualityPhoneVoice_valid__13100,66.66666666666666,0.0,-66.66666666666666,False,그렇죠 그렇죠 그렇죠 그렇죠,그래서 그래서 그래,그렇죠 그렇죠 그렇죠 그렇죠
AIHub_LowQualityPhoneVoice_valid__13104,28.57142857142857,5.714285714285714,-22.857142857142854,False,소중한 정보 확인 감사합니다 통화 종료 이후에 전달되어 드릴 텐데요 내용 확인 차 연락드릴 수도 있는 점 참고 부탁드리겠습니다,토마 정보 감사합니다 토마 정보 이후에 전달 도와드릴 텐데요 영화 진짜 연락드릴 수 있는 점 참고 부탁드리겠습니다,소중한 정보 확인 감사합니다 통화 종료 이후에 전달 도와드릴 텐데요 내용 확인차 연락드릴 수도 있는 점 참고 부탁드리겠습니다
AIHub_LowQualityPhoneVoice_valid__13108,0.0,0.0,0.0,False,연락을 주셨는데요,연락을 주셨는데요,연락을 주셨는데요
AIHub_LowQualityPhoneVoice_valid__13112,50.0,11.11111111111111,-38.888888888888886,False,위치 연결 도와드려도 괜찮으실까요,위킬러 정보도 하더라도 괜찮으실까요,위치 전달 도와드려도 괜찮으실까요
AIHub_LowQualityPhoneVoice_valid__13124,17.647058823529413,0.0,-17.647058823529413,False,가기 전에 이 도로 쪽에서 이제,가기 전에 이 도로 쪽에 살,가기 전에 이 도로 쪽에서 이제
AIHub_LowQualityPhoneVoice_valid__13127,22.22222222222222,14.814814814814813,-7.407407407407408,False,관리자 분한테 말씀을 하신 거 같다고 하시더라고요,갈리다프한테 말씀하신 거 같다고 하시더라고요,관리자 쪽한테 말씀하신 것 같다고 하시더라고요
AIHub_LowQualityPhoneVoice_valid__13143,24.137931034482758,17.24137931034483,-6.896551724137929,False,그거는 어떻게 공제를 받는 건지 그건 어디다 물어봐야,그건 어떻게 공개를 받는 건지 그건 어찌간 물어봐야 돼,그거는 어떻게 공개를 받는 건지 그거는 어디다 물어봐야 돼
AIHub_LowQualityPhoneVoice_valid__13149,31.03448275862069,0.0,-31.03448275862069,False,인제 이렇게 물어봤거든요 건물은 안 된다 그러더라고요,인게 이렇게 물어봤거든요 건물은 안 된다 이래서 한 거야,인제 이렇게 물어봤거든요 건물은 안 된다 그러더라고요
AIHub_LowQualityPhoneVoice_valid__13151,15.217391304347828,4.3478260869565215,-10.869565217391306,False,세금에 대한 혜택이 되는지까지는 제가 정확하게 즉답을 드리기 조금 어려운 부분이고요,세금에 대한 혜택이 되는 집단에는 제가 정확하게 답변을 드리고 조금 어려운 부분이고요,세금에 대한 혜택이 되는지까지는 제가 정확하게 직장을 드리기 조금 어려운 부분이고요
AIHub_LowQualityPhoneVoice_valid__13152,18.181818181818183,9.090909090909092,-9.090909090909092,False,회계 사무소한테 물어볼게요 예 알겠습니다,그게 사무소한테 물어볼게 네 알겠습니다,그게 사무소한테 물어볼게요 예 알겠습니다
AIHub_LowQualityPhoneVoice_valid__13165,27.77777777777778,5.555555555555555,-22.22222222222222,False,사용자 분 성함은 어떻게 되실까요,다형잡은 성함은 어떻게 되실까요,사용자분 성함은 어떻게 되실까요
AIHub_LowQualityPhoneVoice_valid__13185,63.63636363636363,9.090909090909092,-54.54545454545454,False,일 월 십 삼 일부터,일하일 십 분에 좋다,일 월 십 오 일부터
AIHub_LowQualityPhoneVoice_valid__13194,76.0,4.0,-72.0,False,네 바로 연결 도와드릴 텐데요 잠시만 기다려주,그래 발 안 보자 그랬는데 왜 잡힌 다음에 기다려,네 바로 연결 도와드릴 텐데요 잠시만 기다려 주
AIHub_LowQualityPhoneVoice_valid__13219,22.22222222222222,0.0,-22.22222222222222,False,네 제가 한번 확인을 해보겠습니다,네 제가 한 번 확인해서 드보겠습니다,네 제가 한번 확인을 해보겠습니다
AIHub_LowQualityPhoneVoice_valid__13222,9.090909090909092,0.0,-9.090909090909092,False,고 바로 앞에 보면은,어 바로 앞에 보면은,고 바로 앞에 보면은
AIHub_LowQualityPhoneVoice_valid__13231,29.411764705882355,29.411764705882355,0.0,False,지나서 그 보면은 그 저 저 저,티나페어 거 보면은 거 저 저 저,진학사 거 보면은 거 저 저 저
AIHub_LowQualityPhoneVoice_valid__13233,80.0,20.0,-60.0,False,그 옆에 보면 고물상 있거든,그 일 대 구 꼬무성이 그다,그 옆에 보면 고무소가 있거든
AIHub_LowQualityPhoneVoice_valid__13237,6.0606060606060606,0.0,-6.0606060606060606,False,아 네 확인 감사합니다 제가 지금 바로 접수하도록 하겠습니다,아 네 하긴 감사합니다 제가 지금 바로 접수하도록 하겠습니다,아 네 확인 감사합니다 제가 지금 바로 접수하도록 하겠습니다
AIHub_LowQualityPhoneVoice_valid__13243,26.666666666666668,0.0,-26.666666666666668,False,아 네 저 위치 말씀드릴까요,아 이제 이치 말씀드릴까요,아 네 저 위치 말씀드릴까요
AIHub_LowQualityPhoneVoice_valid__13244,85.71428571428571,21.428571428571427,-64.28571428571428,False,아 저 전화를 종료하셔서요,아이도 전화는 전역한 거 자세야,아 저 전화는 종료를 하셔서요
AIHub_LowQualityPhoneVoice_valid__13252,60.0,0.0,-60.0,False,무엇을 도와드릴까요,어 수고하드릴까요,무엇을 도와드릴까요
AIHub_LowQualityPhoneVoice_valid__13258,50.0,0.0,-50.0,False,무엇을 도와드릴까요,뭐 사도하드릴까요,무엇을 도와드릴까요
AIHub_LowQualityPhoneVoice_valid__13261,55.00000000000001,0.0,-55.00000000000001,False,수도 요금 체납 건 납부 말씀이십니까,최근에선 편의권 맞부 말씀십니까,수도 요금 체납 건 납부 말씀이십니까
AIHub_LowQualityPhoneVoice_valid__13280,87.5,37.5,-50.0,False,삼 월 십 일요,처음에 쓰길래,처음에 십 일요
AIHub_LowQualityPhoneVoice_valid__13288,40.74074074074074,3.7037037037037033,-37.03703703703704,False,아 그니까 사 월달 거 오 월달 거는 납부 기간이,아 그니까 사 월 달까 오 월 달 땐 맨날 포기하니,아 그니까 사 월달 거 오 월달 거네 납부 기간이
AIHub_LowQualityPhoneVoice_valid__13292,88.88888888888889,0.0,-88.88888888888889,False,아 네 알겠습니다,아,아 네 알겠습니다
AIHub_LowQualityPhoneVoice_valid__13294,40.0,30.0,-10.0,False,네 붙은 금액입니다,네 배턴 유명입니다,네 보충금액입니다
AIHub_LowQualityPhoneVoice_valid__13309,7.142857142857142,0.0,-7.142857142857142,False,그 통장 주인이 가야 되죠,그 총장 주인이 가야 되죠,그 통장 주인이 가야 되죠
AIHub_LowQualityPhoneVoice_valid__13311,18.181818181818183,0.0,-18.181818181818183,False,네 통장과 통장 도장,어 통장과 통장 조장,네 통장과 통장 도장
AIHub_LowQualityPhoneVoice_valid__13313,14.705882352941178,0.0,-14.705882352941178,False,이거는 이제 각 은행마다 조금씩 서류가 달라질 수 있기 때문에,이번에 각 은행마다 조금씩 서류가 달라질 수 있기 때문에,이거는 이제 각 은행마다 조금씩 서류가 달라질 수 있기 때문에
AIHub_LowQualityPhoneVoice_valid__13340,0.0,0.0,0.0,False,네 알겠습니다,네 알겠습니다,네 알겠습니다
AIHub_LowQualityPhoneVoice_valid__13349,0.0,0.0,0.0,False,네 맞습니다,네 맞습니다,네 맞습니다
AIHub_LowQualityPhoneVoice_valid__13351,64.70588235294117,0.0,-64.70588235294117,False,네 더 궁금하신 사항 있으십니까,어 렉 구화 진사 예식입니까,네 더 궁금하신 사항 있으십니까
AIHub_LowQualityPhoneVoice_valid__13356,72.72727272727273,0.0,-72.72727272727273,False,상수도과 말씀이십니까,황수동 과마십뉴다,상수도과 말씀이십니까
AIHub_LowQualityPhoneVoice_valid__13369,20.0,0.0,-20.0,False,정화조 말씀이십니까,경화도 말씀이십니까,정화조 말씀이십니까
AIHub_LowQualityPhoneVoice_valid__13386,6.25,6.25,0.0,False,저희 세대만 있는 것도 아이고,저희 세대만 있는 것도 아니고,저희 세대만 있는 것도 아니고
AIHub_LowQualityPhoneVoice_valid__13406,100.0,20.930232558139537,-79.06976744186046,False,죄송하지만 그러면 누수 복구 공사로 인해서 단수를 단수가 되어서 불편해 하셨고,네,죄송하지만 그러면 누수 복구공사로 인해서 단수를 누수관리어서 물건을 셨고
AIHub_LowQualityPhoneVoice_valid__13416,16.176470588235293,2.941176470588235,-13.235294117647058,False,아 보니까 이거 아 이거 우리가 하는 게 아이라고 이걸 뭐 구청에 얘기하면 된다고 그래 출장비 삼만 원 달라고 출장비 주고,아 보니까 이거 아 이거 우리가 하는 게 아니다고 이건 뭐 굉장히 얘기하면 된다고 그 초장비 삼만 원 내라고 초장비 쓰고,아 보니까 이거 아 이거 우리가 하는 게 아니라고 이걸 뭐 구청에 얘기하면 된다고 그 출장비 삼만 원 달라고 출장비 주고
AIHub_LowQualityPhoneVoice_valid__13443,48.888888888888886,15.555555555555555,-33.33333333333333,False,네 선생님 혹시 그 연락 가능한 받으실 수 있으면 연락처 하나만 남겨 주시겠습니까,연락 다음에 받을 수 있을 연락처만 남겨주시겠습니까,네 고객님 혹시 그 연락 가능한 받을 수 있을지 연락처 하나만 남겨주시겠습니까
AIHub_LowQualityPhoneVoice_valid__13445,81.81818181818183,18.181818181818183,-63.63636363636364,False,접수하도록 하겠습니다,앞으로 갈 수 있다,수고하도록 하겠습니다
AIHub_LowQualityPhoneVoice_valid__13447,57.14285714285714,0.0,-57.14285714285714,False,네 감사합니다,네 가까웠다,네 감사합니다
AIHub_LowQualityPhoneVoice_valid__13460,0.0,33.33333333333333,33.33333333333333,False,문제로 이제,문제로 이제,현재로 이제
AIHub_LowQualityPhoneVoice_valid__13461,22.22222222222222,0.0,-22.22222222222222,False,구청에 연락했는데,보통에 연락했는데,구청에 연락했는데
AIHub_LowQualityPhoneVoice_valid__13462,0.0,0.0,0.0,False,아니요 업체 쪽에 먼저,아니요 업체 쪽에 먼저,아니요 업체 쪽에 먼저
AIHub_LowQualityPhoneVoice_valid__13472,16.666666666666664,33.33333333333333,16.666666666666664,False,물을 못 쓰게 됐다구요,뭐를 못 쓰게 됐다구요,뭐를 못쓰게 됐다고요
AIHub_LowQualityPhoneVoice_valid__13478,4.225352112676056,0.0,-4.225352112676056,False,이제 그 하루 동안 갑자기 단수가 된 겁니다 구청에서 와서 땅을 파고 이미 했는데 이제 그때부터 단수가 돼서 물을 못 쓰신 거죠,이제 그 하루 동안 갑자기 단수가 된 겁니다 부천에서 와서 땅을 파고 이미 했는데 이제 그때 부터 단수가 돼서 물을 못 쓰신 거죠,이제 그 하루 동안 갑자기 단수가 된 겁니다 구청에서 와서 땅을 파고 이미 했는데 이제 그때부터 단수가 돼서 물을 못 쓰신 거죠
AIHub_LowQualityPhoneVoice_valid__13494,15.492957746478872,3.5211267605633805,-11.971830985915492,False,이제 민원님께서 어쨌든 이게 갑자기 단수가 된 부분 때문에 불편해서 그러신 것 같거든요 좀 젊은 분이세요 그래서 오늘 뭐 목욕탕에 갑자기 이제 아침에 출근하기 전에 새벽부터 목욕탕에 갔다 오고 이제 배우자분하고 막 이렇게 하신 부분 때문에 네 갑자기 이제,민원인께서 이게 갑자기 단순하게 된 부분 때문에 불편해서 그러신 거 같거든요 젊은 분이세요 그래서 오늘 뭐 목욕탕에 갑자기 이제 아침에 출근하기 전에 목욕탕부터 목욕탕에 갔다 오고 이제 배우다곤 하고 막 이렇게 하신 부분 때문에 이제 갑자기 이제,민원인께서 어쨌든 이게 갑자기 단수가 된 부분 때문에 불편해서 그러신 것 같거든요 좀 젊은 분이세요 그래서 오늘 뭐 목욕탕에 갑자기 이제 아침에 출근하기 전에 새벽부터 목욕탕에 갔다 오고 이제 배우자 분하고 막 이렇게 하신 부분 때문에 네 갑자기 이제
AIHub_LowQualityPhoneVoice_valid__13510,22.22222222222222,0.0,-22.22222222222222,False,아 네 상하수도 요금 말씀이십니까,아 네 상황서도 요번 말씀십니까,아 네 상하수도 요금 말씀이십니까
AIHub_LowQualityPhoneVoice_valid__13538,60.60606060606061,6.0606060606060606,-54.54545454545455,False,그런데 두 두 번째 공사를 하러 온 그 직원하고 저 일꾼들이,서른 개 두 두근 백 오는 값을 하루 언 저 출근하고 저 이 꿈들이,그런데 두 두 번째 공사를 하러 온 그 직원하고 저 육군들이
AIHub_LowQualityPhoneVoice_valid__13540,44.44444444444444,38.88888888888889,-5.55555555555555,False,그 도시 가스에서 해야 된다 캐서,어디 가서 해서 해야 된다 캐셔,고지과에서 해야 된다 캐서
AIHub_LowQualityPhoneVoice_valid__13550,48.38709677419355,25.806451612903224,-22.580645161290327,False,뭐라 캅니까 이게 오수받이 고 공사하는 그 그가 어뎁니까,무락하니까 이제 오스바디 공 공사는 뜨 뜨어대니까,뭐라칩니까 이게 오수받이 공사는 그 그거 어디입니까
AIHub_LowQualityPhoneVoice_valid__13551,36.36363636363637,36.36363636363637,0.0,False,뭐 어데 안 있습니까,뭐 어디야 있으니까,뭘 어디에 아 있습니까
AIHub_LowQualityPhoneVoice_valid__13575,40.0,0.0,-40.0,False,무엇을 도와드릴까요,뭐 어디 도와드릴까요,무엇을 도와드릴까요
AIHub_LowQualityPhoneVoice_valid__13579,24.324324324324326,5.405405405405405,-18.91891891891892,False,어 네 제가 확인하고 안내 도와드릴 건데 잠시만 기다려 주시겠습니까,아 내일 배가 화도 안 고 안내 도와드릴 건데 잠시만 기다려 주시겠습니까,아 네 제가 확인하고 안내 도와드릴 건데 잠시만 기다려주시겠습니까
AIHub_LowQualityPhoneVoice_valid__13587,18.75,10.416666666666668,-8.333333333333332,False,아 그러면 혹시 지금까지 저희가 낸 그 납부 영수증 같은 거는 받아 볼 수 없나요 다시,아 그럼 혹시 지금까지 저희가 낸 그 납부 영수증 같은 거는 없나요 다시,아 혹시 지금까지 저희가 낸 그 납부 영수증 같은 거는 받아볼 수 없나요 다시
AIHub_LowQualityPhoneVoice_valid__13607,33.33333333333333,16.666666666666664,-16.666666666666664,False,지 지하수과 좀 지하수 담당과 좀 대 주세요,지 지하수까지 지하수 담당까지 좀 빼주세용,지하수과 좀 지하수 담당과 좀 빼주세요
AIHub_LowQualityPhoneVoice_valid__13617,2.5,5.0,2.5,False,예 그런데 업무별로 담당자가 나뉘어져 있습니다 어떤 업무 보고자 하십니까,네 그런데 업무별로 담당자가 나뉘어져 있습니다 어떤 업무 보고자 하십니까,예 그런데 업무별로 담당자가 나눠져 있습니다 어떤 업무 보고자 하십니까
AIHub_LowQualityPhoneVoice_valid__13638,47.82608695652174,21.73913043478261,-26.086956521739133,False,한 시 이후에 아 예 저 메모 가능하십니까,아 이제 메모 가능하십니까,한 시 이후에 요거를 아예 메모 가능하십니까
AIHub_LowQualityPhoneVoice_valid__13646,47.82608695652174,0.0,-47.82608695652174,False,납부할 수 있는지 그걸 물어볼라 그러거든요,납부할 수 있는지 그런 데에 대해서 드리냐,납부할 수 있는지 그걸 물어볼라 그러거든요
AIHub_LowQualityPhoneVoice_valid__13647,25.0,0.0,-25.0,False,예 선생님 그 수도 계량기를 분리할 수 있는지 말씀이신가요,요즘 그 수도 대량귀를 불리할 수 있는지 말씀이신가요,예 선생님 그 수도 계량기를 분리할 수 있는지 말씀이신가요
AIHub_LowQualityPhoneVoice_valid__13648,0.0,0.0,0.0,False,아 그렇습니까,아 그렇습니까,아 그렇습니까
AIHub_LowQualityPhoneVoice_valid__13660,33.33333333333333,0.0,-33.33333333333333,False,그 지역구가 어떻게 되십니까,그 지역 구 호가 어떻게 되었습니까,그 지역구가 어떻게 되십니까
AIHub_LowQualityPhoneVoice_valid__13679,41.509433962264154,15.09433962264151,-26.415094339622645,False,차량에서 물을 이렇게 이기 뭐 쏴 가지고 이게 주변을 깨끗하게 정리를 해 주시고 가셔 가시거든요,사랑해서 호돌이를 이렇게 이게 뭐 쌓아가지고 이게 주전까지 정리해주시고 가시고 가시거든요,차량에서 물을 이렇게 이게 뭐 쌓아가지고 이게 주변에 기껏하게 정리를 해주시고 가시 가시거든요
AIHub_LowQualityPhoneVoice_valid__13697,28.333333333333332,13.333333333333334,-14.999999999999998,False,아 네 여기 엽서에 우리가 수도세가 마이 나와서 이거 마 이제 설치핸 지가 이제 두 달 석 달밖에 안 됐는데,아 네 여기 역사에 우리가 소로쇠가 많이 나와서 이거 뭐 진짜 설치엔지가 두 달서 딸밖에 안 됐는데,아 네 여기 역사에 우리가 수도세가 많이 나와서 이거 뭐 이제 설치한 지가 이제 두 달서 세 달밖에 안됐는데
AIHub_LowQualityPhoneVoice_valid__13700,31.70731707317073,19.51219512195122,-12.195121951219512,False,그래가 계량기 인제 물 하나도 안 트는 상태에서 하니까 돌기는 도네 내다가,그래서 이제 물 하나 또 안 품은 상태에서 하니까 돌기는 돈에 매다가,그 계량기 이제 물 하나 또 안 푸는 상태에서 하니까 돌기는 도네에다가
AIHub_LowQualityPhoneVoice_valid__13712,55.55555555555556,0.0,-55.55555555555556,False,상하수도 요금 좀,장학술도 요금금,상하수도 요금 좀
AIHub_LowQualityPhoneVoice_valid__13725,41.66666666666667,25.0,-16.66666666666667,False,대표전화 받고 있습니다,에티소나 갖고 있습니다,백툰 전화 받고 있습니다
AIHub_LowQualityPhoneVoice_valid__13735,0.0,0.0,0.0,False,네 그러면은 그 확인하실 지역구가 어떻게 되십니까,네 그러면은 그 확인하실 지역구가 어떻게 되십니까,네 그러면은 그 확인하실 지역구가 어떻게 되십니까
AIHub_LowQualityPhoneVoice_valid__13743,25.0,9.090909090909092,-15.909090909090908,False,십 삼 일 추석 당일 날은 종량제 봉투 쓰레기랑 음식물 쓰레기는 수거되지 않구요,나 식밤을 추석 다닐날은 종양제 봉투 쓰레기랑 음식물 쓰레기를 수가 되지 않구요,아 십 삼 일 추석 당일 날은 종량제 봉투 쓰레기랑 음식물 쓰레기를 수거되지 않고요
AIHub_LowQualityPhoneVoice_valid__13745,100.0,83.33333333333334,-16.666666666666657,False,잠깐만요 십 삼 일 이,네,식사하면요 식사는이
AIHub_LowQualityPhoneVoice_valid__13749,10.714285714285714,3.571428571428571,-7.142857142857142,False,네 지금 변경이 되어서 이렇게 운영을 할 예정이구요,근데 지금 변경이 되어서 이렇게 운영을 할 예정이구냐,네 지금 변경이 되어서 이렇게 운영을 할 예정이고요
AIHub_LowQualityPhoneVoice_valid__13752,81.25,43.75,-37.5,False,예 수고고요 그다음에 잠깐만요,유수원 그냥 그 다음에 갈 거 같냐,유수공고 해야 그 다음에 잠깐만요
AIHub_LowQualityPhoneVoice_valid__13766,55.55555555555556,0.0,-55.55555555555556,False,네 진해구 경화동,이 지민고 정화동,네 진해구 경화동
AIHub_LowQualityPhoneVoice_valid__13787,75.0,0.0,-75.0,False,네 수고하십시오,네 네,네 수고하십시오
AIHub_LowQualityPhoneVoice_valid__13797,7.142857142857142,0.0,-7.142857142857142,False,네 쓰레기 배출하는 장소요,네 쓰레기 배출하는 장소예요,네 쓰레기 배출하는 장소요
AIHub_LowQualityPhoneVoice_valid__13800,14.035087719298245,5.263157894736842,-8.771929824561404,False,지금 동주민 센터에서는 다섯 번 정도 현장을 방문을 했는데도 아직 처리가 되지 않고 담당자는 처리를 빨리 하겠다 라고 이야기를 하고 인사이동되면서 담당자가 계속 바뀌면서 처리가 되지 않고 있다고 하시거든요,짐 동풍인센터에서는 다섯 번 정도의 현장을 방문을 했는데도 아직 처리가 되지 않고 단단자는 뭐 처리를 따기 하겠다라고 이야기를 하고 인사 이동되면서 단단자가 계속 바뀌면서 처리가 되지 않고 있다고 하시거든요,지금 동 주민센터에서는 다섯 번 정도 현장을 방문을 했는데도 아직 처리가 되지 않고 담당자는 뭐 처리를 빨리 하겠다라고 이야기를 하고 인사 이동되면서 담당자가 계속 바뀌면서 처리가 되지 않고 있다고 하시거든요
AIHub_LowQualityPhoneVoice_valid__13808,44.44444444444444,11.11111111111111,-33.33333333333333,False,네 그럼 실례지만 현재 접수 대신 받아주시는 주무관님 성함이 혹시 어떻게 되실까요,네 엠비 생활생활한테 적소 대신 받아주는 주문하면 생활 욕심 어떻게 되실까요,네 어머니 실례지만 현재 접수되신 받아주시는 주무관님 성함이 혹시 어떻게 되실까요
AIHub_LowQualityPhoneVoice_valid__13811,28.57142857142857,0.0,-28.57142857142857,False,네 감사합니다 수고하십시오,네 감사합니다 수고하셨습니다,네 감사합니다 수고하십시오
AIHub_LowQualityPhoneVoice_valid__13813,54.54545454545454,45.45454545454545,-9.090909090909086,False,예 저기 합포구청 좀,예 되게 합보고처럼 좀,예 저기 합포구청 좀 문의 좀
AIHub_LowQualityPhoneVoice_valid__13818,20.454545454545457,4.545454545454546,-15.90909090909091,False,아 예 그럼 종량제 수거일 확인해서 안내 드릴 텐데 잠시 기다려 주시겠습니까 예,아 예 그럼 정병자 수거 이 확인해서 안내 드레칸드 잠시 기다려 주시겠습니까 예,아 예 그럼 종량제 수거일 확인해서 안내드릴 텐데 잠시 기다려 주시겠습니까 네
AIHub_LowQualityPhoneVoice_valid__13832,12.5,12.5,0.0,False,아 죄송한데 다시 한 번 말씀해 주시겠습니까,아 죄송하 다시 한 번 말씀해주시겠습니까,아 죄송합니다 다시 한 번 말씀해 주시겠습니까
AIHub_LowQualityPhoneVoice_valid__13842,25.0,3.571428571428571,-21.42857142857143,False,네 오늘 배출하면 수거는 내일 되지 않습니다 선생님,네 오늘 대출하시는 수건은 내일 되지 않습니다 쌤님,네 오늘 배출하시면 수거는 내일 되지 않습니다 선생님
AIHub_LowQualityPhoneVoice_valid__13852,42.857142857142854,19.642857142857142,-23.21428571428571,False,동진인데 그게 아니라 카는 기라 동진은 내가 전화도 일 일 사 물어가지고 했는데 아니라카는기라 저거는,신데 예 거기 아이라카는기라도 옮기는 내가 전화도 일 년 동안 물어봐서 했는데 아이라카는기라도,집인데 거기 아니라 카는 기라 동기는 내가 전화도 일 일 사 물어봐도 했는데 아니라 카는 기라 저거는
AIHub_LowQualityPhoneVoice_valid__13861,44.230769230769226,25.961538461538463,-18.269230769230763,False,자기는 그거 안 한다 카면 뭐 뭐 뭐 뭐 뭣이라 카노 무엇이라 카고 우리는 인자 퍼내는 그거는 재래식이라고 다르다 카는 게라 그리고 전화번호 알려주라고 그것까지 내가 우찌 알아요 이래칸다,사기는 그거 안 해 안 한다 근데 뭐 뭐 뭐 시작하 뭐 시작하고 우리는 자 퍼내는 물론 제례식이라고 바르듯 하는 길을 그걸 제라보로 알레드로 그걸까진 내가 우치 알아요 이래서 한다,자기는 그거 안 한다 근데 뭐 뭐 뭐 뭐 뭐 시작하나 무엇 시작하고 우리는 인자 폰에는 그거는 재래식이라고 바르듯 하는 기라 그걸 전화번호 알라더라고 그거까지 내가 우찌 알아요 이래 카는데
AIHub_LowQualityPhoneVoice_valid__13872,34.883720930232556,4.651162790697675,-30.23255813953488,False,노후 경유차 조기 폐차 지원 사업 말씀이십니까 아 어떤 부분이 궁금하신 건가요,오 병신사 조교 필터 지원사원 말씀이시네요 어떤 부분이 궁금하신 건가요,노후 경유차 조기 폐차 지원 사업 말씀이십니까 어떤 부분이 궁금하신 건가요
AIHub_LowQualityPhoneVoice_valid__13876,23.52941176470588,9.803921568627452,-13.725490196078429,False,아 죄송합니다 신청하시는 분 말고 위임자 있지 않습니까 대리로 가시는 분 그분의 신분증하고요,아 자 죄송합니다 신성하시는 분 말고 윈가 있잖습니까 대리로 가시는 분 그분은 신분증 하구요,아 전 죄송합니다 신청하시는 분 말고 위임자 있잖습니까 대리로 가시는 분 그분의 신분증하고요
AIHub_LowQualityPhoneVoice_valid__13885,33.33333333333333,0.0,-33.33333333333333,False,네 그리고 선생님 죄송합니다만 혹시 대상이나 조건은 다 확인하신 건가요,네 그리고 선생님 제주도 삐잠사 혹시 대사기나 조건은 나하긴 하신 건가요,네 그리고 선생님 죄송합니다만 혹시 대상이나 조건은 다 확인하신 건가요
AIHub_LowQualityPhoneVoice_valid__13907,25.0,5.88235294117647,-19.11764705882353,False,아 네 그리고 현재 정부 지원이나 지방자치단체 지원을 통해서 배출가스 저감 장치나 저공해 엔진으로 개조한 사실은 없으십니까,아 네 그리 고현재 정부지원이나 지방자치자치 지원을 통해서 대출까지 적언 낭키나 적응을 엔진으로 개조한 사진 없으십니까,아 네 그리고 현재 정부 지원이나 지방자치단지 지원을 통해서 배출가스 저감장치나 저공해 엔진으로 개조한 사유는 없으십니까
AIHub_LowQualityPhoneVoice_valid__13915,5.88235294117647,0.0,-5.88235294117647,False,접수할 때 필요한 서류는 뭔가요,접수할 때 필요한 서류는 뭔가야,접수할 때 필요한 서류는 뭔가요
AIHub_LowQualityPhoneVoice_valid__13919,16.666666666666664,16.666666666666664,0.0,False,네 맞습니다,예 맞습니다,예 맞습니다
AIHub_LowQualityPhoneVoice_valid__13935,24.242424242424242,13.636363636363635,-10.606060606060607,False,예 창원 편백 치유에 숲 여기 예약을 좀 하고 싶은데요 이거 지금 들어왔는데 예약이 잘 안 되거든요 이거 어떻게 하나요,예 강원 핑계 기후에선 수 이게 예약을 좀 하고 싶은데요 네 이걸 지금 못 들어가는 예약이 잘 안 되거든요 이거 어떻게 하나요,예 창원 편백 지유에선 이게 예약을 좀 하고 싶은데요 이걸 지금 들어왔는데 예약이 잘 안 되거든요 이거 어떻게 해야 하나요
AIHub_LowQualityPhoneVoice_valid__13943,24.444444444444443,17.77777777777778,-6.666666666666664,False,음 그러면 실습이 행복하게 이 프로그램은 뭐 직장인들이 할 수 있는 건가요 아니면,음 그러면 실습을 군복하되 이 프로그램을 원 이 직장인들을 할 수 있는 건가요 아니면은 퇴,음 그러면 실습을 군복하되 이 프로그램을 이 직장인들을 할 수 있는 건가요 아니면 팀
AIHub_LowQualityPhoneVoice_valid__13956,48.484848484848484,21.21212121212121,-27.272727272727273,False,산림 치유 예 신 아 치유 산림 치유 프로그램 신청했어요 예,사 민 치 에 신 아 지우 사 민 치 프로그램 신청이 있어요에,사림치 예 신 아 지유 사림치 프로그램 신청했어요 예
AIHub_LowQualityPhoneVoice_valid__13970,36.58536585365854,12.195121951219512,-24.390243902439025,False,아 그 노후 경유차 이거 폐차 신청하라고 그러는데 서류가 뭐 뭐 필요한가요,아 그 노무 김일차 이거 대차화면 신청할라 그랬는데 서류가 못 높이던가요,아 그 노후 경유차 이거 폐차 신청하려고 그러는데 서류가 뭐 묻기도 한가요
AIHub_LowQualityPhoneVoice_valid__13974,17.91044776119403,1.4925373134328357,-16.417910447761194,False,선생님께서 불편하시겠지만 컴퓨터라든지 휴대폰으로 자동차 배출가스 등급을 선생님 본인 인증하셔서 확인을 해주셔야 되시거든요,어느 시에선 불편하시겠지만 컴퓨터라던지 휴대폰으로 자동 카페 출가수 등급을 선생님 본인 인증하셔서 확인을 해주셔야 되시거든요,선생님께서 불편하시겠지만 컴퓨터라던지 휴대폰으로 자동차 배출가스 등급을 선생님 본인 인증하셔서 확인을 해주셔야 되시거든요
AIHub_LowQualityPhoneVoice_valid__13982,2.857142857142857,0.0,-2.857142857142857,False,터치하셔서 접속하신 다음에 소유 차량 등급 조회 메뉴를 누르시고,터치하셔서 접속하신 다음에 소유 차량 등급 조에 메뉴를 누르시고,터치하셔서 접속하신 다음에 소유 차량 등급 조회 메뉴를 누르시고
AIHub_LowQualityPhoneVoice_valid__14007,32.20338983050847,0.0,-32.20338983050847,False,해당 업무에 대해서 산림농정과 구청에서 진행을 하고 있는데요 혹시 말씀하시는 도계동 주소가 어떻게 되실까요,이제 담임 업보에 대해서 살린 농정과 고천에서 주행을 하고 있는데요 혹시 말씀하시기엔 독일 농 조소가 어떻게 되실까요,해당 업무에 대해서 산림농정과 구청에서 진행을 하고 있는데요 혹시 말씀하시는 도계동 주소가 어떻게 되실까요
AIHub_LowQualityPhoneVoice_valid__14019,32.0,2.0,-30.0,False,네 환경정책과 말씀 맞으십니까 네 여러 업무 담당자가 있는데요 어떤 업무 보실 예정이실까요,네 환경 정치과 말씀 마주십니까 네 여러 한 번 전담사라 있는데요 어떤 한 번 계실 내정이실까요,네 환경 정책과 말씀 맞으십니까 네 여러 업무 담당자가 있는데요 어떤 업무 보실 예정이실까요
AIHub_LowQualityPhoneVoice_valid__14025,11.76470588235294,11.76470588235294,0.0,False,아 저 잘 안 들리는데 뭐라고요,아 그 잘 안 들리는데 뭐라구요,아 그거 잘 안 들리는데 뭐라고요
AIHub_LowQualityPhoneVoice_valid__14029,26.0,2.0,-24.0,False,예 그래서 거기서 병원에서 알려주기를 구청에 가면 환경정책과가 있대요 거기로 신청을 하래요,네 그래서 거기서 병원에 사의를 주기를 구청해 가며 한경 정책사가 있대요 거기로 시장을 하래요,예 그래서 거기서 병원에서 알려주기를 구청에 가면 환경 정책과가 있대요 거기로 신청을 하래요
AIHub_LowQualityPhoneVoice_valid__14031,29.09090909090909,1.8181818181818181,-27.272727272727273,False,네 기다려 주셔서 감사합니다 네 번호 안내 도와드릴 텐데요 메모 가능하십니까 네 지역번호 공 공 오,네 이과 전화가 감사합니다 네 번호 완료 도와주는 텐데요 메모 가능하십니까 예 비역 번호 고용 오 오,네 기다려 주셔서 감사합니다 네 번호 안내 도와드릴 텐데요 메모 가능하십니까 네 지역번호 공 오 오
AIHub_LowQualityPhoneVoice_valid__14042,32.608695652173914,4.3478260869565215,-28.26086956521739,False,아 네 구청에서도 바로 발급 가능하시구요 이게 선생님의 가족 관계 증명서이신 건가요,아 네 교창에서도 바로 발표 반영하시구요 이제 선생님을 가져간 게 등담부여이신 건가요,아 네 구청에서도 바로 발급 가능하시고요 이제 선생님의 가족 관계 증명서이신 건가요
AIHub_LowQualityPhoneVoice_valid__14054,25.0,5.769230769230769,-19.23076923076923,False,네 민원 지적과도 이 층 에 위치하고 있기 때문에 이 층으로 바로 방문하시면 업무가 가능합니다,근데 민원지사과도 위층을 입지하고 있기 때문에 위층으로 바로 방문하시는 업무가 가능합니다,네 민원지적과도 이 층에 위치하고 있기 때문에 이 층으로 바로 방문하시는 업무가 가능합니다
AIHub_LowQualityPhoneVoice_valid__14076,6.666666666666667,6.666666666666667,0.0,False,자이 아파트라고 말씀하셨구요,자이 아파트라고 말씀하셨고요,자이 아파트라고 말씀하셨고요
AIHub_LowQualityPhoneVoice_valid__14078,23.076923076923077,11.538461538461538,-11.538461538461538,False,그럼 혹시 가음정 시장 입구 쪽에 있는 횡단보도,아 그럼 혹시 그 감정시장 입구 쪽에 있는 횡단보도,그럼 혹시 그 검정 시장 입구 쪽에 있는 횡단보도
AIHub_LowQualityPhoneVoice_valid__14120,14.000000000000002,8.0,-6.000000000000002,False,네 취득세는 따로 문의를 하셔야 되시구요 경유차라고 해서 뭐 취득세 혜택은 없습니다 선생님,네 취득세는 따로 문의를 하셔야 되시고 야 경륙차라고 해서 한 거 취득세 혜택은 없습니다 선생님,네 취득세는 따로 문의를 하셔야 되시고요 경유차라고 해서 한 거 취득세 혜택은 없습니다 선생님
AIHub_LowQualityPhoneVoice_valid__14127,42.857142857142854,14.285714285714285,-28.57142857142857,False,문선인데 문서,문서는 문서,문서인데 문서
AIHub_LowQualityPhoneVoice_valid__14135,19.801980198019802,0.0,-19.801980198019802,False,선생님 그러면 제가 진해구청 행정과에 행정 담당 부서 쪽으로 내용을 조금 전달을 하고 연결을 드릴 텐데요 지금 정확한 담당자 확인이 어려워서 행정과에 행정 담당 대표 번호 쪽으로 네,오늘은 그러면 제가 지네 부천 행정과의 행정담당 부서 쪽으로 내용을 조금 전달을 하고 연결을 드리신대요 지금 정확한 담당도 하기는 어려워서 행정과의 행정담당 대표 번호 쪽으로 네,선생님 그러면 제가 진해구청 행정과에 행정 담당 부서 쪽으로 내용을 조금 전달을 하고 연결을 드릴 텐데요 지금 정확한 담당자 확인이 어려워서 행정과에 행정 담당 대표 번호 쪽으로 네
AIHub_LowQualityPhoneVoice_valid__14149,70.0,0.0,-70.0,False,무엇을 도와드릴까요,멋있게 잘 계실까요,무엇을 도와드릴까요
AIHub_LowQualityPhoneVoice_valid__14164,40.0,0.0,-40.0,False,안녕하세요 창원시 민원 콜센터 상담사,안녕하세요 청왕십뉴치센터 상담사,안녕하세요 창원시 민원 콜센터 상담사
AIHub_LowQualityPhoneVoice_valid__14166,42.857142857142854,7.142857142857142,-35.71428571428571,False,다섯 시 삼십 분 쯤이요 어 면허증 신규로 하시는 건가요 아니면 재발급인가요,사십 삼십 분쯤이요 네 어 며느디 신경도 하시는 건가요 아님 제발 그분가요,다섯 시 삼십 분쯤이요 어 면허증 신규로 하시는 건가요 아님 재발급인가요
AIHub_LowQualityPhoneVoice_valid__14184,47.61904761904761,19.047619047619047,-28.571428571428566,False,아 진해구청 환경미화과 담당자 전화번호 안내 도와드리겠습니다 메모 가능하십니,기대부청 환수학과 담당자 소활된 화제 도와드리겠습니다 내용 하나 하십니까,환경미화과 담당자 전화번호 안내 도와드리겠습니다 메모 가능하십니까
AIHub_LowQualityPhoneVoice_valid__14194,45.09803921568628,13.725490196078432,-31.372549019607845,False,그렇죠 사무실 인제 주택가 쪽이죠 근린 상가 주택이니까 인근들이 다 아파트 단지를 끼고 있고,그거를 집 삼 실 인계 출퇴가 쫌 이제 어 그 링 상가 출퇴기니까 있는들이 다 아파트 산지를 끼고 있고,그렇지 사무실 인제 주택가 쪽이죠 글린 상가 주택이니까 있는 데리 다 아파트 단지를 끼고 있고
AIHub_LowQualityPhoneVoice_valid__14209,22.033898305084744,1.694915254237288,-20.338983050847457,False,아 그거는 일반 종량제 봉투 일반 쓰레기 버리는 종량제 봉투 있지 않습니까 거기에 담아서 배출하시면 됩니다,아 그거는 일반 종양제복도 일반 쓰레기 버리는 종양제복도 있었으니까 거기에 담아서 외출하시면 됩니다,아 그거는 일반 종량제 봉투 일반 쓰레기 버리는 종량제 봉투 있지 않습니까 거기에 담아서 외출하시면 됩니다
AIHub_LowQualityPhoneVoice_valid__14213,14.285714285714285,14.285714285714285,0.0,False,근데 이거 뭐 묻어버린다거나 이거는 안 되는 건가요,이건 뭐 묻어버린다거나 이거는 안 되는 건가요,이게 뭐 묻어버린다거나 이거는 안 되는 건가요
AIHub_LowQualityPhoneVoice_valid__14221,83.33333333333334,0.0,-83.33333333333334,False,수고하십시오,정입시,수고하십시오
AIHub_LowQualityPhoneVoice_valid__14233,18.0,0.0,-18.0,False,예 선생님께서 그 민간 업체랑 계약을 하신 건이시면 그 해당 민간 업체로 문의하셔야 되는데,예 선생님께서 그 민단업체랑 계약을 하신 껌이시냐 그 해당 민단업체로 문화해야 되는데,예 선생님께서 그 민간 업체랑 계약을 하신 건이시면 그 해당 민간 업체로 문의하셔야 되는데
AIHub_LowQualityPhoneVoice_valid__14243,17.391304347826086,0.0,-17.391304347826086,False,혹시 그 음식물 쓰레기 업체 관리하시는 어,솔직히 그 음식물 쓰레기 업체에 관리하시는 어,혹시 그 음식물 쓰레기 업체 관리하시는 어
AIHub_LowQualityPhoneVoice_valid__14249,92.85714285714286,78.57142857142857,-14.285714285714292,False,전화번호 몇 번입니 그쪽에,그냥 학원은 갈 거 있는 거 쪽에,그 아무나 내뿐 있는 거 그쪽에
AIHub_LowQualityPhoneVoice_valid__14261,57.89473684210527,0.0,-57.89473684210527,False,네 네 잘 처리되길 바랍니다 상담사,네 네 자서를 되게 말합니다,네 네 잘 처리되길 바랍니다 상담사
AIHub_LowQualityPhoneVoice_valid__14272,14.285714285714285,0.0,-14.285714285714285,False,아 그렇습니까,어 그렇습니까,아 그렇습니까
AIHub_LowQualityPhoneVoice_valid__14278,22.22222222222222,8.88888888888889,-13.333333333333332,False,청우산업밖에 없고 전화번호도 그 육 구 팔 공 하나밖에 없거든요 어 이거면 일단은,성우단 없밖에 없고 전화번호도 그 육 급 획득 하나밖에 없거든요 어 이러면 일단,청구 산업밖에 없고 전화번호도 그 육 구 팔 공 하나밖에 없거든요 어 이러면 일단
AIHub_LowQualityPhoneVoice_valid__14287,49.056603773584904,20.754716981132077,-28.301886792452827,False,쫌 고려를 해 봐야 될 것 같아요 싯 내 시청 어디다 전화하면 됩니까 무슨 과로 전화하면 됩니까,어 고졸을 해봐야 될 거 같애 시 시초 어디가 쩔 안 되니까 돈가로 쩔 안 되니까,좀 고졸을 해봐야 될 것 같애 시청 어디다 전화하면 됩니까 무슨 과로 전화하면 되니까
AIHub_LowQualityPhoneVoice_valid__14312,43.75,46.875,3.125,False,도로가에 거기 보면은 왜 보떠랑 이렇게 쭉 세면 발라가지고,도로가에 거기 도로는 왜 벚꽃 안 으데 쭉 새냠 달려가지고,도로가에 그 번호는 왜 버터가 안 있는데 쭉 새면 말라가지고
AIHub_LowQualityPhoneVoice_valid__14316,50.0,9.090909090909092,-40.90909090909091,False,그러면은 이거를 어 내가 돈이 없어가지고,내가 돈이 없어가지고,그러면은 이거를 내가 돈이 없어가지고
AIHub_LowQualityPhoneVoice_valid__14323,35.294117647058826,0.0,-35.294117647058826,False,시청 문의를 한번 해봐라 이래서,몸이라도 한번 해봐라 이래서,시청 문의를 한번 해봐라 이래서
AIHub_LowQualityPhoneVoice_valid__14340,7.936507936507936,3.1746031746031744,-4.761904761904761,False,네 소중한 정보 확인 감사합니다 발송해 드리는 번호로 문의해 보시면 될 거 같구요 다른 더 궁금하신 점 있으십니까,네 소중한 정도 하긴 감사합니다 발송해드리는 번호로 문의해보시면 될 거 같구요 다른 더 궁금하신 점 있으십니까,네 소중한 정보 확인 감사합니다 발송해 드리는 번호로 문의해 보시면 될 것 같고요 다른 더 궁금하신 점 있으십니까
AIHub_LowQualityPhoneVoice_valid__14370,57.57575757575758,18.181818181818183,-39.39393939393939,False,지금 전화받으신 분은 차량 번호 아르켜줘도 모르실 거 아이가,지금 제나파들 중인 거는 사람거나 이렇게도 모르지를 거 아이가,지금 전화받으신 분은 차량 번호 이렇게 줘도 모르실까 아이가
AIHub_LowQualityPhoneVoice_valid__14376,23.52941176470588,0.0,-23.52941176470588,False,업무 잘 보시기 바랍니다 상담사,업무 잘 보시길 바랍니다 성적 사,업무 잘 보시기 바랍니다 상담사
AIHub_LowQualityPhoneVoice_valid__14379,50.0,0.0,-50.0,False,조기 폐차 말씀이십니까,조기 퇴사가 있으십니까,조기 폐차 말씀이십니까
AIHub_LowQualityPhoneVoice_valid__14398,3.571428571428571,3.571428571428571,0.0,False,아니요 거 어차피 서류는 뭐 다 나와 있는 걸 거고,아니요 그 어차피 서류는 뭐 다 나와 있는 걸 거고,아니요 그 어차피 서류는 뭐 다 나와 있는 걸 거고
AIHub_LowQualityPhoneVoice_valid__14408,0.0,0.0,0.0,False,음 알겠습니다,음 알겠습니다,음 알겠습니다
AIHub_LowQualityPhoneVoice_valid__14409,4.878048780487805,0.0,-4.878048780487805,False,네 혹시 괜찮으시다면 제가 그 환경 정책과 담당자 번호도 안내 도와드릴까요,네 혹시 괜찮으시다면 제가도 환경 정책과 담당자 번호도 안내 도와드릴까요,네 혹시 괜찮으시다면 제가 그 환경 정책과 담당자 번호도 안내 도와드릴까요
AIHub_LowQualityPhoneVoice_valid__14415,16.129032258064516,0.0,-16.129032258064516,False,예 저기 제가 그 뭐고 미용 졸업 증명서를 가지고 있는데,이 저기 제가 그 뭐 미용 졸업금 양서를 가지고 있는데,예 저기 제가 그 뭐고 미용 졸업 증명서를 가지고 있는데
AIHub_LowQualityPhoneVoice_valid__14441,16.129032258064516,6.451612903225806,-9.67741935483871,False,네 지금 여기 담당자 직통 번호 이구요 번호가 공 오 오,네 지금 여기 담당자 뒷통번호이구요 번호가 공오오,네 지금 여기 담당자 직통 번호이고요 번호가 공 오 오
AIHub_LowQualityPhoneVoice_valid__14442,23.809523809523807,4.761904761904762,-19.047619047619044,False,사 오 오 오 번으로 해주시면 되시구요,타 오 오 오 관으로 해주시느시구요,사 오 오 오 번으로 해주시면 되시고요
AIHub_LowQualityPhoneVoice_valid__14455,6.8181818181818175,0.0,-6.8181818181818175,False,말씀해 주신 문서가 어떤 건가요 구청 내에서 사용되는 문서들을 말씀하시는 건가요,말씀해주신 문서가 어떤 건가요 구청 내에서 사용되는 문서들을 말씀하시는 거까요,말씀해 주신 문서가 어떤 건가요 구청 내에서 사용되는 문서들을 말씀하시는 건가요
AIHub_LowQualityPhoneVoice_valid__14456,45.33333333333333,17.333333333333336,-27.999999999999993,False,폐 거 폐기할 거 아닙니까 그지요 오래된 문서를 폐기할 때 진해구청에서 그 어디다 폐기하는지 좀 알고 싶어서요 우리도 그 좀 폐기할라고,배 뭐 배제할까 아니니까 이제 어 어렸는 분서대로 배제할 때 지내고 주면서 어 어디다 배제하는지 좀 알고 싶어서 우리도 좀 배제하라고,폐지 할 거 아닙니까 그죠 오래된 문서를 폐지할 때 진해구청에서 어디다 폐지하는지 좀 알고 싶어서요 우리도 좀 폐지할라고
AIHub_LowQualityPhoneVoice_valid__14461,41.17647058823529,5.88235294117647,-35.29411764705882,False,진해구청 내에 있다는 말씀이세요,제일 고청돼 있다는 말씀이세요,진해 구청 내에 있다는 말씀이세요
AIHub_LowQualityPhoneVoice_valid__14465,43.54838709677419,19.35483870967742,-24.193548387096772,False,진해구청에서 문서가 가장 많이 나오고 그 문서를 인자 어디에서 파쇄를 하 파쇄하기나 뭐 소각하긴 할 거 아닙니까,진흥부청에서 몬스로 가장 많이 모으고 그 몬스를 인자 올해서 발소리로 발사하기나 뭐 소화사진할까 했니까,진해 구청에서 문서가 가장 많이 나오고 그 문서를 인자 올해 저 파쇠를 파쇄하기나 뭐 수거하기나 할 거 아닙니까
AIHub_LowQualityPhoneVoice_valid__14469,80.95238095238095,0.0,-80.95238095238095,False,네 안녕하십니까 창원시청 콜센터 상담사,야 내 차 좀 그 차도 담밤 탔,네 안녕하십니까 창원시청 콜센터 상담사
AIHub_LowQualityPhoneVoice_valid__14470,19.230769230769234,1.9230769230769231,-17.30769230769231,False,예 저희 구청에서 발생하는 오래된 문서에 대한 폐기 처리에 대해서 민원인께서 문의를 하시는데요,네 저희 구청에서 발생하는 오래된 문서에 대한 패기 처리에 대해 더 미뤄있게 더 문의를 하시는데요,네 저희 구청에서 발생하는 오래된 문서에 대한 폐기 처리에 대해서 민원인께서 문의를 하시는데요
AIHub_LowQualityPhoneVoice_valid__14490,21.052631578947366,5.263157894736842,-15.789473684210524,False,어 저 음식물에 좀 이물질이 나와서,어 저 음식물에 좀 인물 캐리 나와서,어 저 음식물에 좀 인물질이 나와서
AIHub_LowQualityPhoneVoice_valid__14496,28.57142857142857,28.57142857142857,0.0,False,어 진해굽니다,어 친해곱니다,어 진해구입니다
AIHub_LowQualityPhoneVoice_valid__14517,100.0,0.0,-100.0,False,네 수고하십시오,올해,네 수고하십시오
AIHub_LowQualityPhoneVoice_valid__14533,12.5,8.333333333333332,-4.166666666666668,False,아 선생님 일단 오 등급인지 확인하신 건가요,아 선생님 이따가 오 등급인지 확인하신 건가요,아 선생님 따로 오 등급인지 확인하신 건가요
AIHub_LowQualityPhoneVoice_valid__14541,50.0,37.5,-12.5,False,창원시에 이 년,창원실 유년,창원시에 인형
AIHub_LowQualityPhoneVoice_valid__14554,30.76923076923077,0.0,-30.76923076923077,False,아 그러세요 선생님 서류가 조금 있는 부분이라서,아 그도땡에 서류 서류가 조금 있는 교순이라서,아 그러세요 선생님 서류가 조금 있는 부분이라서
AIHub_LowQualityPhoneVoice_valid__14555,36.36363636363637,6.8181818181818175,-29.54545454545455,False,예 선생님 아니시면은 연락처 말씀 주시면은 제가 문자로 하나 전송 도와드리겠습니,에이 저기 아니시면은 연락도 말씀 주시면은 제가 문자로 하나 전송도 아드되게 해주십니다,예 예 선생님 아니시면은 연락처 말씀 주시면은 제가 문자로 하나 전송 도와드리겠습
AIHub_LowQualityPhoneVoice_valid__14558,10.0,10.0,0.0,False,아 예 감사합니다이,아 예 감사합니다,아 예 감사합니다
AIHub_LowQualityPhoneVoice_valid__14572,88.88888888888889,33.33333333333333,-55.55555555555556,False,십 년 넘었거든예,김영남 먹고 싶냐,침대 넘었거든예
AIHub_LowQualityPhoneVoice_valid__14575,19.047619047619047,9.523809523809524,-9.523809523809524,False,배출 가스 등급 확인해 주셔야 되는데요,배추를 까스 등급 확인해주셔야 되는데요,배출가스 등급 확인해주셔야 되는데요
AIHub_LowQualityPhoneVoice_valid__14585,41.17647058823529,11.76470588235294,-29.411764705882348,False,예예 방문은 제가 하면 제가 하죠 뭐 그 서류가 뭐 필요합니까,네 예 방문은 걔가 하면 걔가 하짐 그 새로 못 풀랍니까,예 예 방문은 제가 하면 제가 하지 뭐 서류가 뭐 필요합니까
AIHub_LowQualityPhoneVoice_valid__14607,40.0,5.0,-35.0,False,어 민원을 좀 그 접수하려고 하는데요,아 면허 좀 그냥 접수하게 가는데요,아 민원을 좀 그 접수하려고 하는데요
AIHub_LowQualityPhoneVoice_valid__14634,27.27272727272727,4.545454545454546,-22.727272727272723,False,해당 차량이 자동차 배출가스 등급이 오 등급 이상 되시는 차량만 해당이 되시구요,해당 차량이 자동차 백 칠 가스 진접이 오 등급 이상 되시는 차량마일당이 돼 있구요,해당 차량이 자동차 배출가스 등급이 오 등급 이상 계시는 차량만 해당이 되시고요
AIHub_LowQualityPhoneVoice_valid__14666,58.82352941176471,17.647058823529413,-41.1764705882353,False,이 가스 나오는 거는 어디서 확인서를 끊어가야 하는지 모르는데,이 까스를 넣어놓은 건 어디서 타기는 흡수를 뺀에 가야 되는지 모르는 게,이 가스 나오는 거는 어디서 타기는지를 끊어가야 되는지 모르겠는데
AIHub_LowQualityPhoneVoice_valid__14686,30.0,0.0,-30.0,False,반지동 쪽에 있는 운동장 말씀이십니까,반주동 쪽에 있는 운동방은십니까,반지동 쪽에 있는 운동장 말씀이십니까
AIHub_LowQualityPhoneVoice_valid__14695,18.333333333333332,10.0,-8.333333333333332,False,아 네 그쪽으로 전화하시는 게 빨리 될 제일 빨리 처리가 되시고요 혹시 관리 부서는 혹시 안 적혀 있나요 뭐,아 네 그쪽으로 전화하시는 게 빨리 제일 빨리 사례가 되시구요 혹시 그 관리 주사는 혹시 안 적혀 있나요,아 네 그쪽으로 전화하시는 게 빨리 제일 빨리 처리가 되시고요 혹시 그 관리 부서는 혹시 안 적혀 있나요
AIHub_LowQualityPhoneVoice_valid__14700,22.0,12.0,-10.0,False,아 네 선생님 추첨은 아니구요 이제 서류에 접수하시면 차량 연식이 오래된 순서대로 뽑습니다,아 네 선생님 스팸은 아니구요 이제 서비스로 하시면 이제 차량 연식이 오래된 순서대로 먹습니다,아 네 선생님 수첩은 아니구요 이제 서류 접수하시면 이제 차량 연식이 오래된 순서대로 뽑습니다
AIHub_LowQualityPhoneVoice_valid__14711,26.153846153846157,4.615384615384616,-21.53846153846154,False,예 지금 보유하신 차량이 경유 자동차이면 접수 가능하시구요 추후에 뭐 신차를 구입하시고 이런 부분은 관계는 없으십니다,그게 지금 복료화 신차량이 경유 자동차이면 많이 많으가시구요 추송에서 신차를 구입하시고 이런 부분은 관계는 없습니다,예 지금 보유하신 차량이 경유 자동차이면 접수 가능하시고요 추후에 뭐 신차를 구입하시고 이런 부분은 관계는 없습니다
AIHub_LowQualityPhoneVoice_valid__14714,14.516129032258066,8.064516129032258,-6.451612903225808,False,아 그렇습니까 그럼 만약에 제가 시 월달에 차가 오는데 그까지 만약에 선정이 되더라도 그때까지 살 수는 있습니까,아 그렇습니까 그럼 만약에 걔가 시 월 달에 타러 근데 그까지 만약에 전쟁이 되더라도 그때까지 탈 수는 있습니까,아 그렇습니까 그럼 만약에 제가 시 월 달에 타고 나오는데 그까지 만약에 선정이 되더라도 그때까지 탈 수는 있습니까
AIHub_LowQualityPhoneVoice_valid__14774,27.027027027027028,5.405405405405405,-21.62162162162162,False,네 그러면 제가 안내해 드린 서류만 지참을 하셔서 방문하시면 되세요,네 그러면 제가 앞뒤에 있는 서류 마을 지타면 하셔서 방문하시면 되세요,네 그러면 제가 안내드린 서류만 지참을 하셔서 방문하시면 되세요
AIHub_LowQualityPhoneVoice_valid__14781,62.5,0.0,-62.5,False,아 예 됐습니다,아 예전에,아 예 됐습니다
AIHub_LowQualityPhoneVoice_valid__14783,30.0,0.0,-30.0,False,무엇을 도와드릴까요,뭐 도와드릴까요,무엇을 도와드릴까요
AIHub_LowQualityPhoneVoice_valid__14794,18.666666666666668,9.333333333333334,-9.333333333333334,False,네 먼저 참고적으로 말씀드리면 시청 환경정책과에서 오전 아홉 시 부터 저녁 여섯 시 까지 그 이 월 이십 일 까지만 접수가 가능하시구요,에 뭐 저 참고적으로 말씀드리면 신통환경경제과에서 오전 아홉 시부터 저녁 여섯 시까지 그리고 기 월 이십 일까지만 접수가 가능하시구요,네 먼저 참고적으로 말씀드리면 신청 환경 정책과에서 오전 아홉 시부터 저녁 여섯 시까지 그 유 월 이십 일까지만 접수가 가능하시고요
AIHub_LowQualityPhoneVoice_valid__14801,8.333333333333332,0.0,-8.333333333333332,False,자동차 배출가스 등급제,자동차 배출 가스 등급제,자동차 배출가스 등급제
AIHub_LowQualityPhoneVoice_valid__14802,21.25,5.0,-16.25,False,네 라고 검색하시면 사이트 확인되실 거구요 사이트에 접속하셔서 선생님 휴대폰 본인 인증 받으시고 차량 번호 입력을 하시면 등급 확인 가능하십니다,네 라고 검색하시면 사이트 허진 되실 거구요 사이트 접속하셔서 선생님 시대튼 본인 인증받으시고 사랑도 더 유력을 하시면 뒤도 허진 가능하십니다,네 라고 검색하시면 사이트 확인되실 거고요 사이트 접속하셔서 선생님 휴대폰 본인 인증받으시고 차량번호 입력을 하시면 등급 확인 가능하십니다
AIHub_LowQualityPhoneVoice_valid__14803,31.57894736842105,18.421052631578945,-13.157894736842106,False,다음에 이제 창원시에 이 년 이상 연속하여 등록되어 있는 경유 자동차,대사에 이제 창원시의 인연이선 연속화에 등록되어 있는 정의 자동차,네 그다음에 이제 창원시에 이 년 이상 영수카에 등록되어 있는 경유 자동차
AIHub_LowQualityPhoneVoice_valid__14829,30.88235294117647,26.47058823529412,-4.4117647058823515,False,내가 저번에도 저 저번에 한 한 십 오 일 전에 내가 전화를 함 한번 했는데 붙여준다고 하더만은 그게 아직까지 안 오는데요,내가 저번에도 저 저번에 그 한 한 십 오 일 전에 내가 전화를 함 했는데 그 포 주준다크드만은 그이 아직 그냥 안 오면 돼요,내가 저번에도 저 저번에 그 그 한 한 십 오 일 전에 내가 전화를 함 했는데 그 부추 준다 카드만은 그게 아직 그냥 안 오는데요
AIHub_LowQualityPhoneVoice_valid__14830,24.074074074074073,7.4074074074074066,-16.666666666666664,False,아 그러십니까 불편 드려 너무 죄송하구요 선생님 혹시 주소지가 의창구나 성산구처럼 어느 지역입니까,어 그렇습니까 불편지도 너무 죄송하구요 서진목씨 주소지가 의창구나 성산고처럼 어느 지역입니까,어 그렇습니까 불편드려 너무 죄송하구요 선생님 혹시 주소지가 의창구나 성산구처럼 어느 지역입니까
AIHub_LowQualityPhoneVoice_valid__14848,42.857142857142854,15.873015873015872,-26.98412698412698,False,저번에 내가 한 번 햅 전화를 하니까 모 아 미안하다 그라 하면서 조만간에 붙여 준다 카더만은 그래도 연락이 없고,뭐 저번에 내가 한 번도 전화를 하니까 뭐 아니 안 해도 그 그 좀 더 조만한 표시 좀 더 큰데 그를만한 그래도 연락이 없고,저번에 내가 한 번 전화를 하니까 뭐 아 미안하다 그면서 뭐 조만간에 부시 준다 카더만은 그래도 연락이 없고
AIHub_LowQualityPhoneVoice_valid__14856,26.08695652173913,0.0,-26.08695652173913,False,진동 램프 육교라고 이름이 붙여져 있는데요,진성램프 육교라고 이름이 교차져 있는 데야,진동 램프 육교라고 이름이 붙여져 있는데요
AIHub_LowQualityPhoneVoice_valid__14858,75.0,16.666666666666664,-58.333333333333336,False,천천히 해주시면 됩니다,포코뉴스 시간대입니다,천천히 계시면 됩니다
AIHub_LowQualityPhoneVoice_valid__14862,29.166666666666668,0.0,-29.166666666666668,False,그러니까 창원 방향으로 해서 말씀하시는 거죠,아이깐 경험 방향으로 예서 말씀하시는 거죠,그러니까 창원 방향으로 해서 말씀하시는 거죠
AIHub_LowQualityPhoneVoice_valid__14885,18.6046511627907,10.852713178294573,-7.751937984496125,False,위임자 사본 도 가능해요 위임자 신분증 사본 그리고 위임자의 인감 증명서 그리고 위임장에 인감도장이 찍혀 있으면 위임장 가져오시면 되고 없으시면 인감도장을 가지고 오셔야 되고 오시는 분 신분증 그리고 자동차 등록증 사본이 필요합니다,사본도 가능해요 위임자 신분증 사본 그리고 인간 위임자 인간 증명서 그리고 위임장에 인간 노장이 찍혀 있으면 위임장 가주심대고 없으시면 인간 보상을 가지고 오셔야 되고 오시는 분 신분증 그리고 자동차 등록증 사본을 필요합니다,신분증 사본도 가능해요 위임자 신분증 사본 그리고 인감 위임자의 인감증명서 그리고 위임장에 인감 도장이 찍혀 있으면 위임장 가지고 오시면 되고 없으시면 인감 도장을 가지고 오셔야 되고 오시는 분 신분증 그리고 자동차 등록증 사본 필요합니다
AIHub_LowQualityPhoneVoice_valid__14904,57.14285714285714,7.142857142857142,-50.0,False,노후 경유차 조기 폐차 말씀이십니까 지금 현재 지원 사업 신청 접수 중입니다,여호 경륙차 저기 패턴 알 수 있습니까 그쵸 현재 지원타워 지원타워 수준입니다,노후 경유차 조기폐차 말씀이십니까 지금 현재 지원사업 시청 접수 중입니다
AIHub_LowQualityPhoneVoice_valid__14912,65.21739130434783,21.73913043478261,-43.47826086956522,False,아 예 그러고 그러고 나서 하 하면 되나요,아예 끌고 끌고 나서 가면 되는 거 아예 나와,아 예 그러고 그러고 나서 다 하면 되는 거예요
AIHub_LowQualityPhoneVoice_valid__14918,29.03225806451613,9.67741935483871,-19.354838709677423,False,정부나 지자체 지원을 통해서 배출가스 저감장치를 부착하거나 저공의 엔진으로 개조한 사실이 없는 차량이어야 됩니다,그러고 정부가 지자체직원을 통해서 배출가 측 저간 장치를 규착하거나 전공 엔진으로 개쵝할 사실이 없는 자량이어야 합니다,그거 정보나 지자체 지원을 통해서 배출가스 저감장치를 부착하거나 저공해 엔진으로 개조할 사실이 없는 차량이어야 됩니다
AIHub_LowQualityPhoneVoice_valid__14927,15.0,12.5,-2.5,False,또 창원시청 본관 건물 일 층 의 환경정책과로 방문해서 접수만 가능합니다,오후 창원시점 본관 건물 일 층에 환경 정책과로 방문해서 접수만 가능합니다,노후 창원시청 본관 건물 일 층에 환경 정책과로 방문해서 접수만 가능합니다
AIHub_LowQualityPhoneVoice_valid__14954,60.0,13.333333333333334,-46.666666666666664,False,야외 의자 모 고장 났습니까,야외읍이 아무 없고냥 같으니까,야외 의자 뭐 고향 났습니까
AIHub_LowQualityPhoneVoice_valid__14956,12.5,0.0,-12.5,False,아 바꿔달라고요,아 바까달라고요,아 바꿔달라고요
AIHub_LowQualityPhoneVoice_valid__14979,18.181818181818183,9.090909090909092,-9.090909090909092,False,사시는 주민분들 어르신들이요 이게 등받이가 없다 보니까 앉아서 이제 있기가 좀 불편하셔 가지고 혹시 교체되거나 아니면 신규로 조금 설치를 좀 해달라고 하시는데,사실 두 명 분도 어르신들이요 이게 듣바지가 없다 보니까 앉아서 이제 얘기가 불편하셔가지고 혹시 교체되거나 아니면 신경을 쪼금 설치를 좀 해달라고 하시는데,사실은 주민분들 어르신들이요 이게 두 가지가 없다 보니까 앉아서 이제 이기가 좀 불편하셔 가지고 혹시 교체되거나 아니면 신규로 조금 설치를 좀 해 달라고 하시는데
AIHub_LowQualityPhoneVoice_valid__14988,26.08695652173913,4.3478260869565215,-21.73913043478261,False,지금은 현재 교체가 불가하다고 하셔가지고요,이 그분 현재 교체가 불구하다고 하셔가지구요,지금은 현재 교체가 불가하다고 하셔 가지고요
AIHub_LowQualityPhoneVoice_valid__15021,33.33333333333333,8.333333333333332,-24.999999999999996,False,네네 아 네 알겠습니다,뭐 뭐야 아 네 알겠습니다,네 네 아 네 알겠습니다
AIHub_LowQualityPhoneVoice_valid__15031,6.521739130434782,2.1739130434782608,-4.3478260869565215,False,어 알게 된 건데 창원 내서 내서 쪽이 어디 구로 들어가는지는 모르겠는데 어 근처에,어 알게 된 건데 그 차원 내서 내서 쪽이 어디 구로 들어가는지는 모르겠는데 어 근처에,어 알게 된 건데 창원 내서 내서쪽이 어디 구로 들어가는지는 모르겠는데 어 근처에
AIHub_LowQualityPhoneVoice_valid__15039,20.51282051282051,15.384615384615385,-5.128205128205126,False,네 그러시면은 해운대 레저업 쪽이라고 하셨는데 내서 초등학교 쪽에 북성로 그 도로 쪽을 말씀하시는 건가요 아니면 고속도로를 말씀하시는 건가요,네 그라시마는 해운대 내사업 쪽이라고 하셨는데 그 내사업 쪽에 북성로 그 오로도를 말씀하시는 건가요 아니네 고속도로를 말씀하시는 건가요,네 그러시면은 네 회원구 내서읍 쪽이라고 하셨는데 그 내서초등학교 쪽에 북송로 그 도로 쪽을 말씀하시는 건가요 아니면 고속도로를 말씀하시는 건가요
AIHub_LowQualityPhoneVoice_valid__15053,20.0,3.3333333333333335,-16.666666666666668,False,아 네 수용성 이제 죄송합니다 어떤 문의라고 하셨을까요,아내 수령성 이제 죄송한데 어떤 문의라고 하셨을까요,아 네 소용성 이제 죄송합니다 어떤 문의라고 하셨을까요
AIHub_LowQualityPhoneVoice_valid__15058,27.450980392156865,3.9215686274509802,-23.529411764705884,False,아 선생님 죄송합니다 일천구라고 말씀해 주신 부분이 맞으실까요 네 잠시만 기다려 주시겠습니까,아 선생님 제상자 일 천 개라고 말씀드리실 부분이 맞으실까요 네 네 잠시만 기다려 주시겠습니까,아 선생님 죄송합니다 의창구라고 말씀해 주신 부분이 맞으실까요 네 잠시만 기다려 주시겠습니까
AIHub_LowQualityPhoneVoice_valid__15061,28.57142857142857,12.698412698412698,-15.873015873015872,False,민원님께서요 이제 사업장에 이제 수용성 절상료 및 사용 관련해서 문의를 주시는데 혹시 상담이 가능하신 내용이실까요,네 감사합니다께서요 이제 사업선이 이제 승림권 절산위 사위 관련해서 문의를 주시는데 혹시 상담이 가능하신 내용이셨까요,네 민원인께서요 이제 사업장에 이제 수능성 절성비 사용 관련해서 문의를 주시는데 혹시 상담이 가능하신 내용이실까요
AIHub_LowQualityPhoneVoice_valid__15064,4.545454545454546,4.545454545454546,0.0,False,그 기 기존에 이미 어떤 공장을 하고 계신데 그런 게 가능한지를 여쭤보는 건가요,그 기존에 이미 어떤 공장을 하고 계신데 그런 게 가능한지를 여쭤보는 건가요,그 그 기존에 이미 어떤 공장을 하고 계신데 그런 게 가능한지는 여쭤보는 건가요
AIHub_LowQualityPhoneVoice_valid__15068,75.0,12.5,-62.5,False,그러면은 담당자,왜냐면은,그러면은 담당자가
AIHub_LowQualityPhoneVoice_valid__15072,32.038834951456316,0.0,-32.038834951456316,False,선생님 네 기다려 주셔서 감사합니다 네 너무 죄송하게도 현재 담당 부서 연결이 계속 지연되고 있는데요 불편하시겠지만 잠시 후에 문의하실 수 있는 직통 번호를 하나 안내 도와드려도 될까요,선생님 네 기다려주셔서 감사합니다 네 너무 제가 손을 흐르던데 감단돼서 연결이 계속 진행되고 있는데요 불편하시길래 마 잠 깨우는 분야 있을 수 있는 집통 권을 하나 안내 도와드려도 될까요,선생님 네 기다려 주셔서 감사합니다 네 너무 죄송하게도 현재 담당 부서 연결이 계속 지연되고 있는데요 불편하시겠지만 잠시 후에 문의하실 수 있는 직통 번호를 하나 안내 도와드려도 될까요
AIHub_LowQualityPhoneVoice_valid__15077,60.0,0.0,-60.0,False,무엇을 도와드릴까요,뭐 술도 하드릴까요,무엇을 도와드릴까요
AIHub_LowQualityPhoneVoice_valid__15095,53.535353535353536,29.292929292929294,-24.242424242424242,False,그러니까 내가 이런 이치 전화 기다리면 이거 십 분 이십 분 기다려도 내 그냥 앞에 전화해가지 걸린다 걸린다 걸린다 이런다 하거든 오늘한 내가 다섯 번 해도 내 이래요 공장 이거,휴대원이잖아 일 년 일찍 전화하는 기사님 전역은 뭐 십 분 십 분 기사들도 네 분 앞에 전화하거냐고 걸린다 걸린다 걸린다 그럼 인증자 하거든 어 네 한 다섯 분에서 네 일에 공장이져,필요한 거 있잖아요 이런 일치해 전화 기다리면 이거 뭐 십 분 이십 분 기다려서 내 앞에 전화가 걸린다 걸린다 걸린다 이런 줄 알거든 오늘 내가 다섯 번을 내 이래 본다 이거
AIHub_LowQualityPhoneVoice_valid__15127,47.31182795698925,26.881720430107524,-20.430107526881724,False,어디에서 공사하고 난 저 새카만 모 모래 같은 것도 아니고 흙 같은 것도 아니고 예 그런 것들을 밑에서 어제 긁어냈는지 어땠는지 그걸 이 공원에다가 그냥 바로 화단에다,어디 있어 공사하고 난 저 뭐 그 괘타만 뭐 모래 같은 거 말고 흐 쁘친 것도 아니고 그서 에 그 에 그런 것들은 밑에서 어제 얼근에 있는 데 있었는지 그거야 그걸 이 공원에다가 그러면 바로 가다니다,어디서 공사하고 난 그 폐차만 뭐 모래 같은 거 말고 흙뿟은 것도 아니고 예 그런 것들은 밑에서 어제 뻘뻔했는 거였는지 그거 같 그걸 이 공원에다가 그면 바로 하단에다
AIHub_LowQualityPhoneVoice_valid__15133,26.31578947368421,0.0,-26.31578947368421,False,네 말씀 감사합니다 제가 지금 바로 부서 쪽으로 접수하도록 하겠습니다,어 마신 감사합니다 애들과 지금 바로 그서 좀 접수하도록 하겠습니다,네 말씀 감사합니다 제가 지금 바로 부서 쪽으로 접수하도록 하겠습니다
AIHub_LowQualityPhoneVoice_valid__15139,18.181818181818183,0.0,-18.181818181818183,False,선생님 봉암동 교차로 가로수 말씀이십니까,여대님이 봉환동 교차로 가로수 말씀이십니까,선생님 봉암동 교차로 가로수 말씀이십니까
AIHub_LowQualityPhoneVoice_valid__15149,37.2093023255814,2.3255813953488373,-34.88372093023256,False,네 선생님 담당자가 답변드릴 수 있도록 답변 요청 건 함께 접수를 드리겠습니다,네 소득이 단장자가 대표한테 늘 수 있도록 대표 요청만 함께 적수를 드리겠습니다,네 선생님 담당자가 답변 드릴 수 있도록 답변 요청 건 함께 접수를 드리겠습니다
AIHub_LowQualityPhoneVoice_valid__15152,50.0,0.0,-50.0,False,네 일교차 큰데 감기 조심하십시오,네 의기타펜데 감기 주 신호하십시오,네 일교차 큰데 감기 조심하십시오
AIHub_LowQualityPhoneVoice_valid__15182,0.0,0.0,0.0,False,아 네 수고 많으십니다,아 네 수고 많으십니다,아 네 수고 많으십니다
AIHub_LowQualityPhoneVoice_valid__15184,28.333333333333332,5.0,-23.333333333333332,False,예 다름이 아니고 이 버스가 어디고 여기 어디냐 하면요 어 도개 만남의 광장 버스 정류소거든요 버스 타는 곳,예 다른데 아니고 왜 버스 어디고 요새 어디냐면 요 어 도계 만나네 잠깐 버스 뒷리수거든요 버스 타는 곳,예 다름이 아니고 이 버스 어디고 여기 어디냐 하면요 어 도계 만남의 당장 버스 정류소거든요 버스 타는 곳
AIHub_LowQualityPhoneVoice_valid__15187,27.659574468085108,17.02127659574468,-10.638297872340427,False,네 도개도 만남의 광장 버스 정류장 뒤에 은행나무를 열매를 좀 털어달라는 말씀이십니까,독일 동에 마싸네 감상 버킷정류장 뒤에 은행나무를 열매를 좀 털어 달라는 말씀이십니까,네 도계도로 상담 버스정류장 뒤에 은행나무를 열매를 좀 털어달라는 말씀이십니까
AIHub_LowQualityPhoneVoice_valid__15198,14.285714285714285,1.7857142857142856,-12.5,False,선생님 그 방향이 혹시 어 중동 유니시티로 유니시티에서 머 저쪽 동호 쪽으로 가는 방향인가요 아니면은,근데 그 방향이 역시 어 중독 유니시디로 유니시디에서 뭐 저쪽 동호 쪽으로 가는 방향인가요 아니면은,선생님 그 방향이 혹시 어 중동 유니시티로 유니시티에서 뭐 저쪽 동호 쪽으로 가는 방향인가요 아니면은
AIHub_LowQualityPhoneVoice_valid__15211,0.0,0.0,0.0,False,인도 옆에 나무가 쓰러져 있단 말씀이십니까,인도 옆에 나무가 쓰러져 있단 말씀이십니까,인도 옆에 나무가 쓰러져 있단 말씀이십니까
AIHub_LowQualityPhoneVoice_valid__15216,69.23076923076923,15.384615384615385,-53.84615384615384,False,예 맞은편 예 산쪽으로요,예 맞어요,예 맞은편 예 산 쪽으로예
AIHub_LowQualityPhoneVoice_valid__15225,42.857142857142854,0.0,-42.857142857142854,False,아 그렇습니까,아 그렇습니까 예예,아 그렇습니까
AIHub_LowQualityPhoneVoice_valid__15237,33.33333333333333,16.666666666666664,-16.666666666666664,False,신고 감사합니다 네 네,친구 감사합니다 네,신고 감사합니다 네
AIHub_LowQualityPhoneVoice_valid__15248,11.594202898550725,7.246376811594203,-4.3478260869565215,False,이게 신청을 하고 검사 차가 검사가 들어가잖아요 등급이 이렇게 만약에 해당 등급이 안 되면 어떻게 되나요 검사를 다시 했다가,이제 신청하고 검사 차와 검사가 들어가잖아요 그 등급이 이렇게 만약에 세상 등급이 안 되면 어떻게 되나요 검사를 다시 했다가,이제 신청을 하고 검사 차가 들어가잖아요 등급이 이렇게 만약에 해당 등급이 안 되면 어떻게 되나요 검사를 다시 했다가
AIHub_LowQualityPhoneVoice_valid__15251,10.227272727272728,1.1363636363636365,-9.090909090909092,False,지금 오 등급 판정 이제 확인하셨다면 그 부분으로만 접수를 해주시구요 만약에 대상자가 되었을 때 그때 이제 지정 정비소 쪽에서 성능 검사를 진행하는 부분입니다,지금 오 등급 선정 이제 하실 하셨다면 그 부분으로만 접수를 해주시고요 만약에 대상자가 되었을 때 그때 이제 지정 정비 소속에서 성능검사를 진행하는 부분입니다,지금 오 등급 판정 이제 확인하셨다면 그 부분으로만 접수를 해주시고요 만약에 대상자가 되었을 때 그때 이제 지정 정비소 쪽에서 성능 검사를 진행하는 부분입니다
AIHub_LowQualityPhoneVoice_valid__15257,75.0,0.0,-75.0,False,예 맞습니다 정확하세요,이해 왔으니까 정확하게 이야,예 맞습니다 정확하세요
AIHub_LowQualityPhoneVoice_valid__15261,8.98876404494382,10.112359550561797,1.1235955056179758,False,어 그런 부분은 아니구요 지금 저희가 이 정확한 기준에 대해선 저희가 확인이 어렵고 이게 정상 가동이 안 되는 경우가 보통 이제 탈락이 된다 라고 알고 있거든요,어 그런 부분은 아니고요 지금 제가 이 정확한 기준이에 대해선 제가 확인이 어렵고 이게 정상 가동이 안 되는 경우가 보통 이게 탈락이 된다라고 알고 있거든요,어 그런 부분은 아니고요 지금 제가 이 정확한 기준에 대해서는 제가 확인이 어렵고 이게 정상 가동이 안 되는 경우가 보통 이게 탈락이 된다라고 알고 있거든요
AIHub_LowQualityPhoneVoice_valid__15268,46.51162790697674,6.976744186046512,-39.53488372093023,False,노후 경유차 조기폐차 지원 사업 관련해서 쫌 전에 문의 주신 선생님 맞으십니까,너 정주차 조기 대표 지원서 관련해서 좀 전에 미술을 맞으십니까,노후 경유차 조기 폐차 지원 사업 관련해서 좀 전에 문의주신 선생님 맞으십니까
AIHub_LowQualityPhoneVoice_valid__15269,40.0,5.714285714285714,-34.285714285714285,False,네 추가적으로 안내드릴 게 있어서 재발신으로 다시 전화드렸는데요,추가적으로 안 내드릴게요 있어서 제발 신용불리 사 받 드렸는데요,네 추가적으로 안내드릴 게 있어서 재발신으로 문의 전화드렸는데요
AIHub_LowQualityPhoneVoice_valid__15301,39.473684210526315,31.57894736842105,-7.894736842105264,False,지금은 만약 한다면 우리 종량제 봉투에 담아 내실 수밖에 없 그지요이,지금은 만약 한다면 우리 종량도 없앴다만 아니실 수는 없죠,지금은 만약 한다면 우리 종량제 다운 아니실 수가 없으세요
AIHub_LowQualityPhoneVoice_valid__15313,25.862068965517242,4.310344827586207,-21.551724137931036,False,그럼 만약에 지금 민원인께서 보관을 하고 계실 수 있으시다면 십 일 월 달에 그 기간 내에 맞춰서 배출하시고 일찍 배출하고자 하신다면 그냥 종량제 봉투에 담아서 일반 쓰레기로 배출하고 이렇게 하면 되는 건가요,그럼 만약에 재임은 면허위께서 보관을 하고 계실 수 있으실하면 십 일 월 달에 그 기간에 마스터가 배출하시고 유치 배출하고 계신다면 그냥 전향 제공체를 담아서 일반 시대기로 배출하고 이렇게 하면 되는 거겠,그럼 만약에 지금 민원인께서 보관을 하고 계실 수 있으시다면 십 일 월달에 그 기간에 맞춰서 배출하시고 일주일 배출하고자 하신다면 그냥 종량제 봉투에 담아서 일반 쓰레기로 배출하고 이렇게 하면 되는 건가요
AIHub_LowQualityPhoneVoice_valid__15324,30.612244897959183,4.081632653061225,-26.53061224489796,False,예 맞아요 그래 벌점도 받고 본인이 또 본인이 자비를 들어서 처리를 했다고 마 저희들한테,이해마다야 그래 플점도 받고 본인은 본인이 자디를 들어서 재료를 했다고 만수희들한테,예 맞아요 그래 벌점도 받고 본인이 또 본인이 자비를 들어서 처리를 했다고 저희들한테
AIHub_LowQualityPhoneVoice_valid__15336,12.727272727272727,3.6363636363636362,-9.09090909090909,False,그래서 으 결국은 일단은 그 부서에서 요청을 좀 도움 요청을 하셔가지고 수거는 진행될 거라고 하고요,그래서 그 결국은 일단은 그 부산에서 요청을 좀 더욱 요청을 하셔가지고 수건은 진행될 거라고 하구요,그래서 그 결국은 일단은 그 부서에서 요청을 좀 도움 요청을 하셔 가지고 수거는 진행될 거라고 하고요
AIHub_LowQualityPhoneVoice_valid__15370,27.27272727272727,0.0,-27.27272727272727,False,그래서 전화를 하니까,그래서 대학을 하니까,그래서 전화를 하니까
AIHub_LowQualityPhoneVoice_valid__15376,39.743589743589745,20.51282051282051,-19.230769230769234,False,어 굉장히 불편한 거라 이게 그냥 대충은 알죠 그 우리가 그 뭐 근데 그거 정확하게 몇 개 몇 개 그다음에 그 품을 다 대 불러 달라 거든예,어 굉장히 고천한 거라 이게 그나저나 이제 중은 알기하고 우리가 그믄 근데 그거 잘하기 늦게 늦게 그다음에 그 부모 다 불러달라 그러냐,어 굉장히 불편한 거라 이게 그날 대충은 알지 하고 우리가 그 뭐 근데 그거 정확하게 늦게 늦게 그다음에 그 뿜을 다 불러 달라 그러는예
AIHub_LowQualityPhoneVoice_valid__15382,60.0,40.0,-20.0,False,버릴 수 없는 물건이 있어요,떨일 수 없는 모금인데,거릴 수 없는 물건인데
AIHub_LowQualityPhoneVoice_valid__15390,0.0,0.0,0.0,False,아 그러셨습니까,아 그러셨습니까,아 그러셨습니까
AIHub_LowQualityPhoneVoice_valid__15391,21.73913043478261,4.3478260869565215,-17.391304347826086,False,혹시 조금 상품 종류가 많은 건가요 선생님,오실 주변에 상품 종류가 많은 건가요 선생님,혹시 지금 상품 종류가 많은 건가요 선생님
AIHub_LowQualityPhoneVoice_valid__15416,72.72727272727273,22.727272727272727,-50.00000000000001,False,기본 기본 기본 뭐 기본 세 짜 아입니까,끼부 끼부 끼부 제자입니까,기본 기본 기본 기본 세 자입니까
AIHub_LowQualityPhoneVoice_valid__15420,25.0,12.5,-12.5,False,표를 바 이 부 파일로 받는다는 말씀이십니까,소를 파 파일로 받는다는 말씀이십니까,초를 파 이 부분 파일로 받는다는 말씀이십니까
AIHub_LowQualityPhoneVoice_valid__15431,44.44444444444444,40.74074074074074,-3.7037037037037024,False,그럼 거 매트리스하고 포함하면 만 오천 원이네예이,야 그럼 메티리 다 포함하면 만 오천 원이네 야잉,내가 그럼 며칠 이상을 포함하면 만 오천 원이네예
AIHub_LowQualityPhoneVoice_valid__15432,16.666666666666664,0.0,-16.666666666666664,False,네 맞습니다,네 있습니다,네 맞습니다
AIHub_LowQualityPhoneVoice_valid__15442,25.0,5.555555555555555,-19.444444444444443,False,예 거기 거 어 거기 프랜카드 보고 제가 그 했는데 여기 공고문이,예 그기 그기 프랭카드 보고 제가 그 했는데 이 공고문이,예 거기 그 어 그기 프랜카드 보고 제가 그 했는데 여기 공고문이
AIHub_LowQualityPhoneVoice_valid__15453,12.612612612612612,0.9009009009009009,-11.711711711711711,False,이쪽으로 들어가셔서 이제 등급 조회하실 수가 있고 선생님께서 혹시나 저희 경유차에 대한 공고문을 시청 홈페이지를 통해서 확인하시고 뭐 구비 서류라던가 첨부 파일 같은 것도 다 확인해 보실 수 있습니다,쪽으로 들어가셔서 이제 등록조에 하실 수가 있고 선생님께서 혹시나 저희 경기차에 대한 공고문을 시청 홈페이지를 통해서 확인하시고 뭐 거기 서류다다가 출국파에 같은 것도 다 확인해 보실 수 있습니다,이쪽으로 들어가셔서 이제 등급 조회하실 수가 있고 선생님께서 혹시나 저희 경유차에 대한 공고문을 시청 홈페이지를 통해서 확인하시고 뭐 구비 서류라던가 첨부파일 같은 것도 다 확인해 보실 수 있습니다
AIHub_LowQualityPhoneVoice_valid__15462,18.6046511627907,4.651162790697675,-13.953488372093023,False,그러실 경우에 최소 상한액이 대략 한 백 육십 오만 원 정도 지원이 되는 부분이구요 이거는 차량에 따라서 지원 금액은 달라지기 때문에 확인해 보셔야 됩니다,그런 식당은 최소 상한액이 대략 한 백 육십 오만 원 정도 지원이 되는 부분이구요 이거는 차량에 따라서 지원금에겐 달라지기 때문에 확인해보세요 이게 있습니다,그러실 경우에 최고 상환액이 대략 한 백 육십 오만 원 정도 지원이 되는 부분이세요 이거는 차량에 따라서 지원금액은 달라지기 때문에 확인해 보셔야 됩니다
AIHub_LowQualityPhoneVoice_valid__15464,81.25,0.0,-81.25,False,업무 처리 잘 되시길 바랍니다,아 뭐까지 잘생긴 거 말함,업무 처리 잘 되시길 바랍니다
AIHub_LowQualityPhoneVoice_valid__15469,13.636363636363635,4.545454545454546,-9.09090909090909,False,아 네 위치 먼저 전달하면 성산구 안민동에 그 안민동 위드필하임 아파트가 있구요,아 네 이틀 먼저 전달하면 성산구 안민동에 그 안민동 위드티 사인 아파트가 있구요,아 네 위치 먼저 전달하면 성산구 안민동에 그 안민동 위드틸 하임 아파트가 있구요
AIHub_LowQualityPhoneVoice_valid__15472,66.66666666666666,50.0,-16.666666666666657,False,저기 하세요,저기,조기해주세요
AIHub_LowQualityPhoneVoice_valid__15475,33.33333333333333,20.0,-13.333333333333329,False,혹시 이 부분도 구청에서 네,혹시 일 도갠도 국산에서 네,혹시 일 도변도 구청에서 네
AIHub_LowQualityPhoneVoice_valid__15476,2.7027027027027026,2.7027027027027026,0.0,False,아파트와 아파트 그 방음벽 사이에 작은 틈이 공간이 있다고 하는데요,아파트와 아파트 그 방음벽 사이에 작은 층이 공간이 있다고 하는데요,아파트와 아파트 그 방음벽 사이에 작은 층이 공간이 있다고 하는데요
AIHub_LowQualityPhoneVoice_valid__15479,10.38961038961039,1.2987012987012987,-9.09090909090909,False,계단과 문을 그분이 만들어서 뭐 개인적으로 이렇게 왕래를 하는 데 사용을 하신다고 단속 조치가 가능한지 저희 쪽에 민원을 접수를 하셨거든요,대단과 문을 그분이 만들어서 뭐 개인적으로 이렇게 만료를 하는 데 사용을 하신다고 단속 조치가 가능한지 저희 집에 민업이 적지를 하셨거든요,계단과 문을 부분이 만들어서 뭐 개인적으로 이렇게 왕래를 하는 데 사용을 하신다고 단속 조치가 가능한지 저희 쪽에 민원을 접수를 하셨거든요
AIHub_LowQualityPhoneVoice_valid__15491,100.0,0.0,-100.0,False,아 예 알겠습니다,음,아 예 알겠습니다
AIHub_LowQualityPhoneVoice_valid__15515,9.090909090909092,0.0,-9.090909090909092,False,내일 직접 방문 가능하신 것도 맞으십니까,내일 직접 방문 가능하신 것도 나디십니까,내일 직접 방문 가능하신 것도 맞으십니까
AIHub_LowQualityPhoneVoice_valid__15539,21.428571428571427,17.857142857142858,-3.5714285714285694,False,그 뒤에 풀밭에도 풀을 안 해서 그르 안 베니까 사람들이 왜 안 보인다고 막 쓰레기 버리고 이러잖아요,그 뒤에 불 밭에도 불을 안 돼서 안 되니까 사람들이 왜 안 보인다고 막 쓰레기 버리기로 했잖아요,그 뒤에 풋 앞에도 풋을 안 해서 그런 안 되니까 사람들이 왜 안 보인다고 막 쓰레기 버리기로 했잖아요
AIHub_LowQualityPhoneVoice_valid__15541,28.846153846153843,11.538461538461538,-17.307692307692307,False,네 죄송합니다 결률 격륜장 삼거리 바로 옆쪽에 있는 그 버스 정류장을 말씀하시는 게 맞으실까요,오히려 더욱더욱 결유 현장 참거지 바로 옆쪽에 있는 그 버스 정류장을 말씀하신 게 맞으실까요,네 죄송합니다 경유 경유 현장 삼거리 바로 옆쪽에 있는 그 버스 정류장을 말씀하시는 게 맞으실까요
AIHub_LowQualityPhoneVoice_valid__15571,23.809523809523807,11.904761904761903,-11.904761904761903,False,그 이면 도로는 그 원래 청소를 안 하는 건가요 그게 작년까진 작년 말까지는,그 인간도로는 그 월성비를 안 하는 건가요 그리고 작년까진 작년 말까지는,그 인감도로는 그 왜 청소를 안 하는 건가요 그게 작년까진 작년 말까지는
AIHub_LowQualityPhoneVoice_valid__15574,14.432989690721648,13.402061855670103,-1.0309278350515445,False,근데 이제 올해 초부터는 그 단 한 번도 지금 청소를 안 저 안 해주셨어요 그래가지고 동네 사람들이 앞에 쪼금씩 쓰는 거 외에는 청소가 전혀 안 돼 있어서 엄청 지저분하거든요,근데 이제 올해 초부터는 그 다음 번도 지금 청소를 안 해 안 해주셨어요 그래가지고 동네 사람들이 앞에 조금씩 쓰는 거 외에는 청소 전혀 안 됐어서 엄청 주장 보내거든요,근데 이제 올해 초부터는 그 당원분들 지금 청소를 안 안 해주셨어요 그래 가지고 동네 사람들이 앞에 조금씩 쓰는 거 외에는 청소가 전혀 안 돼 있어서 엄청 죄송하거든요
AIHub_LowQualityPhoneVoice_valid__15589,25.0,13.88888888888889,-11.11111111111111,False,이게 주차가 된 차량이 있으면은 그 뒤는 청소 잘 안 해주더라고요,이 도착을 벤 차량이 있으면은 그 뒤는 촛불 잘 안 시드더라고요,이게 도착을 된 차량이 있으면은 그 뒤를 청소 잘 안 주더라고요
AIHub_LowQualityPhoneVoice_valid__15591,30.0,5.0,-25.0,False,그 올해 초부터는 전혀 없으세요 이게,그 올해체부터는 전혀 없어져요 그냥,그 올해 초부터는 전혀 없으세요 그게
AIHub_LowQualityPhoneVoice_valid__15594,28.57142857142857,21.428571428571427,-7.142857142857142,False,이제 앞쪽이 거기 이면도롤 말씀하시는 게 맞으실까요,이제 앞쪽이 거기 인원도로 말씀하신 게 와닿을까요,이제 앞쪽이 거기 인원도를 말씀하신 거 맞으실까요
AIHub_LowQualityPhoneVoice_valid__15602,72.22222222222221,36.11111111111111,-36.11111111111111,False,그 어쨌든 이거 여 연락처 예 누구든지 좀 해결해 줬으면 좋겠네요,네 아도삔 이보다 연약적이 요즘 생명할 수도 있거든요,네 어쨌든 이거 제가 연락처 이제 해결해 주셨으면 좋겠네요
AIHub_LowQualityPhoneVoice_valid__15629,77.27272727272727,13.636363636363635,-63.63636363636363,False,그게 아니면 저희들이 잠깐만요 저희 지금,이 아이는 소들이,그게 아니면 저희들이 잠깐만요 저희들이
AIHub_LowQualityPhoneVoice_valid__15635,40.0,24.0,-16.0,False,아 예 조리사 면허증 발급하러 갈려고 하는데요,아 예 여기서 열악증을 발급하러 가요 가는데요,아 예 변호사 면허증을 발급하려고 하는데요
AIHub_LowQualityPhoneVoice_valid__15639,35.0,0.0,-35.0,False,최근 육 개월 이내 찍은 삼 사 사이즈 사진 두 장 준비해 주셔야 되구요,세 개 늑혀와 이내끼는 삼 사이즈 사진 부장 준비해주셔야 되구요,최근 육 개월 이내 찍은 삼 사 사이즈 사진 두 장 준비해 주셔야 되구요
AIHub_LowQualityPhoneVoice_valid__15649,4.545454545454546,9.090909090909092,4.545454545454546,False,아 선생님 식청에서는 발급이 안 되시구요,아 선생님 식당에서는 발급이 안 되시구요,아 선생님 시청에서는 발급이 안 되시고요
AIHub_LowQualityPhoneVoice_valid__15655,7.4074074074074066,2.4691358024691357,-4.93827160493827,False,네 이 건강 진단서가 이 평 그 보통 진단서는 아니고 병원에 가셔서 그 정신 질환자나 마약 중독자가 아님을 증명하는 건강진단서를 발급하셔야 됩니다,네 이 건강진단서가 이 평 그 보통 진단서는 아니고 병원에 가셔서 그 정신질환자나 마약 중독자가 아님을 증명하는 건강 진단서를 밟으셔야 됩니다,네 이 건강 진단서가 이 평 그 보통 진단서는 아니고 병원에 가셔서 그 정신질환자나 마약 중독자가 아님을 증명하는 건강 진단서를 발급하셔야 됩니다
AIHub_LowQualityPhoneVoice_valid__15667,0.0,0.0,0.0,False,발급이 언제 된다고요,발급이 언제 된다고요,발급이 언제 된다고요
AIHub_LowQualityPhoneVoice_valid__15679,27.027027027027028,2.7027027027027026,-24.324324324324326,False,이 분양 받은 호텔 호실을 이제 명의 승계를 하고 싶다고 하시는데요,이 두 명 받은 고태 호씨를 이제 명의 순결을 하고 싶다고 하시는데요,이 분양받은 호텔 호실을 이제 명의 승계를 하고 싶다고 하시는데요
AIHub_LowQualityPhoneVoice_valid__15699,12.5,0.0,-12.5,False,네 그러면은 일종의 숙박업이긴 하지만 일종의 지분을 가진 부분이라고 생각을 하면 될까요,네 그러면은 일 종이 숙박업이긴 하지만 일 종이 지분의 사진 부분이라고 생각을 하면 될까요,네 그러면은 일종의 숙박업이긴 하지만 일종의 지분을 가진 부분이라고 생각을 하면 될까요
AIHub_LowQualityPhoneVoice_valid__15707,31.57894736842105,13.157894736842104,-18.421052631578945,False,아 선생님 실례지만 혹시 그거 지금 싱크대를 그럼 분리를 하신 건가요,아 선생님 새로 들어 혹시 그거 지금 신초대를 그런 분리를 하시는 거예요,아 선생님 실례지만 혹시 그거 지금 신규 대리 그런 분리를 하신 건가요
AIHub_LowQualityPhoneVoice_valid__15733,21.818181818181817,5.454545454545454,-16.363636363636363,False,네 확인 감사합니다 통화 종료되는 대로 그러면 업 업체 전화번호랑 주소 말씀 전달드리도록 하겠습니다,네 하여튼 감사합니다 통화 종료되는 대로 옆에 전화번호랑 주소의 말씀 전달드리도록 하겠습니다,네 확인 감사합니다 통화 종료되는 대로 그러면 업체 전화번호랑 주소 말씀 전달 드리도록 하겠습니다
AIHub_LowQualityPhoneVoice_valid__15751,44.0,32.0,-12.0,False,높이는 얼마 안 돼요 얇은 거 쌓아 논 거라서,소피는 얼마 안 돼 그래도 먹어야 한 거라서,쿠폰은 얼마 안 돼요 작은 거 없애 않은 거라서
AIHub_LowQualityPhoneVoice_valid__15752,4.45859872611465,1.910828025477707,-2.5477707006369426,False,아 그렇습니까 어 일단은 지금 말씀 주신 타일 같은 경우는 소각장은 아니고 매립장으로 반입을 해주셔야 되는데 매립장에서 일단 받는 기준이 톤당 기준으로 받기 때문에 말씀 주신 내용은 일단 상담을 한번 받아보셔야 될 거 같아서 제가 전화번호 확인해 볼 건데 잠시만 기다려 주시겠습니까,어 그렇습니까 어 일단은 말씀 주신 타의 같은 경우는 소각장은 아니고 매입장으로 반입을 해주셔야 되는데 매입장에서 일단 받는 기준이 톤당 기준으로 받기 때문에 말씀 주신 내용은 일단 상담을 한번 받아보셔야 될 거 같아서 제가 전화번호 확인해 볼 건데 잠시만 기다려 주시겠습니까,아 그렇습니까 어 일단은 이제 말씀 주신 타일 같은 경우는 소각장은 아니고 매립장으로 반입을 해주셔야 되는데 매립장에서 일단 받는 기준이 톤당 기준으로 받기 때문에 말씀 주신 내용은 일단 상담을 한번 받아보셔야 될 것 같아서 제가 전화번호 확인해 볼 건데 잠시만 기다려 주시겠습니까
AIHub_LowQualityPhoneVoice_valid__15753,5.555555555555555,0.0,-5.555555555555555,False,네 기다려 주셔서 감사합니다 혹시 전화번호 메모 하나 가능하실까요,네 기다려주셔서 감사합니다 혹시 전화번호 메모하나 가능하실까요,네 기다려 주셔서 감사합니다 혹시 전화번호 메모 하나 가능하실까요
AIHub_LowQualityPhoneVoice_valid__15762,11.538461538461538,0.0,-11.538461538461538,False,아 네 진해 지역이고 혹시 동이 어떻게 되십니까,아 네 지네 지역이고 혹시 동희 어떻게 되십니까,아 네 진해 지역이고 혹시 동이 어떻게 되십니까
AIHub_LowQualityPhoneVoice_valid__15775,21.27659574468085,6.382978723404255,-14.893617021276595,False,예 확인하셨으면 간단하게 선생님이 신분증이랑 자동차 등록증만 지참을 해주시면 되시구요,불확인하셨으면 간단하게 설계는 신분증이란 자동차 등록증만 지체하면 해주시면 되시구요,네 확인하셨으면 간단하게 선생님의 신분증이랑 자동차 등록증만 지참을 해주시면 되시고요
AIHub_LowQualityPhoneVoice_valid__15816,90.9090909090909,9.090909090909092,-81.81818181818181,False,예 맞습니다 예예 예,왜 해가,예 맞습니다 예 예
AIHub_LowQualityPhoneVoice_valid__15845,59.64912280701754,33.33333333333333,-26.315789473684212,False,피브이 빠이쁘가 똥글똥글히니까 뭐 맷 어느 정도 분량을 모르겠네 일단 뭐 내 차에 싣고 가면 안 됩니까,피고의 발도가 동갈 동갈이니깐 뭐 어린이도 그냥 모르겠니 일단은 모르겠는데 차에 힐 거면 안 되는까 봐,피 부재 파이프가 동갈 동갈이니까 뭐 내 어린이집도 그냥 모르겠네 일단 뭐 내가 차에 싣고 가면 안 됩니까
AIHub_LowQualityPhoneVoice_valid__15846,78.57142857142857,42.857142857142854,-35.714285714285715,False,내가 싣고 가서 재면 되지,약간 질끈 와서 빌려야지 돼,제가 실고 가서 보낸 거
AIHub_LowQualityPhoneVoice_valid__15848,66.66666666666666,38.88888888888889,-27.777777777777764,False,아니 내가 싣고가면 된다 그러네 내 차에 버리는 곳만 갈켜 주세요,얘가 슬프가 맨날 맨날 쳐요 버릴 꼼마가 드세요,아 예약 실고 가면 된다 그 며칠에 버리는 곳만 갖다 주시지요
AIHub_LowQualityPhoneVoice_valid__15863,64.70588235294117,0.0,-64.70588235294117,False,선생님 전화 종료되지 않았습니다,소재 변화 동료 대사 안 닦습니다,선생님 전화 종료되지 않았습니다
AIHub_LowQualityPhoneVoice_valid__15880,31.03448275862069,3.4482758620689653,-27.586206896551726,False,예 아 지금 바로 말씀드리면 될까요 메모 가능하십니까,압시금 바로 말씀드리면서 올까요 면허 가능하십니까,예 어 지금 바로 말씀드리면 될까요 메모 가능하십니까
AIHub_LowQualityPhoneVoice_valid__15900,14.285714285714285,4.761904761904762,-9.523809523809522,False,아 말씀 중에 너무 죄송합니다 콘덴싱 보일러 구매 지원 사업 말씀 맞으십니까,아 말씀 제가 너무 죄송합니다 혼생생 오일러 구매 지원 사업 말씀 맞으십니까,아 말씀 중에 너무 죄송합니다 콩뎅싱 보일러 구매 지원 사업 말씀 맞으십니까
AIHub_LowQualityPhoneVoice_valid__15904,3.389830508474576,0.0,-3.389830508474576,False,어 내년에도 계획이 있는지 그 확인 가능한지 한번 확인해 보겠습니다 끊지 마시고 잠시만 기다려 주시겠습니까,어 내년에도 계획이 있은지 그 확인 가능한지 한 번 확인해 보겠습니다 끊지 마시고 잠시만 기다려 주시겠습니까,어 내년에도 계획이 있는지 그 확인 가능한지 한번 확인해 보겠습니다 끊지 마시고 잠시만 기다려 주시겠습니까
AIHub_LowQualityPhoneVoice_valid__15928,40.0,0.0,-40.0,False,무엇을 도와드릴까요,뭐 제일 도와드릴까요,무엇을 도와드릴까요
AIHub_LowQualityPhoneVoice_valid__15931,73.33333333333333,6.666666666666667,-66.66666666666666,False,아 사업자 일 일반 사업자예,아 삼 편 일 일 박 다섯 편이였,아 사업자 일 일반 사업자요
AIHub_LowQualityPhoneVoice_valid__15943,23.214285714285715,12.5,-10.714285714285715,False,본인들이 음식점에서 배달을 하는 게 아니고 그 막 여러 그 음식점들 음식을 배달해주는 배 배달 대행업,본인들이 음식점에서 배달을 하는 게 아니고 여러 음식참들 음식을 배달해주는 배달 돼 있는,본인들이 음식점에서 배달을 하는 게 아니고 정말 여러 그 음식점들 음식을 배달해주는 배달 배달 중
AIHub_LowQualityPhoneVoice_valid__15967,18.88888888888889,5.555555555555555,-13.333333333333334,False,그걸 좀 설치를 좀 해줬으면 싶어서 전화를 드렸거든요 맨날 자고 나면 쓰레기를 내놓고 자고 나면 쓰레기를 내놓고 이런 식으로 이제 재활용 봉투에 넣는 것도 아니고,그걸 좀 설치를 좀 해줬으먼 싶어 전화를 드리거든요 내 다 뭐 타고나는 쓰레기를 내놓고 타고나면 쓰레기를 내놓고 이런 식으로 인제 제여런 봉투에 넣는 것도 아니고,그걸 좀 설치를 좀 해줬으면 싶어서 전화를 드렸거든요 매달 뭐 타고 나면 쓰레기를 내놓고 자고 나면 쓰레기를 내놓고 이런 식으로 이제 재활용 봉투에 넣는 것도 아니고
AIHub_LowQualityPhoneVoice_valid__15969,11.11111111111111,5.555555555555555,-5.555555555555555,False,혹시나 큰 도로가 아니라 어 주택가 골목이라고 하신 거 맞으신가요,그리나 큰 도로가 아니라 앞서 주택가 골목이라고 하신 거 맞으신가요,혹시나 큰 도로가 아니라 앞서 주택가 골목이라고 하신 거 맞으신가요
AIHub_LowQualityPhoneVoice_valid__15970,16.39344262295082,13.114754098360656,-3.2786885245901622,False,예 앞에 앞으로는 뭐 조그마한 차 찻길이 나와 있고 길은 있는데 주택가 쪽으로 지금 나 있는 길이거든요 여기가,이 앞에 앞으론 찾길 뭐 조그만 찾 찾길에 나와 있고 길은 있는데 주택가 쪽으로 지금 나 있는 길이거든요 여기가,예 앞에 앞으로는 차길 뭐 조그만 차 차길에 나와 있고 길은 있는데 주택가 쪽으로 지금 나와 있는 길이거든요 여기가
AIHub_LowQualityPhoneVoice_valid__15979,32.0,12.0,-20.0,False,그러니까 이걸 뭐 담당 부서에 그러면 저한테 전화가 아마 올 겁니까 그러면 담당하시는 분이,그니까 이걸 뭐 담당 부생은 그럼 저한테 대단해서 아마 어 끕니까 그럼 담당 다니는 분이,예 그니까 이걸 뭐 담당 부서에 그럼 저한테 전화를 아마 올 겁니까 그러면 담당하시는 분이
AIHub_LowQualityPhoneVoice_valid__16005,47.0,28.999999999999996,-18.000000000000004,False,풀이 너무 많이 나오고 은행이 떨어져가지고 엉망 진창으로 막 지금 낮아 있고 너무 지저분해요 근데 그거는 좀 너무 관리가 안 돼 다른 데는 이 플로 베고 이 매고 하던데 좀 좀 좀,고림 너무 많이 나오고 어랭이 쓰러지가지고 으으응 김치홍으로 막 빠르쳐서 좀 그 가해가 낮아있고 너무 지기구네야 그 왜 그거는 좀 너무 관리가 안 돼 다른 데는 이 불로 매거우기 매거워 하던 시에 그 좀 그 좀 좀,불이 너무 많이 나오고 은행이 떨어져 가지고 너무 진창으로 막 빠르쳐도 좀 그 가해가 낮아있고 너무 지지근해요 그거는 좀 너무 관리가 안돼 다른 데는 이 불로 배고 이 매고 하던데 그 좀 그 좀 좀
AIHub_LowQualityPhoneVoice_valid__16037,28.57142857142857,0.0,-28.57142857142857,False,네 그러면 제가 그 조금 이따가 전화 다시 드릴게요,네 그러면 제가 그 쪼금 있다가 다시 즐길게요,네 그러면 제가 그 조금 이따가 전화 다시 드릴게요
AIHub_LowQualityPhoneVoice_valid__16039,15.384615384615385,2.564102564102564,-12.820512820512821,False,소각장을 반입할 때 저희가 가지고 가는 건가요 아니면 수거하러 오시나요,수거장은 반입할 때 저희가 가지고 가는 건가요 아니면 수거하라고 혹시나요,수각장을 반입할 때 저희가 가지고 가는 건가요 아니면 수거하러 오시나요
AIHub_LowQualityPhoneVoice_valid__16044,40.74074074074074,29.629629629629626,-11.111111111111114,False,업체와 네 업체와 한 번 상담을 해보셔야 되시구요,최화 함 에 어처암 정담을 해보셔야 되시구요,업체와 함 에 업체 아마 상담을 해보셔야 되시고요
AIHub_LowQualityPhoneVoice_valid__16071,33.33333333333333,13.333333333333334,-19.999999999999993,False,거기 그냥 일반 문짝만한 거,그기 그냥 일반 문장만 하는 거,거기 그냥 일반 문장만 한 거
AIHub_LowQualityPhoneVoice_valid__16077,28.57142857142857,21.428571428571427,-7.142857142857142,False,네 전화번호 알려주시겠어요,네 전화 한 번 알려주시겠어요,네 전화 한번 알려주시겠어요
AIHub_LowQualityPhoneVoice_valid__16085,17.647058823529413,0.0,-17.647058823529413,False,네 다른 궁금하신 점 있으십니까,네 다른 꼼꼼하신 참 있으십니까,네 다른 궁금하신 점 있으십니까
AIHub_LowQualityPhoneVoice_valid__16094,42.42424242424242,27.27272727272727,-15.151515151515152,False,아 구 월 삼 십일 날 그러면 구 월 삼십 일까지 접수합니까,아 고 삼십이야 이제 뭐 고 삼십까지 접수합니까,아 구 월 삼십이라 그러면 접수 구 월 삼십까지 접수합니까
AIHub_LowQualityPhoneVoice_valid__16103,13.333333333333334,0.0,-13.333333333333334,False,네 선생님 연장 접수 받는다는 공고는 따로 없었기 때문에요 현재로서는 오늘까지 접수를 받는다고 보시면 됩니다,네 선생님 면제한 접수 받는다는 공고는 따로 없었기 때문이에요 현재 목사는 오늘까지 접수로 받는다고 보시면 됩니다,네 선생님 연장 접수 받는다는 공고는 따로 없었기 때문에요 현재로서는 오늘까지 접수를 받는다고 보시면 됩니다
AIHub_LowQualityPhoneVoice_valid__16132,18.248175182481752,9.48905109489051,-8.759124087591243,False,그 일요일에 용지 호수 공원에 가면 일요일 아침에는 화장지가 항상 없다고 하시더라구요 그 그래서 청소하시는 분한테 화장지 좀 갖다 달라라고 얘기를 하면 이 화장지는 그 아주머니가 와야 화장지가 있다 이렇게만 얘기를 하고 화장지도 잘 안 바꿔준다고,그 일요일에 용지국수 공원에 가면 일요일 아침에는 화장실이 항상 없다고 하시더라구요 그래서 형부하시는 분한테 화장실을 갖다 달라 라고 얘기를 하면 아유 화장실은 그 아주머니가 와야 화장실이 있다 이럼 이렇게만 얘기를 하고 화장실도 잘 안 받고 준다고,그 일요일에 용지 우수공원에 가면 일요일 아침에는 화장지가 항상 없다고 하시더라고요 그래서 청소하시는 분한테 화장지는 갖다 달라 라고 얘기를 하면 아 이 화장지는 그 아주머니가 와야 화장지가 있다 이런 이렇게만 얘기를 하고 화장지도 잘 안 바꿔준다고
AIHub_LowQualityPhoneVoice_valid__16133,7.142857142857142,3.571428571428571,-3.571428571428571,False,그래서 하여튼 어쨌거나 그러면 그 아줌마도 문제가 있는 거 아니냐 이러시면서 일하시는 분들이 전체적으로 문제가 있는 거 같다 조금 그 채용을 좀 다시 예 생각을 해봐 달라 이게 이렇게 말씀해 주셨습니다,그래서 하이튼 어쨌거나 그러면 그 아줌마들 문제가 있는 거 아니냐 이러시면서 일하시는 분들이 전체적으로 문제가 있는 거 같다 조금 그 채용을 좀 다시 예 생각을 해다 왔다 일날 이게 이렇게 말씀해 주셨습니다,그래서 하여튼 어쨌거나 그러면 그 아줌마들 문제가 있는 거 아니냐 이러시면서 일하시는 분들이 전체적으로 문제가 있는 것 같다 조금 그 채용을 좀 다시 예 생각을 해달라 이게 이렇게 말씀해 주셨습니다
AIHub_LowQualityPhoneVoice_valid__16137,24.528301886792452,5.660377358490567,-18.867924528301884,False,아 조금 전에 저기 모래때문에 전화를 했는데 동사무소 연결로 해주세요 근데 동사무소는 모르는데요,아 조금 전에 뭐래 예민해 전화를 했는데 동자문서 연결로 해주세요 근데 동자문서는 모르는데요,아 조금 전에 저기 모레 때문에 전화를 했는데 동사무소 연결을 해주세요 근데 동사무소는 모르는데요
AIHub_LowQualityPhoneVoice_valid__16144,36.84210526315789,36.84210526315789,0.0,False,아 그게 저 연락을 하셔야 되거든요,아 그 이 폼프적으로 연락을 하셔야 되거든요,아 그게 저기 통포장으로 연락을 하셔야 되거든요
AIHub_LowQualityPhoneVoice_valid__16164,12.068965517241379,1.7241379310344827,-10.344827586206897,False,선생님 지금 구 월 이십 일 오늘까지가 신청 기간이구요 선정자는 구 월 삼십 일 정도쯤에 발표 예정입니다,선생님 지금 구 월 이십 일 오늘까지가 신선기간이구요 선정자는 구 월 삼십 일 정도대로 달 클 예정입니다,선생님 지금 구 월 이십 일 오늘까지가 신청 기간이고요 선정자는 구 월 삼십 일 정도쯤에 발표 예정입니다
AIHub_LowQualityPhoneVoice_valid__16173,17.741935483870968,3.225806451612903,-14.516129032258064,False,선생님 그 내년 상반기에 진행을 할 수도 있고 하지 않을 수도 있고 그건 아직 부서에서도 확답드리기는 어렵습니다,어디 그 내년 상반기에 진행을 할 수도 있고 하지 않을 수도 있고 그건 아직 부서에서도 확답드리리나 어려울 수 있,선생님 그 내년 상반기에 진행을 할 수도 있고 하지 않을 수도 있고 그건 아직 부서에서도 확답드리긴 어렵습니다
AIHub_LowQualityPhoneVoice_valid__16198,17.24137931034483,4.310344827586207,-12.931034482758623,False,네 이제 아파트 안 그래도 관리사무소를 일 차로 민원인께서 확인을 했는데 아파트 아니면 관리사무소에서 하는 게 맞는데 이제 밖에 있는 도로 쪽이라서 아파트에서 관할하는 구역이 아니라고 확인을 하셨다고 하거든요,이제 아파트 안 그래도 관리사무소를 인치하려 님하느께서 확인을 했는데 아파트 아니면 관리사무소에서 하는 데는 없는데 이제 밖의 조로 쪽이라서 아파트에서 관하라는 고역이 아니라고 확인을 하셨다고 하거든요,네 이제 아파트 안 그래도 관리사무소를 민원인께서 확인을 했는데 아파트 아니면 관리사무소에서 하는 게 맞는데 이제 밖에 있는 도로 쪽이라서 아파트에서 관할하는 구역이 아니라고 확인을 하셨다고 하거든요
AIHub_LowQualityPhoneVoice_valid__16213,13.043478260869565,4.3478260869565215,-8.695652173913043,False,확인 감사합니다 공원을 관리하는 부서로 제가 빠르게 지금 내용 전달하도록 하겠습니다,네 감사합니다 공원을 관리하는 구설을 제가 빠르게 지금 내용을 전달하도록 하겠습니다,예 감사합니다 공원을 관리하는 부서로 제가 빠르게 지금 내용 전달하도록 하겠습니다
AIHub_LowQualityPhoneVoice_valid__16227,23.52941176470588,35.294117647058826,11.764705882352946,False,아 여기가 그 저기 내서 쪽인데,아 여기가 그 저기 인제 서쪽인다,아 여기가 그 저기 인제 서쪽입니다
AIHub_LowQualityPhoneVoice_valid__16228,0.0,0.0,0.0,False,어디라고 하셨습니까,어디라고 하셨습니까,어디라고 하셨습니까
AIHub_LowQualityPhoneVoice_valid__16241,18.75,6.25,-12.5,False,음 우선 담당자 직통 번호가요,우선 담당자 직통번호가요,그 우선 담당자 직통 번호가요
AIHub_LowQualityPhoneVoice_valid__16269,50.0,37.5,-12.5,False,사격장 도로가 아니고 우리 저 농로하고 여기 들어오는데 저기 저 공장 앞에 있는데 바로,한강 돌아가기가 우리 저 농업업이 들어오는데 스키 저 그 공장 가앗앴던데 바로,탈병 돌아가고 우리 저 농로하고 여 들어오는데 그 공장 마트인데 바로
AIHub_LowQualityPhoneVoice_valid__16273,9.803921568627452,1.9607843137254901,-7.843137254901961,False,아 네 알겠습니다 제가 담당하는 부서에 연락을 해서 선생님께 전화 한 번 드리라고 하겠습니다,아 네 알겠습니다 제가 담당하는 구청에 연락을 해서 선생님께 전화 한 번 필려고 하겠습니다,아 네 알겠습니다 제가 담당하는 부서에 연락을 해서 선생님께 전화 한번 드리라고 하겠습니다
AIHub_LowQualityPhoneVoice_valid__16295,44.680851063829785,6.382978723404255,-38.29787234042553,False,선생님 그러시면 지금 여기 도개 터널을 넘어가나요 아니면 보배 터널 가기 전인 건가요,네 나 지금 여기 보배전화를 넘어가나요 아님 보배전화를 가지던 인 건가요,선생님 그러시면 지금 여기 보백 터널을 넘어가나요 아니면 보백 터널 가기 전인 건가요
AIHub_LowQualityPhoneVoice_valid__16300,32.0,15.0,-17.0,False,올라오면서 이제 중앙분리대가 좀 큰 게 있거든요 거기에 이제 소나무가 이렇게 심어져 있는데 그게 이제 그 좀 많이 한 일곱 그루 여덟 그루 이렇게 좀 쓰러져 완전 쓰러진 건 아닌데,올라오면서 인제 중앙 폴리대가 좀 큰 게 있거든요 어 예 그기에 인제 손안무가 이렇게 심어져 있는데 그게 인제 그 좀 많이 한 이곳곳 이여들곳 이렇게 좀 슬슬 많이 쎄대지면 아닌데,올라오면서 이제 중앙분리대가 좀 큰 게 있거든요 예 거기에 이제 소나무가 이렇게 심어져 있는데 그게 인제 그 좀 많이 한 이곳곳을 여덟곳으로 이렇게 좀 썰어져 완전 썰어진 건 아닌데
AIHub_LowQualityPhoneVoice_valid__16302,23.18840579710145,10.144927536231885,-13.043478260869565,False,그러시면 이게 지금 중앙분리대에는 보통 나무가 안 심어져 있지 않습니까 혹시 그 소나무가 네 가 쪽에 있는 게 넘어온 건가요,그러시면 이게 지금 주말 분리 대회는 보통 나무가 안 심어져 있지 않습니까 혹시 그 소나무가 예 네 갑두게 있는 게 너무 고마워요,그러시면 이게 지금 중앙 분리대에는 보통 나무가 안 심어져 있지 않습니까 혹시 그 소나무가 예 그 네 가쪽에 있는 게 넘어 온 건가요
AIHub_LowQualityPhoneVoice_valid__16315,73.21428571428571,16.071428571428573,-57.14285714285714,False,예 요 조금 전에 제가 전화드렸는데 이 현관 앞에 저기 이거 언제쯤 처리해 줄라고 싶어서 전화드렸는데,예 여 쪼끔 드세요 드려놨드립니다 예 예 생활학생이 이거 언제 쫌 채 저 들여질라한 곳이 또 드려놨드립니다,예 저 조금 전에 제가 전화드렸는데 여 행간에 저기 이거 언제쯤 저 처리해 줄랑고 싶어서 전화드렸는데
AIHub_LowQualityPhoneVoice_valid__16358,35.714285714285715,42.857142857142854,7.142857142857139,False,위치만 아 일단 보내주세요,유치만 아 일단 도와주시오세요,위치만 아 일단 번호 좀 해주세요
AIHub_LowQualityPhoneVoice_valid__16364,8.333333333333332,1.3888888888888888,-6.944444444444443,False,안 그래도 이분이 처음에 그 동으로도 한 번 통화를 하셨더라구요 근데 근데 동에서 아직 처리를 안 해주셨는지 또 전화를 주셨거든요,안 그래도 이번이 처음에 그 동호로도 한 번 통활 하셨더라구요 근데 근데 동호사 아직 처리를 안 해주셨는지 또 전화를 주셨거든요,안 그래도 이분이 처음에 그 동으로도 한 번 통화를 하셨더라고요 근데 근데 동에서 아직 처리를 안 해주셨는지 또 전화를 주셨거든요
AIHub_LowQualityPhoneVoice_valid__16374,30.76923076923077,46.15384615384615,15.384615384615383,False,로드킬 신고 말씀이십니까,어디께 신검 말씀이십니까,도로를 계신 곳 말씀이십니까
AIHub_LowQualityPhoneVoice_valid__16377,7.142857142857142,21.428571428571427,14.285714285714285,False,삼정 지하차도 말씀이십니까,삼정 지하철도 말씀이십니까,삼성 지하철 말씀이십니까
AIHub_LowQualityPhoneVoice_valid__16389,36.666666666666664,5.0,-31.666666666666664,False,그니까 창원 시외버스 창원병원에서 시외버스 방향으로 가는 삼동 지하철도 입구에 이 차로와 삼 차로 사이입니다,그니까 창원실거 창원병원에서실거 방향으로 어제 간을 삼동 지하철도 입구의 이타로와 삼타로 사입이다,그니까 창원 시외버스 창원병원에서 시외버스 방향으로 가는 삼 동 지하철도 입구에 이 차로와 삼 차로 차입니다
AIHub_LowQualityPhoneVoice_valid__16393,98.48484848484848,51.515151515151516,-46.96969696969697,False,어제 태풍 때문에 제가 그 큰 게 있거든요 박힌 거 땅에 박힌 거 그게 지금 다리 사이로 넘어갔는데요 저희가 지금 공사,어,벌써 출신 됐니 그니까 그 출신 방 사이에 큰 게 또 맞힌 거 땅에 맞힌 거 그게 지금 한 다섯 장이 넘어갔는데요 지금 봉사
AIHub_LowQualityPhoneVoice_valid__16420,62.06896551724138,37.93103448275862,-24.13793103448276,False,실례지만 반려동물 등록 관련해서 문의주셨던 맞으십니까,실제로도 그전에 반려동이 등록 관련해서 문의 지하철 화석에 맞있습니까,실례지만 조금 전에 반려동물 등록 관련해서 문의 주셨던 선생님 맞으십니까
AIHub_LowQualityPhoneVoice_valid__16423,33.33333333333333,7.142857142857142,-26.190476190476186,False,개인적으로 인식표를 구매를 하셔서 방문을 해야 되는 부분이 있어서 추가 안내,개인적으로 인식들을 공략을 하셔서 담연을 해야 되는 부분인 것이다 추가합니다,개인적으로 인식들을 구매를 하셔서 방문을 해야 되는 부분이 있어서 추가 안내를
AIHub_LowQualityPhoneVoice_valid__16429,40.0,4.444444444444445,-35.55555555555556,False,실례지만 그 지금 반려동물 등록 관련해서 저희 쪽으로 많이 문의를 주시고 있는데요,지금 반려 동력 병역 관련해서 저희 쪽 많이 본인을 지지고 있는데요,실례지만 지금 반려동물 등록 관련해서 저희 쪽으로 많이 문의를 주시고 있는데요
AIHub_LowQualityPhoneVoice_valid__16447,16.666666666666664,0.0,-16.666666666666664,False,아 네 알겠습니다 확인 감사합니다,아 네 알겠습니다 감사합니다,아 네 알겠습니다 확인 감사합니다
AIHub_LowQualityPhoneVoice_valid__16466,31.48148148148148,0.0,-31.48148148148148,False,그러시면은 마산 쪽에 농업기술센터 쪽으로 한 번 확인을 도와드릴 텐데요 잠시만 기다려 주시겠습니까,들어씌면은 마산 쪽에 노골기 실산대 쪽으로 한번 확인을 들어와드릴 텐데요 잠시만 기다려주십니까요,그러시면은 마산 쪽에 농업기술센터 쪽으로 한 번 확인을 도와드릴 텐데요 잠시만 기다려 주시겠습니까
AIHub_LowQualityPhoneVoice_valid__16471,31.25,6.25,-25.0,False,어디서 소매업을 한다는 거지예,어디서 소매 억을 한다는 것이야,어디서 소매업을 한다는 거지요
AIHub_LowQualityPhoneVoice_valid__16474,30.76923076923077,11.538461538461538,-19.230769230769234,False,거 사업자를 신고를 넣는다든지 그런 거 아닐까요,그 사업자료를 신고를 는다는 게 큰 거 아닐까요,그 사업자를 신고를 는다던지 그런 거 아닐까요
AIHub_LowQualityPhoneVoice_valid__16487,60.0,26.666666666666668,-33.33333333333333,False,감사합니다 행복하고 되십시오,감사합니다 감사합니다,감사합니다 행복한 오후 되십시오
AIHub_LowQualityPhoneVoice_valid__16491,0.0,0.0,0.0,False,열 시 반에,열 시 반에,열 시 반에
AIHub_LowQualityPhoneVoice_valid__16502,37.142857142857146,2.857142857142857,-34.28571428571429,False,선발자 문자를 오늘 발송하는 건가요 아니면 내일 발송하는 건가요,선발당님 따라 오늘 말씀하는 건가 아님 내일 말씀하는 건가,선발장 문자를 오늘 발송하는 건가요 아니면 내일 발송하는 건가요
AIHub_LowQualityPhoneVoice_valid__16508,91.66666666666666,50.0,-41.66666666666666,False,아 그렇습니 연결 도와,아,아 그러시면 연결
AIHub_LowQualityPhoneVoice_valid__16509,14.285714285714285,35.714285714285715,21.42857142857143,False,예 우리가 안내 다 합니다,예 예 우리가 안내 다 합니다,예 예 우리 안내사 합니다
AIHub_LowQualityPhoneVoice_valid__16518,34.61538461538461,3.8461538461538463,-30.769230769230766,False,방문하기 가까운 병원을 한 번 확인을 해볼 텐데,강호학이 갔다 온 병원을 한 번 확인을 해 볼 텐데,방문하기 가까운 병원을 한번 확인을 해볼 텐데
AIHub_LowQualityPhoneVoice_valid__16563,53.333333333333336,40.0,-13.333333333333336,False,일단 내가 그러면 여기에다가,일단 내가 가라면 중국에 역에다,일단 내가 그러면 중국에 역에다
AIHub_LowQualityPhoneVoice_valid__16579,17.391304347826086,0.0,-17.391304347826086,False,유기동물 보호센터 연락처 문의 말씀이십니까,요기 동물 보호 센터 연락처 문이 말씀이십니까,유기동물 보호센터 연락처 문의 말씀이십니까
AIHub_LowQualityPhoneVoice_valid__16581,22.22222222222222,16.666666666666664,-5.555555555555557,False,어 자기네들이 수거 안 해 간다고,아 자기네들이 수도 안에 간다고,어 자기네들이 수도 안에 간다고
AIHub_LowQualityPhoneVoice_valid__16587,33.33333333333333,0.0,-33.33333333333333,False,아 예 알겠습니다,어 이해 알겠습니다,아 예 알겠습니다
AIHub_LowQualityPhoneVoice_valid__16601,71.42857142857143,14.285714285714285,-57.142857142857146,False,목련 상가 건너편이요 창원,농량산 다 근접했네요 차원,목영상가 건너편이요 창원
AIHub_LowQualityPhoneVoice_valid__16602,41.66666666666667,8.333333333333332,-33.33333333333334,False,몽정 상가 말씀이십니까,냉정 상관 말씀 있습니까,농정 상가 말씀이십니까
AIHub_LowQualityPhoneVoice_valid__16605,46.15384615384615,7.6923076923076925,-38.46153846153846,False,아 시청에 있는 사람이 모 목련 상가도 모릅니까,아 기초랑 예전에 뭔 뭔 목요일 상가도 모릅니까,아 시청에 있는 사람이 뭐 목면 상가도 모릅니까
AIHub_LowQualityPhoneVoice_valid__16622,35.8974358974359,33.33333333333333,-2.564102564102569,False,연락처 남기지 않으시고 빠른 처리를 원하셨거든요 혹시 업무 가능하실까요,연락도 통하는 단계 아는 아는 시고 빠른 처리 원하셨거든요 혹시 업무 가능하실까요,연락처 성함은 만기 안 해 안 하시고 빠른 처리 원하셨거든요 혹시 업무 가능하실까요
AIHub_LowQualityPhoneVoice_valid__16623,16.3265306122449,10.204081632653061,-6.122448979591837,False,아 그러십니까 아 일단은 그러시면 동으로 접수를 완료했다고 제가 확인을 해도 괜찮으실까요,아 그렇습니까 아 일단은 그러시면 동물의 접시를 완료했다고 제가 확인을 했는지 괜찮으실까요,아 그렇습니까 아 일단은 그러시면 동으로 접수를 완료했다고 제가 확인을 했는데 괜찮으실까요
AIHub_LowQualityPhoneVoice_valid__16631,16.071428571428573,8.928571428571429,-7.142857142857144,False,이제 시작도 안 했는데 정확하게는 나온 안 나오는데 일단 계획상으로는 내년 사 월 그렇게 말씀하시는데,이제 시작도 안 했는데 정확하게는 나왔나오는데 이따 계획상으로는 내년 한 가을 그렇게 말씀하시는데,이제 시작도 안 했는데 정확하게는 나온 나오는데 일단 계획상으로는 내년 한 가을 그렇게 말씀하시는데
AIHub_LowQualityPhoneVoice_valid__16651,0.0,0.0,0.0,False,병원에서 뭐 안 해준다고 하던가요,병원에서 뭐 안 해준다고 하던가요,병원에서 뭐 안 해준다고 하던가요
AIHub_LowQualityPhoneVoice_valid__16665,7.8125,1.5625,-6.25,False,네 칩을 이용하신다면 지정된 동물 병원으로 방문을 해 주셔야 되는데요 혹시 문의하시는 지역구가 어떻게 되시는 건가요,네 칠을 이용하신다면 지정된 분들 병원으로 방문을 해 주셔야 되는데요 혹시 문의하게 지역구가 어떻게 되시는 건가요,네 칩을 이용하신다면 지정된 동물 병원으로 방문을 해주셔야 되는데요 혹시 문의하시는 지역구가 어떻게 되시는 건가요
AIHub_LowQualityPhoneVoice_valid__16666,23.91304347826087,0.0,-23.91304347826087,False,쪽에 등록된 병원이 있는지 확인 후 안내 도와드릴 텐데요 잠시만 기다려 주시겠습니까,쪽에 등록된 병원 있는지 확인료 안내 도와드릴 텐데요 감사의 경우에 주겠습니다,쪽에 등록된 병원이 있는지 확인 후 안내 도와드릴 텐데요 잠시만 기다려 주시겠습니까
AIHub_LowQualityPhoneVoice_valid__16673,21.052631578947366,1.7543859649122806,-19.298245614035086,False,네 그 홈플러스 쪽에 입점해 있는 도그 플러스 동물병원에서 업무 보실 수 있는 것으로 확인되고 있습니다,이케 홈플러스들도 이 점에 있는 도그플러스의 동물 병원에서 업무 보실 수 있는 것으로 확인되고 있습니다,네 그 홈플러스 쪽에 입점해 있는 도그 플러스 동물 병원에서 업무 보실 수 있는 것으로 확인되고 있습니다
AIHub_LowQualityPhoneVoice_valid__16680,34.69387755102041,6.122448979591836,-28.57142857142857,False,진해 구청의 교통과 말씀이십니까 혹시 교통과를 찾으시는 사유가 주정차 관련 문의신 건가요,기내부청에 경제 교통과 말씀이십니까 혹시 교통과를 태도시는 사회가 주장 차 관련된 건가요,진해구청의 경제교통과 말씀이십니까 혹시 교통과를 찾으시는 사유가 주정차 관련 문의신 건가요
AIHub_LowQualityPhoneVoice_valid__16702,42.857142857142854,14.285714285714285,-28.57142857142857,False,네 여보세요 동물 등록증 관련 때문에 전화드렸는데요,에 여보세요 에 아 그 눈물 눈물 증명 관련 때문에 전화드렸는데요,네 여보세요 아 그 동물 등록증 관련 때문에 전화드렸는데요
AIHub_LowQualityPhoneVoice_valid__16712,10.0,0.0,-10.0,False,제가 그때 창원 동물병원에서 했었어요,제가 그때 충원 동물 병원에서 했었어요,제가 그때 창원 동물병원에서 했었어요
AIHub_LowQualityPhoneVoice_valid__16722,100.0,16.666666666666664,-83.33333333333334,False,그쪽에 혹시,쪽이 없이 일,쪽에 혹시
AIHub_LowQualityPhoneVoice_valid__16734,44.44444444444444,0.0,-44.44444444444444,False,네 연결하겠습니다,네 연극 시작하겠습니다,네 연결하겠습니다
AIHub_LowQualityPhoneVoice_valid__16741,90.0,0.0,-90.0,False,무엇을 도와드릴까요,뭐 어떻게 생각하실까요,무엇을 도와드릴까요
AIHub_LowQualityPhoneVoice_valid__16746,90.0,0.0,-90.0,False,무엇을 도와드릴까요,여아주 대화 드립니다,무엇을 도와드릴까요
AIHub_LowQualityPhoneVoice_valid__16773,38.297872340425535,8.51063829787234,-29.787234042553195,False,아 그렇습니까 고객님 저희 담당자 다시 연결 도와드릴 텐데 잠시만 기다려 주시겠습니까,아 그럼 심장님이 네 담당자 다시 연결 도와드릴 텐데 잠시 앉자라 쓰십니까요,아 그렇습니까 선생님 네 담당자 다시 연결 도와드릴 텐데 잠시만 기다려 주시겠습니까
AIHub_LowQualityPhoneVoice_valid__16792,28.57142857142857,0.0,-28.57142857142857,False,네 감사합니다,감사합니다,네 감사합니다
AIHub_LowQualityPhoneVoice_valid__16793,50.0,0.0,-50.0,False,무엇을 도와드릴까요,모아들여와드릴까요,무엇을 도와드릴까요
AIHub_LowQualityPhoneVoice_valid__16806,30.434782608695656,0.0,-30.434782608695656,False,네 정확하십니다 다른 문의 사항 있으십니까,네 다 정확하십니다 다른 문의사 하나 쓰십니까,네 정확하십니다 다른 문의 사항 있으십니까
AIHub_LowQualityPhoneVoice_valid__16815,28.57142857142857,0.0,-28.57142857142857,False,그 내역을 좀 알고 싶어서,그건 여유가 좀 알고 싶어서,그 내역을 좀 알고 싶어서
AIHub_LowQualityPhoneVoice_valid__16839,2.5,0.0,-2.5,False,오늘 오후에 부서에서 문자 발송을 했는데 혹시 문자는 받지 못하신 건가요,오늘 오후에 부사에서 문자 발송을 했는데 혹시 문자는 받지 못하신 건가요,오늘 오후에 부서에서 문자 발송을 했는데 혹시 문자는 받지 못하신 건가요
AIHub_LowQualityPhoneVoice_valid__16864,20.0,0.0,-20.0,False,아니 동물 병원에서만 하는 게 아니고,아니 동물 대학원에서 말하는 게 아니고,아니 동물 병원에서만 하는 게 아니고
AIHub_LowQualityPhoneVoice_valid__16887,0.0,0.0,0.0,False,네 감사합니다,네 감사합니다,네 감사합니다
AIHub_LowQualityPhoneVoice_valid__16888,54.54545454545454,9.090909090909092,-45.454545454545446,False,무엇을 도와 드릴까요,워슬도 하드릴까요,무엇을 도와드릴까요
AIHub_LowQualityPhoneVoice_valid__16889,29.629629629629626,14.814814814814813,-14.814814814814813,False,혹시 인도 보도 블록은 어디다 얘기 해야 되는가요,어 킥도 보도폴로는 어디다 얘기해야 되는가요,혹시 진보 보도블록은 어디다 얘기해야 되는가요
AIHub_LowQualityPhoneVoice_valid__16895,37.5,12.5,-25.0,False,산호 동이시고요,산호동이지구요,산호동이시고요
AIHub_LowQualityPhoneVoice_valid__16896,19.047619047619047,0.0,-19.047619047619047,False,혹시 그 지번 주소로 말씀 가능하실까요,혹시 이 직원 수소로 말씀 가능하실까요,혹시 그 지번 주소로 말씀 가능하실까요
AIHub_LowQualityPhoneVoice_valid__16902,20.0,16.666666666666664,-3.3333333333333357,False,네 혹시 인도 보도 블록이 어떻게 되어 있는 상태입니까,혹시 그 인도 보드 블럭이 어떻게 되어 있는 상태입니까,근데 혹시 그 인도 보도블록이 어떻게 되어 있는 상태입니까
AIHub_LowQualityPhoneVoice_valid__16911,50.0,0.0,-50.0,False,이 번호 그대로 공 일 공,희버노도 그대로 동일공,이 번호 그대로 공 일 공
AIHub_LowQualityPhoneVoice_valid__16923,24.074074074074073,3.7037037037037033,-20.37037037037037,False,네 합포구청 건축과 말씀이십니까 네 실례지만 업무에 따라 담당자가 나뉘어져 있는데요 예 건축물 예,네 핫보고청 건축가 말씀이십니까 네 의사님한 어머니 따라 담당자가 나뉘어져 있는데요 에 건축물 네,네 합포구청 건축과 말씀이십니까 네 실례지만 업무에 따라 담당자가 나뉘어져 있는데요 네 건축물 네
AIHub_LowQualityPhoneVoice_valid__16925,48.0,40.0,-8.0,False,아닙니다 그 우리 개보수에 대해서 여쭤보려고요,아닌가 우리 개로수에 대해서 좀 의미가,아닙니다 우리 재고 수에 대해서 여쭤 보는 거예
AIHub_LowQualityPhoneVoice_valid__16934,8.108108108108109,8.108108108108109,0.0,False,네 해당 업무 관련해서는 구청의 안전건설과에서 업무를 보고 있는데요,네 해당 업무 관련해서는 부천이 안전건설과에서 업무를 보고 있는데요,해당 업무 관련해서는 구청이 안전건설과에서 업무를 보고 있는데요
AIHub_LowQualityPhoneVoice_valid__16950,25.0,5.0,-20.0,False,네 동물 등록 지정 병원 말씀이십니까,네 동물들도 규정병원 말씀이십니까,네 동물 등록 규정 병원 말씀이십니까
AIHub_LowQualityPhoneVoice_valid__16951,0.0,0.0,0.0,False,지금 확인하시고자 하는 지역이 어떻게 되십니까,지금 확인하시고자 하는 지역이 어떻게 되십니까,지금 확인하시고자 하는 지역이 어떻게 되십니까
AIHub_LowQualityPhoneVoice_valid__16953,18.51851851851852,7.4074074074074066,-11.111111111111112,False,의창구 도계동이시고요 예 알겠습니다 지정 병원 확인해서 안내드릴 텐데요 잠시만 기다려 주시겠습니까,외삼구 도계동이시구요 예 예겠습니다 그 주장 병원 확인해서 안 내드릴 텐데요 잠시만 기다려 주겠습니까,의창구 도계동이시고요 네 알겠습니다 그 지정병원 확인해서 안내드릴 텐데요 잠시만 기다려 주시겠습니까
AIHub_LowQualityPhoneVoice_valid__16973,0.0,0.0,0.0,False,네 맞습니다,네 맞습니다,네 맞습니다
AIHub_LowQualityPhoneVoice_valid__16994,3.8461538461538463,3.8461538461538463,0.0,False,예 수고하십니다 그 오토바이 보조금 관련해가지고,예 수고하십니다 그 오토바이 보조공 관련해가지고,예 수고하십니다 그 오토바이 보조금 관련해 가지고
AIHub_LowQualityPhoneVoice_valid__17009,27.586206896551722,8.620689655172415,-18.96551724137931,False,네 현재 문의 주신 내용 확인을 해보니 이제 칠 월 삼 일에 네 선발자 발표가 되는 것으로 확인이 되고요,네 네 문제 수준 내용 확인을 내보논 일 칠 월 삼 일에 예선 발사 발표가 되는 것으로 확인되구요,네 현재 문의주신 내용 확인을 해보니 이게 칠 월 삼 일에 내선 발자 발표가 되는 것으로 확인이 되고요
AIHub_LowQualityPhoneVoice_valid__17017,0.0,0.0,0.0,False,네 맞습니다,네 맞습니다,네 맞습니다
AIHub_LowQualityPhoneVoice_valid__17019,0.0,0.0,0.0,False,네 다른 궁금하신 내용 있으십니까,네 다른 궁금하신 내용 있으십니까,네 다른 궁금하신 내용 있으십니까
AIHub_LowQualityPhoneVoice_valid__17023,13.461538461538462,5.769230769230769,-7.6923076923076925,False,어 이 여기다가 이런 얘기를 하면 해도 되는지 모르겠는데요 여기 마산 여기 진북 공단 있잖아요,어 여기다가 이런 얘기를 하면 해도 되는지 모르겠는데요 에 여기 마산 여기 침묵공단 있잖아요,어 이 여기다가 이런 얘기를 하면 해도 되는지 모르겠는데요 여기 마산 여기 침부공단 있잖아요
AIHub_LowQualityPhoneVoice_valid__17024,16.666666666666664,16.666666666666664,0.0,False,마 마산 진동 그 옆에 진북 공단,마 마산 신동 그 옆에 침부 공단,마산 진동 그 옆에 진북공단
AIHub_LowQualityPhoneVoice_valid__17026,15.789473684210526,5.263157894736842,-10.526315789473685,False,진북 산업 공단이라고 있거든요 크게,신복 산업 공간이라고 있거든요 크게,진북 산업 공간이라고 있거든요 크게
AIHub_LowQualityPhoneVoice_valid__17039,33.33333333333333,25.0,-8.333333333333329,False,인터넷에 보니까 뭐 구청에서나 어디 뭐 바로 된다는 얘기 나오던데,인터넷에 보니까 뭐 고천에스나 그서 방학 된다는 거 나오는데,인터넷에 보니까 뭐 구청에서나 어디 뭐 방에서 방에서 된다는 거긴 나오던데
AIHub_LowQualityPhoneVoice_valid__17049,50.0,4.166666666666666,-45.833333333333336,False,봉곡동이시고요 네 잠시만 기다려 주시겠습니까,동석도 미시고 연에 잠잠 안 기다려주시겠습니까,동곡동이시고요 네 잠시만 기다려 주시겠습니까
AIHub_LowQualityPhoneVoice_valid__17054,30.0,20.0,-10.0,False,일단은 성원 아파트라고 말씀하셨습니까,일단은 선생님 성호박 아파트라고 말씀하셨습니까,일단은 선생님 성원 아파트라고 말씀하셨습니까
AIHub_LowQualityPhoneVoice_valid__17058,42.857142857142854,10.714285714285714,-32.14285714285714,False,네 네 네 그래서 좀 담당자랑 좀 통화하고 싶어서요,네 네 네 그래도 좀 그 삼 정돈들도 동화하고 싶었어요,네 네 네 그래서 좀 그 담당자님 좀 통화하고 싶어서요
AIHub_LowQualityPhoneVoice_valid__17065,23.809523809523807,0.0,-23.809523809523807,False,네 죄송하지만 연결 좀 부탁드리겠습니다,네 교수님께 연결 좀 부탁드리겠습니다,네 죄송하지만 연결 좀 부탁드리겠습니다
AIHub_LowQualityPhoneVoice_valid__17066,100.0,0.0,-100.0,False,무엇을 도와드릴까요,뭐 세워하드려야 할까요,무엇을 도와드릴까요
AIHub_LowQualityPhoneVoice_valid__17068,14.285714285714285,14.285714285714285,0.0,False,네 대학생 아르바이트 발표 말씀이십니까,네 대학생 아르바이트 말씀이십니까,네 대학생 아르바이트 말씀이십니까
AIHub_LowQualityPhoneVoice_valid__17079,25.0,0.0,-25.0,False,아 네 다른 궁금하신 내용 있으십니까,네 다른 분 구하신 내용 있으십니까,아 네 다른 궁금하신 내용 있으십니까
AIHub_LowQualityPhoneVoice_valid__17083,35.294117647058826,0.0,-35.294117647058826,False,네 혹시 위치가 어떻게 되실까요,에 위치가 어떻게 되세요,네 혹시 위치가 어떻게 되실까요
AIHub_LowQualityPhoneVoice_valid__17092,33.33333333333333,16.666666666666664,-16.666666666666664,False,어 네 계속 침하가 되고 있는 네 자리이네요,아 내 계속 주말가 되고 있는 내 자리인에야,아 네 계속 지나가 되고 있는 네 자리네요
AIHub_LowQualityPhoneVoice_valid__17102,9.67741935483871,6.451612903225806,-3.225806451612904,False,아 그렇습니까 혹시 그 메모 전달 부탁드려도 괜찮으실까요,아 그렇습니까 혹시 메모 장달 부탁드려도 괜찮으실까요,아 그렇습니까 혹시 메모 전달 부탁드려도 괜찮으실까요
AIHub_LowQualityPhoneVoice_valid__17111,13.636363636363635,4.545454545454546,-9.09090909090909,False,네 대학생 아르바이트 발표일 말씀이십니까,예 대학생 아르바이트의 발표에 말씀이십니까,네 대학생 아르바이트 발표율 말씀이십니까
AIHub_LowQualityPhoneVoice_valid__17121,60.0,0.0,-60.0,False,좋은 오후 되십시오,좋은 어린이집시,좋은 오후 되십시오
AIHub_LowQualityPhoneVoice_valid__17124,50.0,10.0,-40.0,False,네 그 창원 시청에,여기 차원시청에,네 그 창원시청에
AIHub_LowQualityPhoneVoice_valid__17148,17.46031746031746,14.285714285714285,-3.174603174603174,False,네 일단은 구청에서는 업무가 어려우시구요 지정 동물병원으로 방문하셔야지 내 외장형 인식표 내외 시술이 가능하십니다,네 저는 구청에서는 업무가 어려우시고요 지정보물병원으로 방문하셔야지 뇌외장형 인식표 시술이 가능하십니다,네 선생님 구청에서는 업무가 어려우시고요 지정 동물병원으로 방문하셔야지 그 내외 외장형 인식표 예 시술이 가능하십니다
AIHub_LowQualityPhoneVoice_valid__17156,14.705882352941178,11.76470588235294,-2.9411764705882373,False,네 그 대학생 아르바이트 그 하는 여름방학에 하는 거 있잖아요,내 그 대학생 아르바이트 그 하는 이런 방학이 하는 거 있잖아요,네 그 대학생 아르바이트 그 하는 이런 방학이 하는 거 있잖아요
AIHub_LowQualityPhoneVoice_valid__17157,50.0,5.555555555555555,-44.44444444444444,False,네 대학생 아르바이트 말씀하십니까,에이 대학생 아르바이트나,네 대학생 아르바이트 말씀이십니까
AIHub_LowQualityPhoneVoice_valid__17200,0.0,17.647058823529413,17.647058823529413,False,네 데리고 방문을 하셔야 됩니다,네 데리고 방문을 하셔야 됩니다,네 대립구 방문을 하셔야 됩니다
AIHub_LowQualityPhoneVoice_valid__17206,9.523809523809524,0.0,-9.523809523809524,False,어 네 여기가 담당자가 맞습니다 선생님,어 네 여기가 담당자가 많습니다 선생님님,어 네 여기가 담당자가 맞습니다 선생님
AIHub_LowQualityPhoneVoice_valid__17211,14.285714285714285,0.0,-14.285714285714285,False,예 고맙습니다,네 고맙습니다,예 고맙습니다
AIHub_LowQualityPhoneVoice_valid__17214,25.0,0.0,-25.0,False,아 수고하십니다,아 수고하셨습니다,아 수고하십니다
AIHub_LowQualityPhoneVoice_valid__17226,2.7777777777777777,0.0,-2.7777777777777777,False,네 맞습니다 그리고 내일 한 번 더 공고문 확인을 부탁드리겠습니다,네 맞습니다 그리고 내일 한 번 더 공고문 확인해 부탁드리겠습니다,네 맞습니다 그리고 내일 한 번 더 공고문 확인을 부탁드리겠습니다
AIHub_LowQualityPhoneVoice_valid__17234,70.58823529411765,23.52941176470588,-47.05882352941177,False,네 네 좋은 오후 시간 되십시오,네 다섯 여백에 조원호씨 반대십시오,네 선생님 네 좋은 오후 시간 되십시오
AIHub_LowQualityPhoneVoice_valid__17241,19.230769230769234,11.538461538461538,-7.692307692307695,False,네 우선 죄송하지만 구산중학교라고 말씀하셨습니까,네 우선 죄송하지 마고 삼 중학교라고 말씀하셨습니까,네 선생님 죄송하지만 구산중학교라고 말씀하셨습니까
AIHub_LowQualityPhoneVoice_valid__17250,11.76470588235294,5.88235294117647,-5.88235294117647,False,네 수상과 전화번호 말씀이십니까,네 최상과 전화번호 말씀십니까,네 수산과 전화번호 말씀이십니까
AIHub_LowQualityPhoneVoice_valid__17251,15.384615384615385,0.0,-15.384615384615385,False,네 그럼 실례지만 업무별로 담당자가 많이 나뉘어져 있는데요 어떤 업무 담당자로 안내를 드릴까요,네 그 신림은 업무들로 담당자가 많이 나뉘어져 있는데요 어떤 업무 담당자로 안내려드릴까요,네 그럼 실례지만 업무별로 담당자가 많이 나뉘어져 있는데요 어떤 업무 담당자로 안내를 드릴까요
AIHub_LowQualityPhoneVoice_valid__17256,0.0,0.0,0.0,False,네 다른 궁금하신 내용 있으십니까,네 다른 궁금하신 내용 있으십니까,네 다른 궁금하신 내용 있으십니까
AIHub_LowQualityPhoneVoice_valid__17258,90.0,0.0,-90.0,False,무엇을 도와드릴까요,뭐 쓸 도어드는 일이라,무엇을 도와드릴까요
AIHub_LowQualityPhoneVoice_valid__17261,25.0,0.0,-25.0,False,예 예 맞습니다,예 이해 맞습니다,예 예 맞습니다
AIHub_LowQualityPhoneVoice_valid__17281,9.090909090909092,6.8181818181818175,-2.2727272727272743,False,네 아니시면 인제 가까운 지정 병원으로 방문하셔도 동물 등록 업무가 가능하십니다,네 아니 씨는 인제 가까운 지정병원으로 방문하셔도 동물 등록 업무가 가능하십니다,네 아니시면 인제 가까운 지정 병원으로 방문하셔도 이제 동물 등록 업무가 가능하십니다
AIHub_LowQualityPhoneVoice_valid__17285,8.0,12.0,4.0,False,동물 보호 관리 시스템으로 검색을 하시면 네 여기에 이제 지정 동물병원 확인이 가능하십니다,동물 보호 관리 시스템으로 검색을 하시면 네 여는 이제 추정 동물 병원 확인이 가능하십니다,동물보호관리시스템으로 검색을 하시면 네 거기에 이제 주정동물병원 확인이 가능하십니다
AIHub_LowQualityPhoneVoice_valid__17317,14.285714285714285,10.714285714285714,-3.571428571428571,False,이제 그 지정이 되어 있는 그 애완 병원 쪽으로 방문을 하셔서 등록 신청을 하시고 그 내장 외장 시술 방법을 선택하셔서 시술을 하시면 그 이제 동물병원 측에서 그 담당 부서로 이제 신청서 전달이 되구요,이 지정되어 있는 애완부 병원 쪽으로 방문을 하셔서 등록신성을 하시고 그 내장 대장 시술 방법을 선택하셔서 시술을 하시면 이게 동물병원 측에서 그 담당 부사로 이제 신성서 전달이 되구요,이게 그 지정되어 있는 그 애완 그 병원 쪽으로 방문을 하셔서 등록 신청을 하시고 그 내장 내장 실수 방법을 선택하셔서 실수를 하시면 그 이제 동물병원 측에서 그 담당 부서로 이제 신청서 전달이 되고요
AIHub_LowQualityPhoneVoice_valid__17324,0.0,0.0,0.0,False,아 네 많이 기다려 주셔서 감사합니다,아 네 많이 기다려 주셔서 감사합니다,아 네 많이 기다려 주셔서 감사합니다
AIHub_LowQualityPhoneVoice_valid__17327,57.14285714285714,42.857142857142854,-14.285714285714285,False,아 그런 분들은 아니시구요,와 그런 부분은 안 쉽냐,아 그런 부분이 많으시고요
AIHub_LowQualityPhoneVoice_valid__17335,68.75,62.5,-6.25,False,뭐 별 상관없습니다 아무 데나,어 네 잘 왔습니다,네 없어요 상관없습니다
AIHub_LowQualityPhoneVoice_valid__17345,13.043478260869565,13.043478260869565,0.0,False,동물 보호 관리 시스템이라는 홈페이지인데요,동물 보호 관리 시스템이라는 홈페이진데야,동물보호관리시스템이라는 홈페이지인데요
AIHub_LowQualityPhoneVoice_valid__17366,47.05882352941176,5.88235294117647,-41.17647058823529,False,제가 한 번 확인을 해 드릴 텐데요 잠시만 기다려 주시겠습니까,제가 뭐 하기는 해드릴게요 인데요 잠시만 기다려 주실 수 있을까,제가 한 번 확인을 해드릴 텐데요 잠시만 기다려주시겠습니까
AIHub_LowQualityPhoneVoice_valid__17371,42.10526315789473,10.526315789473683,-31.578947368421048,False,아 네 전화번호가 남양종합동물병원은,내 전화번호가 남양 종합동물 영어는,아 네 전화번호가 남양 종합동물 병원은
AIHub_LowQualityPhoneVoice_valid__17377,40.0,25.0,-15.0,False,의창구 쪽으로는 여기는 모르시는 거죠,그 현구적으로는 여긴 모르시는 거자,그 창구 쪽으로는 그냥 여기는 모르시는 거죠
AIHub_LowQualityPhoneVoice_valid__17393,71.42857142857143,23.809523809523807,-47.61904761904762,False,아 예 수고합니다 뭐 하나 물어보이시더,아이 중간돈도 안 물어봐 있다,아 예 수고합니다 뭐 하나 물어봐라 일단
AIHub_LowQualityPhoneVoice_valid__17420,43.75,0.0,-43.75,False,병원을 좀 안내를 도와드릴까요,방원을 완매를 도와줄일까요,병원을 좀 안내를 도와드릴까요
AIHub_LowQualityPhoneVoice_valid__17433,25.0,0.0,-25.0,False,고거 저 칠 월 사 일 날 뭐 발표하는 게 있거든요,고거 저 시월 자일로뭐 발표하는 게 있거든요,고거 저 칠 월 사 일 날 뭐 발표하는 게 있거든요
AIHub_LowQualityPhoneVoice_valid__17445,10.526315789473683,5.263157894736842,-5.263157894736842,False,아 그럼 마산 농업기술센터 담당자 쪽으로 한 번 연결을 해 보겠습니다,아 그럼 마산용업 기술센터 담당자 쪽으로 한 번 연결은 해 보겠습니다,아 그럼 마산 농업 기술센터 담당자 쪽으로 한 번 연결을 해보겠습니다
AIHub_LowQualityPhoneVoice_valid__17449,25.925925925925924,11.11111111111111,-14.814814814814813,False,네 선생님 대표 전화 받고 있는 민원 콜센터입니다,네 의사 선생님 대표 전화 받고 있는 미당 컨터입니다,네 선생님 대표번호 받고 있는 민원 콜센터입니다
AIHub_LowQualityPhoneVoice_valid__17461,19.047619047619047,7.936507936507936,-11.11111111111111,False,네 그래서 따로 이렇게 어떤 지원 정책을 혹시라도 이제 유기동물 입양하시면은 또 지원금이 나가는 부분들이 있는데요,네 그래서 이 따로 이렇게 어떤 지원 정책은 혹시라도 이렇게 유지 동물 일당 하시냐는 또 지원금이 나가는 부분들이 있는데요,네 그래서 그 따로 이렇게 어떤 지원 정책은 혹시라도 이제 유기동물 이장하시면은 또 지원금이 나가는 부분들이 있는데요
AIHub_LowQualityPhoneVoice_valid__17465,11.864406779661017,6.779661016949152,-5.084745762711865,False,제가 이 부서가 농업 기술 센터라는 곳에서 업무를 보고 계시는데요 제가 한번 담당자에게 한번 확인을 해보고,가 이 부서가 농업 기술 센터라는 곳에서 업무를 보고 계시는데요 대마서 담당자에게 한 번 확인을 해보고,제가 이 부서가 농업기술센터라는 곳에서 업무를 보고 계시는데요 제가 한 번 담당자에게 한 번 확인을 해보고
AIHub_LowQualityPhoneVoice_valid__17473,62.5,6.25,-56.25,False,그 저 뭐 여쭤볼려고 그라는데,그 저번 저번에 요번에 하는데,그 저 뭐 여쭤볼려고 그러는데
AIHub_LowQualityPhoneVoice_valid__17489,33.33333333333333,0.0,-33.33333333333333,False,아 네 더 궁금하신 점 있으십니까,아 내가 승부하신 분 있으십니까,아 네 더 궁금하신 점 있으십니까
AIHub_LowQualityPhoneVoice_valid__17493,68.42105263157895,21.052631578947366,-47.368421052631575,False,네 선생님 반려견 등록 말씀이십니까,아 선생님이 발열이 어떻게 들어올까,아 네 선생님 반려견 특목 말씀이십니까
AIHub_LowQualityPhoneVoice_valid__17496,10.666666666666668,5.333333333333334,-5.333333333333334,False,그 홈페이지에 직접 접속을 하셔서 선생님의 그 주소지 지역구를 선택을 하신 후에 검색을 해 주셔서 가까운 곳으로 내방을 해주셔야 되고요,그 홈페이지에 직접 접속을 하셔서 선생님에 이제 소지 지역구를 선택을 하신 후에 검색을 해주셔서 가까운 곳으로 내바만 해주셔야 되구요,그 홈페이지에 직접 접속을 하셔서 선생님의 이제 기소지 지역구를 선택을 하신 후에 검색을 해주셔서 가까운 곳으로 내방을 해주셔야 되고요
AIHub_LowQualityPhoneVoice_valid__17503,6.25,3.125,-3.125,False,끝나는 거예요 아니면 다시 뭐 방문해서 신청하고 해야 돼요,끝나는 거야 아니면 다시 뭐 방문해서 신청하고 해야 돼요,끝나는 거요 아니면 다시 뭐 방문해서 신청하고 해야 돼요
AIHub_LowQualityPhoneVoice_valid__17521,0.0,0.0,0.0,False,네 알겠습니다,네 알겠습니다,네 알겠습니다
AIHub_LowQualityPhoneVoice_valid__17529,53.333333333333336,6.666666666666667,-46.66666666666667,False,철근이 떨어져 있다고 합니다,표근이 따로 되자 겁니다,철금이 떨어져 있다고 합니다
AIHub_LowQualityPhoneVoice_valid__17530,100.0,14.285714285714285,-85.71428571428572,False,아 알겠습니다,네,네 알겠습니다
AIHub_LowQualityPhoneVoice_valid__17553,24.705882352941178,2.3529411764705883,-22.35294117647059,False,네 선생님 우선 주변에 이제 가음동 시립 어린이집 인근 쪽으로 불법 광고물 배부되는 것으로는 성산구청 광고물 담당으로 접수 완료된 것으로 확인되고 있고요,네 그래서 우선 주변에 내 가엄동 시립 어린이집 인근 쪽으로 물가관곰을 대부되는 것으로는 상상부창 관곰을 담당으로 접수 완료된 것으로 확인되고 있구요,네 선생님 우선 주변에 이제 가음동 시립 어린이집 인근 쪽으로 문법 광고물 배부되는 것으로는 성산구청 광고물 담당으로 접수 완료된 것으로 확인되고 있구요
AIHub_LowQualityPhoneVoice_valid__17559,7.142857142857142,1.7857142857142856,-5.357142857142857,False,네 선생님 구청으로 내방하시면 업무가 조금 어려우실 수 있고요 현재 주소지가 성산구 지역이 맞으십니까,네 선생님 구청으로 내당하시면 업무가 조금 어려우실 수 있구요 현지 주소지가 성장구 지역이 맞으십니까,네 선생님 구청으로 내방하시면 업무가 조금 어려우실 수 있구요 현재 주소지가 성산구 지역이 맞으십니까
AIHub_LowQualityPhoneVoice_valid__17595,17.02127659574468,12.76595744680851,-4.25531914893617,False,아 그러면 죄송한데 지금 여기 여기 어 여기 동사무소를 뭐라 하지 주 주민센터라 하나,아 그러면 죄송한데 지금 여기 여기 어 이 동사무사를 뭐라 하지 주 주민등터란,아 그러면 죄송한데 지금 여기 여기 어 이 동사무소를 뭐라 하지 주민센터라나
AIHub_LowQualityPhoneVoice_valid__17617,27.906976744186046,16.27906976744186,-11.627906976744185,False,어 저희가 그때 기간제 뭐 근로자 청소하시는 분들을 뽑으 신 뽑은 적은 있는데,어 저희가 그때 기관지 근로자 뭐 처음 가시는 분들을 뽑으신 뽑는 적은 있는데,어 저희가 지 그때 기간제 근로자 뭐 청소하시는 분들을 뽑으신 뽑은 적은 있는데
AIHub_LowQualityPhoneVoice_valid__17634,19.696969696969695,3.0303030303030303,-16.666666666666664,False,선생님 지금 키우고 계시는 반려견 네 등록 인식표나 내장 또는 외장 칩이 부착이나 삽입이 된 상태는 아니신 게 맞습니까,선생님 지금 키우고 계시던 반려견 내 등록금 식회나 내장 또는 내장실이 부착이나 합의된 상대는 아니신 게 맞습니까,선생님 지금 키우고 계시는 반려견 네 등록 인식표나 내장 또는 외장 칩이 부착이나 사립이 된 상태는 아니신 게 맞습니까
AIHub_LowQualityPhoneVoice_valid__17641,16.666666666666664,0.0,-16.666666666666664,False,모든 병원에서 등록이 가능한 것은 아니시고요,호두엄 병원에서 등록이 가능한 것은 아니시구요,모든 병원에서 등록이 가능한 것은 아니시고요
AIHub_LowQualityPhoneVoice_valid__17645,19.35483870967742,3.225806451612903,-16.129032258064516,False,아 우리가 거기 다니고 있으니까 거기 가서 하면 되겠네요,아 우리가 끄기 다니고 있으니까 끄기가 사면 되겠네,아 우리가 거기 다니고 있으니까 거기 가서 하면 되겠네
AIHub_LowQualityPhoneVoice_valid__17650,15.0,0.0,-15.0,False,선생님 죄송합니다만 지금 개인 사유지에 있는 동물 사체에 대해서는요 구청에서 따로 도움을 드리기가 어렵습니다,사장님 죄송합니다만 지금 개인 상위제에 있는 동물 사체에 대해선 이여 구청에서 따로 도움을 드리기가 어렵습니다,선생님 죄송합니다만 지금 개인 사유지에 있는 동물 사체에 대해서는요 구청에서 따로 도움을 드리기가 어렵습니다
AIHub_LowQualityPhoneVoice_valid__17655,4.054054054054054,0.0,-4.054054054054054,False,선생님 저도 정말 도움을 드리고 싶습니다만 따로 도와드릴 수 있는 부서나 인력이 없어서 네 구조를 드리기는 조금 어렵습니다 죄송합니다,사장님 저도 정말 도움을 드리고 싶습니다만 따로 도와드릴 수 있는 부서나 인력이 없어서 네 구조를 드리는 조금 어렵습니다 죄송합니다,선생님 저도 정말 도움을 드리고 싶습니다만 따로 도와드릴 수 있는 부서나 인력이 없어서 네 구조를 드리기는 조금 어렵습니다 죄송합니다
AIHub_LowQualityPhoneVoice_valid__17674,66.66666666666666,0.0,-66.66666666666666,False,네 맞습니다,네 네 네,네 맞습니다
AIHub_LowQualityPhoneVoice_valid__17680,2.380952380952381,2.380952380952381,0.0,False,네 맞습니다 동물 병원으로 반려동물과 함께 방문하셔 가지고 등록하시게 되면은,네 맞습니다 동물 병원으로 반려동물과 함께 방문하셔가지고 등록하시게 되면은,네 맞습니다 동물 병원으로 반려 동물과 함께 방문하셔 가지고 등록하시게 되면은
AIHub_LowQualityPhoneVoice_valid__17685,11.320754716981133,1.8867924528301887,-9.433962264150944,False,네 받아가시면 됩니다 혹시 등록 대행업체 확인할 수 있는 동물보호 관리 시스템 사이트가 있는데요,네 받아가시면 됩니다 혹시 등록트 앵업에 확인할 수 있는 동물고 관리 시스템 사이트가 있는데요,네 받아가시면 됩니다 혹시 등록 대행업체 확인할 수 있는 동물 보호 관리 시스템 사이트가 있는데요
AIHub_LowQualityPhoneVoice_valid__17691,6.666666666666667,6.666666666666667,0.0,False,네 잠시만 기다려주시겠습니까,네 잠시만 기다려시겠습니까,네 잠시만 기다려 주시겠습니까
AIHub_LowQualityPhoneVoice_valid__17716,23.52941176470588,7.563025210084033,-15.966386554621847,False,수수료 감면되는 것이 이제 그 보통 장애인 보조견은 전액 감면이 되고 네 유기동물 이장을 하시거나 이제 기초생활수급자나 무선 식별 장치 이제 기 장착 또는 분실 재등록 같은 경우에는 오십 퍼센트 감면 대상이 되고요,수수료가 일하은 되는 것이 이제 그 보통 장애인 도서견을 전액 감면이 되고 이제 유기동물 이상을 하시거나 이제 기초생활 수급도가 우수한 식대상치 이제 기 장삭돈을 분실 제동목 같은 경우에는 오십 퍼센트 감면 대상이 되구요,수수료 감면 되는 것이 이제 그 보통 장애인 보조견은 전액 감면이 되고 이제 유기동물 이장을 하시거나 이제 기초생활 수급자나 무수한 식자잘치 이제 기 장착 또는 분실 재등록 같은 경우에는 오십 퍼센트 감면 대상이 되고요
AIHub_LowQualityPhoneVoice_valid__17756,20.689655172413794,1.7241379310344827,-18.96551724137931,False,통화 대기 중에 있고요 외장형 무선 식별 장치 부착하는 동물병원 정보를 문의하시는데 연결드려도 되겠습니까,통화되기 중이 있구요 외장형 무선 식대화장치 부터카면 동물병원 정보를 문의하시는데 명절 드려도 되겠습니까,통화 대기 중에 있구요 외장형 무선 식별 장치 부착하는 동물병원 정보를 문의하시는데 연결드려도 되겠습니까
AIHub_LowQualityPhoneVoice_valid__17763,61.53846153846154,23.076923076923077,-38.46153846153847,False,여기 신흥동 아파트거든요,여기 여기 신현동 앞 같아거든요,여기 여기 신흥동 아파트거든요
AIHub_LowQualityPhoneVoice_valid__17776,38.70967741935484,22.58064516129032,-16.12903225806452,False,도로가 도로가 많이 파여 있습니다 그 핀홀 현상이죠 아마,도로가 도로가 말 다 했습니다 피누 현상이잖아,도로가 도로가 많이 파있습니다 그 피놀 현상이잖아
AIHub_LowQualityPhoneVoice_valid__17778,44.827586206896555,13.793103448275861,-31.034482758620694,False,뭐 딱 횡단보도거든요 거 도로 차 댕길 때도 불편하고,뭐 딱히 인당 보도거든요 그 더러 사백 년째도 불편하고,뭐 딱 횡단보도거든요 그 도로 차를 입을 때도 불편하고
AIHub_LowQualityPhoneVoice_valid__17780,30.18867924528302,1.8867924528301887,-28.30188679245283,False,아 선생님 그러시면 말씀해 주신 위치가 내서 농협 상곡지점 바로 앞에 있는 횡단보도라고 하셨고요,아 솔직히 그저기 말 말씀해주시는 위치가 뇌서 농협 삼 국 지도 바로 앞에 있는 횡단보도라고 하셨고요,아 선생님 그러시면 말씀해 주신 위치가 내서 농협 산곡지점 바로 앞에 있는 횡단보도라고 하셨고요
AIHub_LowQualityPhoneVoice_valid__17790,7.246376811594203,4.3478260869565215,-2.8985507246376816,False,여기 횡단보도가 두 개 있는데 아파트랑 사이에 있는 그 횡단보도에 지금 중간중간 굉장히 많이 파여 있다고 보수 요청하셨습니다,이게 횡단보도가 두 대 있는데 아파트랑 사이에 있는 그 횡단보도에 지금 중간 중간 굉장히 많이 파여 있다고 고수 요청하셨습니다,이게 횡단보도가 두 개 있는데 아파트랑 사이에 있는 그 횡단보도에 지금 중간 중간 굉장히 많이 파여 있다고 보수 요청하셨습니다
AIHub_LowQualityPhoneVoice_valid__17792,10.526315789473683,0.0,-10.526315789473683,False,네 수고 부탁드리겠습니다 감사합니다,네 수고 못 부탁드리겠습니다 감사합니다,네 수고 부탁드리겠습니다 감사합니다
AIHub_LowQualityPhoneVoice_valid__17816,19.17808219178082,0.0,-19.17808219178082,False,그 두 개를 다 전화해 봤는데 종류가 칩밖에 없다고 하던데 병원에서는 이제 칩밖에 못 쓴다고 그렇게 뭐 바뀌었다 하던데 일 년 전에,그 두 개를 다 전화해봤는데 종류가 칠 바퀴었다고 하던데 병원에서는 이제 칠 바퀴 못 쓴다고 그렇게 해서 바꼈다 하던데 일 년 전에,그 두 개를 다 전화해 봤는데 종류가 칩밖에 없다고 하던데 병원에서는 이제 칩밖에 못 쓴다고 그렇게 뭐 바뀌었다 하던데 일 년 전에
AIHub_LowQualityPhoneVoice_valid__17834,20.833333333333336,0.0,-20.833333333333336,False,근로자 할 때 근로 말씀하시는 거 맞으신가요,근로자에게 근로 말씀하시는 거 같으신가요,근로자 할 때 근로 말씀하시는 거 맞으신가요
AIHub_LowQualityPhoneVoice_valid__17852,52.94117647058824,5.88235294117647,-47.05882352941177,False,예 더 궁금하신 사항 있으십니까,에 또 공부하신 사람이 드십니다,네 더 궁금하신 사항 있으십니까
AIHub_LowQualityPhoneVoice_valid__17864,18.072289156626507,0.0,-18.072289156626507,False,네 기다려 주셔서 감사합니다 만약에 이천 십 구 년 겨울방학 대학생 아르바이트에 참여를 하셨다고 하시면 여기에 참여하셨던 분들은 참여가 불가능하십니다,네 기다려주셔서 감사합니다 만약에 이천 십 구 년 겨울 방학에 아르바이트에 참여를 하셨다고 하시면 여기 찾아왔을 때 문제는 참여가 불가능하십니다,네 기다려 주셔서 감사합니다 만약에 이천 십 구 년 겨울방학 대학생 아르바이트에 참여를 하셨다고 하시면 여기에 참여하셨던 분들은 참여가 불가능하십니다
AIHub_LowQualityPhoneVoice_valid__17868,37.5,0.0,-37.5,False,내일 발표합니다,내일 날씨 합니다,내일 발표합니다
AIHub_LowQualityPhoneVoice_valid__17869,0.0,0.0,0.0,False,네 알겠습니다,네 알겠습니다,네 알겠습니다
AIHub_LowQualityPhoneVoice_valid__17872,20.37037037037037,3.7037037037037033,-16.666666666666668,False,그 사람이 다니는 인도에 차가 지나가고 하니까 이게 위험하거든예 그래서 그 어디에 문의해야 됩니까,그 사람이 다니는 인도에 차가 지나가고 합니다 이게 위는 막거든요 그래서 그 리엠이 해야 됩니까,그 사람이 다니는 인도에 차가 지나가고 합니다 이게 위험하거든예 그래서 그 어디에 문의해야 됩니까
AIHub_LowQualityPhoneVoice_valid__17877,55.55555555555556,0.0,-55.55555555555556,False,예 그 옆에 보면,예 그 일태곰이야,예 그 옆에 보면
AIHub_LowQualityPhoneVoice_valid__17889,90.0,60.0,-30.0,False,하루에 수십 대씩예,아 우리 조소 대신이야,바로 수수대신예
AIHub_LowQualityPhoneVoice_valid__17912,40.0,28.57142857142857,-11.42857142857143,False,그 길을 길을 새로 내던데 그것 땜에 문의 좀 드릴라고 그러는데,키를 키를 새로 냈는데 그것 때문에 문을 좀 드릴라 그러더니,그 길을 길을 서른 여던데 그것 때문에 문의 좀 드리려고 그러거든요
AIHub_LowQualityPhoneVoice_valid__17915,39.473684210526315,2.631578947368421,-36.8421052631579,False,네 바로 합포구청 안전건설과 연결해 볼 텐데 잠시만 기다려주시겠습니까,네 바로 학원 통화 완전 검사학과 연결해볼 텐데 잠시만 기다려 주실 위니까,네 바로 합포구청 안전건설과 연결해 볼 텐데 잠시만 기다려 주시겠습니까
AIHub_LowQualityPhoneVoice_valid__17923,4.545454545454546,4.545454545454546,0.0,False,아 고기에 뒤에 주차장 말입니까 그 앞에,아 거기에 뒤에 주차장 말입니까 그 앞에,아 거기에 뒤에 주차장 말입니까 그 앞에
AIHub_LowQualityPhoneVoice_valid__17933,15.789473684210526,2.631578947368421,-13.157894736842104,False,진출입 건물 진출입이나 이런 게 아니기 때문에 길과 길 사이에 있는데,김출인 근무진 출입이나 이런 게 아니기 때문에 길과 길 사이에 있는데,진출인 건물 진출입이나 이런 게 아니기 때문에 길과 길 사이에 있는데
AIHub_LowQualityPhoneVoice_valid__17943,77.77777777777779,11.11111111111111,-66.66666666666667,False,무엇 도와드릴까요,뭐 어떻게 하드릴까요,무엇을 도와드릴까요
AIHub_LowQualityPhoneVoice_valid__17949,34.375,25.0,-9.375,False,그 다이노스 오늘 야구 태풍으로 취소를 하는지 말씀이십니까,그 닮았어요 오늘 야구 채소를 하는 지 말씀이십니까,혹시 오늘 야구 채권으로 취소를 하는지 말씀이십니까
AIHub_LowQualityPhoneVoice_valid__17959,47.05882352941176,0.0,-47.05882352941176,False,네 더 궁금하신 사항 있으십니까,네 너 그 포화 신청이 있으십니까,네 더 궁금하신 사항 있으십니까
AIHub_LowQualityPhoneVoice_valid__17984,6.666666666666667,4.444444444444445,-2.2222222222222223,False,아니 근데 거기에 투어시간이 아홉 시 삼십 분 한 시 삼십 분 이렇게 되어 있어서,아니 근데 거기에 토할 시간이 아홉 시 삼십 분 한 시 삼십 분 이렇게 되어 있어서,아니 근데 거기에 토 시간이 아홉 시 삼십 분 한 시 삼십 분 이렇게 되어 있어서
AIHub_LowQualityPhoneVoice_valid__17992,18.181818181818183,9.090909090909092,-9.090909090909092,False,여기를 네 시로 무조건 아까 십 육 시요,여기를 내시로 무조건 할까요 십 육 시요,여기를 네 시로 무조건 할까요 십 육 시요
AIHub_LowQualityPhoneVoice_valid__18004,17.647058823529413,0.0,-17.647058823529413,False,제가 다시 지금 설명드려야 되죠,내가 다시 지금 설명드려야 되겠다,제가 다시 지금 설명드려야 되죠
AIHub_LowQualityPhoneVoice_valid__18036,17.647058823529413,0.0,-17.647058823529413,False,근데 저번에도 연락을 주셨는데요,근데 저번에도 일라고 주셨는데요,근데 저번에도 연락을 주셨는데요
AIHub_LowQualityPhoneVoice_valid__18043,0.0,0.0,0.0,False,네 감사합니다,네 감사합니다,네 감사합니다
AIHub_LowQualityPhoneVoice_valid__18059,100.0,0.0,-100.0,False,무엇을 도와드릴까요,뭐 좋아지는 바여,무엇을 도와드릴까요
AIHub_LowQualityPhoneVoice_valid__18079,0.0,0.0,0.0,False,아 알겠습니다 감사합니다,아 알겠습니다 감사합니다,아 알겠습니다 감사합니다
AIHub_LowQualityPhoneVoice_valid__18083,10.0,0.0,-10.0,False,무엇을 도와드릴까요,무엇을 도와 드릴까요,무엇을 도와드릴까요
AIHub_LowQualityPhoneVoice_valid__18084,25.0,0.0,-25.0,False,어 그 창원시 관련해서,어 그 상황실 관련해서,어 그 창원시 관련해서
AIHub_LowQualityPhoneVoice_valid__18085,31.57894736842105,15.789473684210526,-15.789473684210526,False,상해 부서 연결 좀 부탁드리겠습니다,상해에 이번 부서 남자 좀 부탁드리겠습니다,상해 입원 부서 연결 좀 부탁드리겠습니다
AIHub_LowQualityPhoneVoice_valid__18094,20.0,5.0,-15.0,False,끊지 마시고 잠시만 기다려주시겠습니까,이렇게 마시고 잠시만 기다려 주시겠습니까,끊지 마시고 잠시만 기다려 주시겠습니까
AIHub_LowQualityPhoneVoice_valid__18113,2.7027027027027026,5.405405405405405,2.7027027027027026,False,그래서 이 유아 아이들 수업하는 거를 관찰을 해야 하는데 와서 매번,그래서 이 의아 아이들 수업하는 거를 관찰을 해야 하는데 와서 매번,그래서 이 유아 아이들 수업하는 거를 관찰을 해야 하는데 와서 네 번
AIHub_LowQualityPhoneVoice_valid__18115,22.22222222222222,5.555555555555555,-16.666666666666664,False,말씀 중에 너무 죄송합니다 선생님,마신중이 너무 죄송합니다 선생님,말씀 중이 너무 죄송합니다 선생님
AIHub_LowQualityPhoneVoice_valid__18121,10.0,0.0,-10.0,False,시에서 운영하는 스포츠센터가 아닌가요,시에서 운영하는 스포츠 센터가 아닌가,시에서 운영하는 스포츠센터가 아닌가요
AIHub_LowQualityPhoneVoice_valid__18130,75.0,0.0,-75.0,False,네 혹시 메모 가능하시겠습니까,역시 매복 아니냐시기,네 혹시 메모 가능하시겠습니까
AIHub_LowQualityPhoneVoice_valid__18132,42.857142857142854,10.714285714285714,-32.14285714285714,False,아 이제 그 선생님 말씀주셨던 수영장 따로 관리를 하고 있는 또 창원시설관리공단 내에 있는 부분이고요,아 이제 사례 말씀 드녔던 수영장 가서 관리를 하고 있는 또창호 씨도 관리 공단이 있는 부분 중이야,아 네 그 선생님 말씀 주셨던 수영장 따로 관리를 하고 있는 도 창원시설 관리 공단 내에 있는 부분이고요
AIHub_LowQualityPhoneVoice_valid__18162,5.555555555555555,5.555555555555555,0.0,False,어 확실한 거를 확인을 한 다음에,어 확신한 거를 확인을 한 다음에,어 확신한 거를 확인을 한 다음에
AIHub_LowQualityPhoneVoice_valid__18167,9.090909090909092,0.0,-9.090909090909092,False,네 네 등록을 해도 좋고 그렇지 않으면은,네 네 등록을 해도 좋고 그렇지 않은 면은,네 네 등록을 해도 좋고 그렇지 않으면은
AIHub_LowQualityPhoneVoice_valid__18172,14.285714285714285,8.571428571428571,-5.7142857142857135,False,그담에 그 뭐죠 그 스크린 연습장이 있고 이렇게 병행을 하거든요,그다음에 그 먼저 그 스크린 연습당이 있고 이렇게 병행을 하거든요,그다음에 그 뭐죠 그 스크린 연습창이 있고 이렇게 병행을 하거든요
AIHub_LowQualityPhoneVoice_valid__18178,90.0,0.0,-90.0,False,무엇을 도와드릴까요,뭐가 세트 화중일까요,무엇을 도와드릴까요
AIHub_LowQualityPhoneVoice_valid__18201,30.0,0.0,-30.0,False,무엇을 도와드릴까요,어디 도와드릴까요,무엇을 도와드릴까요
AIHub_LowQualityPhoneVoice_valid__18204,10.714285714285714,3.571428571428571,-7.142857142857142,False,빙상장으로 지금 애들을 데리고 갈 관광버스 기산데요,비상당으로 지금 애들을 데리고 갈 관광버스 기산대요,비상장으로 지금 애들을 데리고 갈 관광버스 기산데요
AIHub_LowQualityPhoneVoice_valid__18209,24.444444444444443,4.444444444444445,-20.0,False,그럼 주소 문자 발송 도와드릴 텐데요 혹시 전화번호만 한 번 말씀을 해주시겠습니까,좀 주고 문자 발견 보여 드리는데 혹시 전화번호만 한 번 말씀을 해주시겠습니까,그럼 주소 문자 발송 도와드릴 텐데 혹시 전화번호만 한번 말씀을 해주시겠습니까
AIHub_LowQualityPhoneVoice_valid__18214,14.285714285714285,0.0,-14.285714285714285,False,예 고맙습니다,네 고맙습니다,예 고맙습니다
AIHub_LowQualityPhoneVoice_valid__18226,15.384615384615385,7.6923076923076925,-7.6923076923076925,False,정확한 부서는 음악 문화관 담당이라는 부서입니다,정확한 부서의 일 막 문화관 담당이라는 부서입니다,정확한 부서는 음막 문학관 담당이라는 부서입니다
AIHub_LowQualityPhoneVoice_valid__18252,30.0,5.0,-25.0,False,네 현재 다른 상담사가 전화받았습니다,내년제 다른 상장사가 전화 받았습니다,네 현재 다른 상담사가 전화 받았습니다
AIHub_LowQualityPhoneVoice_valid__18277,17.647058823529413,1.9607843137254901,-15.686274509803923,False,주무관님 여쭤볼 게 있는데요 저희 올해는 따로 팡팡 그 썸머 페스티벌 진행 안 하시는 건가요,주머니 여쭤보께 있는데 저희 올해는 따로 팡팡 그 썸머 테스티로 진행 안 하시는 건가요,주무관님 여쭤볼 게 있는데 저희 올해는 따로 팡팡 그 썸머 페스티벌 진행 안 하시는 건가요
AIHub_LowQualityPhoneVoice_valid__18291,3.8461538461538463,0.0,-3.8461538461538463,False,올해는 말씀 주신 페스티벌이 진행되지가 않습니다,올해는 말씀 주신 패스티벌이 진행되지가 않습니다,올해는 말씀 주신 페스티벌이 진행되지가 않습니다
AIHub_LowQualityPhoneVoice_valid__18295,14.473684210526317,2.631578947368421,-11.842105263157896,False,선생님 돈이 안된다는 게 아니고요 저희가 이게 주관이 경남 엠비씨와 창원시에서 같이 진행을 했던 건데 올해는 진행을 안 한다라고 하시네요,선생님 돈이 안 된다는 게 아니구요 저희가 이게 주관이 경남 mdc와 상원 c에서 같이 진행을 했던 것 때 올해는 진행을 안 한다라고 하시네요,선생님 돈이 안 된다는 게 아니고요 저희가 이게 주간이 경남 엠비씨와 창원시에서 같이 진행을 했던 건데 올해는 진행을 안 한다라고 하시네요
AIHub_LowQualityPhoneVoice_valid__18312,7.4074074074074066,0.0,-7.4074074074074066,False,사십 분 운영하고 이십 분씩 휴식을 하는 부분이고,사십 분 의뢰하고 이십 분씩 휴식을 하는 부분이고,사십 분 운영하고 이십 분씩 휴식을 하는 부분이고
AIHub_LowQualityPhoneVoice_valid__18325,36.36363636363637,9.090909090909092,-27.272727272727273,False,냄새가 엄청 나거든요,얌전 엄청나거든요,냄새 엄청 나거든요
AIHub_LowQualityPhoneVoice_valid__18335,36.0,44.0,8.0,False,어 그러니까 그 가축 기르는 데가 있는 갑대요,오 그러니까 국가적 기도는 데가 있는 것들이에요,어 그러니까 국가적 기준 되고 있는 것 같아요
AIHub_LowQualityPhoneVoice_valid__18362,15.555555555555555,11.11111111111111,-4.444444444444445,False,네 그 파손된 부분으로 보수 요청을 하셨는데 네 부서에서 연락을 와서 빠른 시일 내에 처리를 해준다고 얘기는 들으셨는데 아직까지 처리가되지 않은 부분이 매우 불편하시다고 다시 한번 그 빠르게 처리를 해달라고 하시면서 별도로 연락을 주셨더라고요,파손된 노번으로 고수 요정을 하셨는데 부서에서 연락이 와서 빠른 시일 내에 처리를 해준다고 여기는 들었었는데 아직까지 처리도 되지 않은 부분이 매우 불편하시다고 다시 한번 빠르게 처리를 해달라고 하시면서 결정을 연락을 주셨더라고요,네 그 파손된 부분으로 보수 요청을 하셨는데 이제 부서에서 연락이 와서 이제 빠른 시일 내에 처리를 해준다고 얘기는 들으셨는데 아직까지 처리되지 않은 부분이 매우 불편하시다고 다시 한 번 이제 빠르게 처리를 해달라고 하시면서 저희 쪽으로 연락을 주셨더라고요
AIHub_LowQualityPhoneVoice_valid__18367,31.03448275862069,10.344827586206897,-20.689655172413794,False,전화는 종료하셨고요 어 제가 연락처 성함은 받았거든요,저희 전화를 종료하셨구요 네 제가 연락처 상화로 받았거든요,네 전화를 종료하셨고요 어 제가 연락처 성함은 받았거든요
AIHub_LowQualityPhoneVoice_valid__18380,13.333333333333334,40.0,26.666666666666664,False,말씀 감사합니다 수고하십시오,맞어 감사합니다 수고하십시오,맞습니다 수고하십시오
AIHub_LowQualityPhoneVoice_valid__18389,50.0,0.0,-50.0,False,제가 한번 내용을 확인을 해볼 텐데요,대단한 내용을 하쟤는 해야 된대요,제가 한번 내용을 확인을 해볼 텐데요
AIHub_LowQualityPhoneVoice_valid__18390,46.15384615384615,7.6923076923076925,-38.46153846153846,False,잠시만 기다려주시겠습니까,잠시만 예 예겠습니다,잠시만 기다려 주시겠습니까
AIHub_LowQualityPhoneVoice_valid__18403,24.0,4.0,-20.0,False,야구 구단쪽으로 확인을 해보셔야 된다고 합니다,나구 구단 쪽으로 하튼을 해보세요 된다고 합니다,야구 구단 쪽으로 확인을 해보셔야 된다고 합니다
AIHub_LowQualityPhoneVoice_valid__18413,50.0,20.0,-30.0,False,그 모노레일카 있죠,뭐 모널이 카으있죠,그 모노레일 칼 있죠
AIHub_LowQualityPhoneVoice_valid__18415,8.333333333333332,41.66666666666667,33.33333333333334,False,이 초행길이라서 그런데,이 추행길이라서 그런데,이게 트렌끼리라서 그런데
AIHub_LowQualityPhoneVoice_valid__18442,5.263157894736842,5.263157894736842,0.0,False,한 번 그쪽 전화번호를 알려드릴까요,한 번 그쪽 전화번호를 알려 드릴까요,한번 그쪽 전화번호를 알려드릴까요
AIHub_LowQualityPhoneVoice_valid__18449,40.0,13.333333333333334,-26.666666666666664,False,예 총무부서 좀 부탁드릴까요,네 청무 구서 좀 부탁드려요,예 총무 부서 좀 부탁 드릴까요
AIHub_LowQualityPhoneVoice_valid__18456,50.0,18.181818181818183,-31.818181818181817,False,미안한데 진해구청을 좀 전화할려고 했는데,미안한데 지내고 전화 좀 전화 알려줬는데,예 나한테 진해구청을 좀 전화할려고 했는데
AIHub_LowQualityPhoneVoice_valid__18467,56.41025641025641,7.6923076923076925,-48.717948717948715,False,진해 구청으로 알고 있어요 진해구청에 그라면은 전화번호로 가르쳐주던지요,지네 고층으로 알고 있어 지네 고층에 그나마는 전나무 호선으로 가르치요,진해구청으로 알고 있어요 진해구청에 그라면은 전화번호를 가르쳐주든지요
AIHub_LowQualityPhoneVoice_valid__18471,15.384615384615385,0.0,-15.384615384615385,False,연락처가 어떻게 되실까요,연락처가 어떻게 되십니까요,연락처가 어떻게 되실까요
AIHub_LowQualityPhoneVoice_valid__18488,22.727272727272727,13.636363636363635,-9.090909090909092,False,예 알겠습니다 감사합니다 수고하십시오 네,알이 알겠습니다 감사합니다 수고하십시요,아 네 알겠습니다 감사합니다 수고하십시오 네
AIHub_LowQualityPhoneVoice_valid__18494,29.629629629629626,3.7037037037037033,-25.925925925925924,False,네 대회의실이 선생님 그 진해구청 민원동에 있고요,뭐 대회의실이 사생닌 그 지내구청 민안동에 있그냐,네 대회의실이 선생님 그 진해구청 민원동에 있구요
AIHub_LowQualityPhoneVoice_valid__18498,12.195121951219512,9.75609756097561,-2.439024390243903,False,네 산 쪽에 있는 건물 말고 바깥쪽에 나와있는 민원동 건물로 오셔서 그 네,예 산쪽에 있는 건물 말고 바깥쪽에 나와 있는 민원동 건물로 오셔서 예 예,예 산쪽에 있는 건물 말고 바깥쪽에 나와 있는 민원동 건물로 오셔서 그 예
AIHub_LowQualityPhoneVoice_valid__18511,25.0,0.0,-25.0,False,신청을 했는데요,신청을 했는 데야,신청을 했는데요
AIHub_LowQualityPhoneVoice_valid__18535,0.0,0.0,0.0,False,네 맞습니다만,네 맞습니다만,네 맞습니다만
AIHub_LowQualityPhoneVoice_valid__18541,85.71428571428571,52.38095238095239,-33.33333333333332,False,문화관광과 그 담당자 아무나 바꿔주세요,당장 당장은 암보다,전화도 안 간 거라 그 담당자는 아무리 바꿔주세요
AIHub_LowQualityPhoneVoice_valid__18543,78.94736842105263,52.63157894736842,-26.315789473684212,False,지금 돝섬 해상 간판이 있는데 지금 요 가는 거를 몰라서 전화해봤더니,그치 내가 깜짝 놀래 깜짝 놀래 몰래 돼,지금 버스에 해당 단파 있는데 지금 여 가는 거를 모르게 좀 기다려 봤어야지
AIHub_LowQualityPhoneVoice_valid__18544,75.0,0.0,-75.0,False,빨리 바꿔주세요,많이 갔다 오세요,빨리 바꿔주세요
AIHub_LowQualityPhoneVoice_valid__18555,31.818181818181817,0.0,-31.818181818181817,False,아 네 근대 문화 역사 투어 말씀이십니까,아 네 근데 누나 역사통화 말씀이십니다,아 네 근대 문화 역사 투어 말씀이십니까
AIHub_LowQualityPhoneVoice_valid__18564,15.625,6.25,-9.375,False,아 그 제가 지금 밖에 외근나가 있어가지고 제가 나중에 예,아 그 제가 좀 밖에 왜 끝나가 있어가지고 제가 나중에 예,아 그 제가 지금 밖에 외근 나가 있어 가지고 제가 나중에 예
AIHub_LowQualityPhoneVoice_valid__18566,0.0,0.0,0.0,False,그러면 제가 전화번호 확인하고 제가 전화 다시 드리겠습니다,그러면 제가 전화번호 확인하고 제가 전화 다시 드리겠습니다,그러면 제가 전화번호 확인하고 제가 전화 다시 드리겠습니다
AIHub_LowQualityPhoneVoice_valid__18576,0.0,0.0,0.0,False,아 예 감사합니다,아 예 감사합니다,아 예 감사합니다
AIHub_LowQualityPhoneVoice_valid__18586,27.27272727272727,0.0,-27.27272727272727,False,네 고맙습니다 상담사,네 고맙습니다 생단병,네 고맙습니다 상담사
AIHub_LowQualityPhoneVoice_valid__18594,10.416666666666668,2.083333333333333,-8.333333333333336,False,네 네 대관을 하는데 어 교육기관이니까 좀 대관료라든지 이런데 혜택을 좀 받고 싶어서요,네 네 대관을 하는데 어 교육기관이니깐 좀 대관요라든지 이런 데 혜택을 좀 받고 싶었어요,네 네 대관을 하는데 어 교육기관이니까 좀 대관료라든지 이런 데 혜택을 좀 받고 싶어서요
AIHub_LowQualityPhoneVoice_valid__18607,26.53061224489796,2.0408163265306123,-24.489795918367346,False,네 학교지원 담당이라는 부서가 있는데요 이 두 군데 연락해서 같이 안내를 도와드리겠습니다,네 학교 지원 담당회원은 부도가 있는데요 이 두 군데 연락해서 값소 안내가 드리도록 하겠습니다,네 학교 지원 담당이라는 부서가 있는데요 이 두 군데 연락해서 같이 안내를 도와드리겠습니다
AIHub_LowQualityPhoneVoice_valid__18613,8.333333333333332,0.0,-8.333333333333332,False,네 지역번호 영 오 오,어 지역번호 영 오 오,네 지역번호 영 오 오
AIHub_LowQualityPhoneVoice_valid__18619,31.57894736842105,5.263157894736842,-26.31578947368421,False,감사합니다 다른 문의사항 있으십니까,감사합니다 다른 분이 사 오십십니까,감사합니다 다른 문의 사항 있으십니까
AIHub_LowQualityPhoneVoice_valid__18623,22.535211267605636,7.042253521126761,-15.492957746478876,False,예 여보세요 저기 재난보험 관련 한 해서 그 과태료를 내야 된다고 해갖구요 근데 어느 부서로 전화를 해야 되는지를 잘 모르겠네요,안녕하세요 저기 예남보험 관련한 해서 그 배터리를 내야 된다고 하셨구요 근데 어느 구소를 전화를 해야 되는지는 잘 모르겠네요,네 여보세요 저기 재난보험 관련한 해서 그 과태리를 내야 된다고 해갖고요 근데 어느 부서로 전화를 해야 되는지는 잘 모르겠네요
AIHub_LowQualityPhoneVoice_valid__18630,53.84615384615385,0.0,-53.84615384615385,False,진해구 안민동 맞으십니까,시내고 암림동 맞습니까,진해구 안민동 맞으십니까
AIHub_LowQualityPhoneVoice_valid__18637,14.545454545454545,3.6363636363636362,-10.909090909090908,False,그 재난 배상 책임보험 미가입 관련으로 과태료를 납 과태료 납부를 문의 주시는데 혹시 업무 보십니까,그 계란대상 책임 범 니가입 관련으로 과태료를 납 과태료 맞부를 문의 주시는데 혹시 업무 보십니까,그 재난배상 책임보험 미가입 관련으로 과태료를 납 과태료 납부를 문의주시는데 혹시 업무 보십니까
AIHub_LowQualityPhoneVoice_valid__18640,4.0,8.0,4.0,False,어 그건 저희 도서관에서 보는 업무가 아닌데요,어 그럼 저희 도서관에서 보는 업무가 아닌데요,어 그러면 저희 도서관에서 보는 업무가 아닌데요
AIHub_LowQualityPhoneVoice_valid__18643,32.432432432432435,35.13513513513514,2.7027027027027017,False,네 네 작은 도서관은 인제 마을 도서관이 아니라 작은 도서관이거든요,네 네 작은 동서관은 마흔 동서관네는 작은 동서관이거든요,네 네 작은 동 사관은 마을 동 사관 아니라 작은 동 사관이거든요
AIHub_LowQualityPhoneVoice_valid__18644,19.047619047619047,9.523809523809524,-9.523809523809524,False,그건 저희 시에서 운영하는 게 아니구요,그거 저희 시에서 운영하는 게 아닙니까,그걸 저희 시에서 운영하는 게 아니고요
AIHub_LowQualityPhoneVoice_valid__18647,16.666666666666664,0.0,-16.666666666666664,False,아 확인 감사합니다 잘 알겠습니다,아이 확인 감사합니다 잘하겠습니다,아 확인 감사합니다 잘 알겠습니다
AIHub_LowQualityPhoneVoice_valid__18652,0.0,28.57142857142857,28.57142857142857,False,아 그렇습니까,아 그렇습니까,아 그러십니까
AIHub_LowQualityPhoneVoice_valid__18654,20.0,6.666666666666667,-13.333333333333332,False,예 그 이관 관련해서는 제가 확인하진 못했구요 제가 그,예 그 의관 관련해서는 제가 하드만 하기 못했구요 제가 그,예 그 이관 관련해서는 제가 확인하지 못했고요 제가 그
AIHub_LowQualityPhoneVoice_valid__18656,5.0,10.0,5.0,False,도 동에서 처리를 한다는 말씀이신가요,도 돈에서 처리를 한다는 말씀이신가요,동 동의서 처리를 한다는 말씀이신가요
AIHub_LowQualityPhoneVoice_valid__18673,0.0,0.0,0.0,False,네 감사합니다,네 감사합니다,네 감사합니다
AIHub_LowQualityPhoneVoice_valid__18681,11.564625850340136,0.0,-11.564625850340136,False,아니시면 저희 콜센터로 민원인분들이 문의하시는 내용이 좀 있기는 한데요 그러면 이거 그 칠 월 십 일 칠 월부터 십 일 월까지 그 내용을 저희 쪽으로 그 뭐 자료나 팜플렛 같은 형태가 있거나 아니면 파일이 있으면 보내주시면 저희가 그 월별로 안내는 할 수가 있는데,안 있으면 저희 컨센터로 의미는 분들이 문의하시는 내용이 좀 있기는 한데요 그 다음에 이거 그 칠 월 십 일 칠 월부터 십 일 월까지 그 내용을 저희 쪽으로 그 뭐 자료나 팜플렛 같은 형태가 있거나 아니면 파일이 있으면 보내주시면 저희가 그 월별로 왔는 앤 할 수가 있는데,아니시면 저희 콜센터로 민원인분들이 문의하시는 내용이 좀 있기는 한데요 그러면 이거 그 칠 월 십 일 칠 월부터 십 일 월까지 그 내용을 저희 쪽으로 그 뭐 자료나 팜플렛 같은 형태가 있거나 아니면 파일이 있으면 보내주시면 저희가 그 월별로 안내는 할 수가 있는데
AIHub_LowQualityPhoneVoice_valid__18686,19.402985074626866,14.925373134328357,-4.477611940298509,False,넷째 주 화요일날 진행되는 행사는 그럼 보통 어느 정도 전쯤에 전화드리면 그 해당 월에 대한 내용을 확인할 수가 있을까요,일제 초 화요일 날 진행되는 행탐이야 보통 어느 정도 전툴를 전화드리면 그 해당 구원에 대한 내용을 확인할 수가 있을까요,네 새초 화요일 날 진행되는 행사면 보통 어느 정도 전쯤에 전화드리면 그 해당 거에 대한 내용을 확인할 수가 있을까요
AIHub_LowQualityPhoneVoice_valid__18693,46.666666666666664,13.333333333333334,-33.33333333333333,False,아 네 메 메모 가능하신가요,아니 외모 가능하신가 해,아 네 메모 가능하신가요
AIHub_LowQualityPhoneVoice_valid__18737,80.0,0.0,-80.0,False,무엇을 도와드릴까요,뭐 술대어드리니까요,무엇을 도와드릴까요
AIHub_LowQualityPhoneVoice_valid__18738,12.5,20.833333333333336,8.333333333333336,False,네 안녕하세요 저희 마산 돝섬의 해상 유원지,네 안녕하세요 저희 마산 부섬의 해상위원지,네 안녕하세요 저희 마산 도서관의 해상위원지
AIHub_LowQualityPhoneVoice_valid__18743,22.58064516129032,6.451612903225806,-16.129032258064512,False,제가 확인해서 연결해드릴 텐데요 잠시만 기다려주시겠습니까,제가 확인해서 연결을 드리는데요 잠시만 기다려 주시겠습니다,제가 확인해서 연결해 드릴 텐데요 잠시만 기다려 주시겠습니까
AIHub_LowQualityPhoneVoice_valid__18774,50.0,36.36363636363637,-13.636363636363633,False,그 저기 체육공원이 있는 운동장 있잖아요,그 우외동 저기 신옥 공원에 있는 농가 있잖아요,그 우계동 저기 체육공원에 있는 농가 있잖아요
AIHub_LowQualityPhoneVoice_valid__18777,25.0,2.7777777777777777,-22.22222222222222,False,제가 관리부서를 한 번 확인을 해볼 텐데 잠시만 기다려주시겠습니까,그리고 관리 부사도 한번 확인을 해볼 텐데 잠시만 기다려 시겠습니다,제가 관리 부서를 한 번 확인을 해볼 텐데 잠시만 기다려주시겠습니까
AIHub_LowQualityPhoneVoice_valid__18780,48.837209302325576,20.930232558139537,-27.90697674418604,False,네 기다려주셔서 감사합니다 확인을 해보니 도계 체육공원 운동장 관리 및 대관은,네 기다려 야서 감사합니다 하교는 해 보네 도계퇴했대요 오늘 전 관리도 되다네,네 기다려 주셔서 감사합니다 확인을 해보니 도계 체육공원 운행 전 관리비 계단에
AIHub_LowQualityPhoneVoice_valid__18783,0.0,0.0,0.0,False,아 네 알겠습니다 감사합니다,아 네 알겠습니다 감사합니다,아 네 알겠습니다 감사합니다
AIHub_LowQualityPhoneVoice_valid__18792,33.33333333333333,9.523809523809524,-23.809523809523803,False,그 말고 행복자치센터에서 한다고 하던데,너 말고 한복사츠센터에서 한다고 하든 게,그 말고 행복 자치 센터에서 한다고 하던데
AIHub_LowQualityPhoneVoice_valid__18793,46.15384615384615,23.076923076923077,-23.076923076923077,False,여기하고 관계가 없는가요,여자 한 적 없는가요,연결제하고 관계가 없는가요
AIHub_LowQualityPhoneVoice_valid__18796,17.647058823529413,0.0,-17.647058823529413,False,기업사랑 공원 쪽에서 물놀이터를 운영하고 있는 부분이 있는데요,기업사랑공원대에서 물소리타를 운영하고 있는 부분이 있는데요,기업사랑 공원 쪽에서 물놀이터를 운영하고 있는 부분이 있는데요
AIHub_LowQualityPhoneVoice_valid__18811,18.181818181818183,0.0,-18.181818181818183,False,네 오늘만 진행합니다,오늘만 진행합니다,네 오늘만 진행합니다
AIHub_LowQualityPhoneVoice_valid__18821,23.076923076923077,0.0,-23.076923076923077,False,예 예 예 감사합니다 네,네 네 네 감사합니다 네,예 예 예 감사합니다 네
AIHub_LowQualityPhoneVoice_valid__18827,0.0,0.0,0.0,False,어떤 카드를 말씀하시는 걸까요,어떤 카드를 말씀하시는 걸까요,어떤 카드를 말씀하시는 걸까요
AIHub_LowQualityPhoneVoice_valid__18832,50.0,33.33333333333333,-16.66666666666667,False,돈이 없대요,무니없대요,문의 없대요
AIHub_LowQualityPhoneVoice_valid__18850,50.0,0.0,-50.0,False,네 이제,네 네,네 이제
AIHub_LowQualityPhoneVoice_valid__18853,70.0,0.0,-70.0,False,무엇을 도와드릴까요,뭐 어서래 하드릴까요,무엇을 도와드릴까요
AIHub_LowQualityPhoneVoice_valid__18871,50.0,20.0,-30.0,False,우도가는 방향이 첫 출항하는 배편은요,우동아리 방향의 첫 출항을 뵙자는데요,우도 가는 방향에 첫 출항하는 배차는요
AIHub_LowQualityPhoneVoice_valid__18875,30.0,0.0,-30.0,False,지역번호 공 오 오,지학번호 공오오,지역번호 공 오 오
AIHub_LowQualityPhoneVoice_valid__18883,20.0,0.0,-20.0,False,그 어디서 걸어가야 된다고요,그 어디서 거로 가야 된다고요,그 어디서 걸어가야 된다고요
AIHub_LowQualityPhoneVoice_valid__18892,3.4482758620689653,3.4482758620689653,0.0,False,주차한 시간에 따른 주차요금은 발생이 될 수 있습니다,주차할 시간에 따른 주차요금은 발생이 될 수 있습니다,주차한 시간에 따른 주차 요금은 발생이 될 수 있습니다
AIHub_LowQualityPhoneVoice_valid__18898,16.0,0.0,-16.0,False,그 하루에 가격이 얼만지 혹시 물어봐도 될까요,그거 하루에 가격이 얼마인지 혹시 물어봐야 될까요,그 하루에 가격이 얼만지 혹시 물어봐도 될까요
AIHub_LowQualityPhoneVoice_valid__18905,0.0,0.0,0.0,False,네 알겠습니다,네 알겠습니다,네 알겠습니다
AIHub_LowQualityPhoneVoice_valid__18915,25.0,0.0,-25.0,False,운동장 안에 식당도 그,운동장 안에 식단도,운동장 안에 식당도 그
AIHub_LowQualityPhoneVoice_valid__18925,40.909090909090914,4.545454545454546,-36.36363636363637,False,저 요 문자가 좀 남겨주시면 안 되겠어요,너 너 문자 좀 낭위를 줬으면 안 되겠어요,저 여 문자가 좀 남겨주시면 안 되겠어요
AIHub_LowQualityPhoneVoice_valid__18926,33.33333333333333,21.21212121212121,-12.121212121212118,False,네 선생님께서는 혹시 몇 번으로 전화하셨는지 알 수 있을까요,네 후라이드에서는 혹시 옆자리로 전화하셨는지 알 수 있어요,네 혹시 몇 번으로 전화하셨는지 알 수 있을까요
AIHub_LowQualityPhoneVoice_valid__18953,0.0,0.0,0.0,False,아 예 알겠습니다,아 예 알겠습니다,아 예 알겠습니다
AIHub_LowQualityPhoneVoice_valid__18970,7.6923076923076925,0.0,-7.6923076923076925,False,붙이셔야 되고 예 국번이,붙이셔야 되고 예 국번,붙이셔야 되고 예 국번이
AIHub_LowQualityPhoneVoice_valid__18978,12.5,2.5,-10.0,False,죄송합니다 제가 말씀을 잘 못 들었는데요 시청의 어떤 부분이라 하셨을까요,죄송합니다 제가 말했지만 못 들었는데요 시청이 어떤 부분이라 하셨을까요,죄송합니다 제가 말씀을 잘 못 들었는데요 시청이 어떤 부분이라 하셨을까요
AIHub_LowQualityPhoneVoice_valid__18991,77.77777777777779,22.22222222222222,-55.555555555555564,False,이 치맥 축제는요,친에 뒷재능요,그 치매 축제는요
AIHub_LowQualityPhoneVoice_valid__18994,55.55555555555556,11.11111111111111,-44.44444444444444,False,어 네 지금 이게,어 네 재밌,어 네 지금 이
AIHub_LowQualityPhoneVoice_valid__18996,10.0,10.0,0.0,False,작년에도 했었잖아요,작년에도 있었잖아요,작년에도 있었잖아요
AIHub_LowQualityPhoneVoice_valid__19002,0.0,0.0,0.0,False,네 알겠습니다 확인하고 연락드리도록 하겠습니다,네 알겠습니다 확인하고 연락드리도록 하겠습니다,네 알겠습니다 확인하고 연락드리도록 하겠습니다
AIHub_LowQualityPhoneVoice_valid__19018,20.0,0.0,-20.0,False,네 그럼 번호 발송은 괜찮으신 건가요,내가 번호 발송은 괜찮으신 건가요,네 그럼 번호 발송은 괜찮으신 건가요
AIHub_LowQualityPhoneVoice_valid__19037,18.181818181818183,18.181818181818183,0.0,False,더럽다고 해서 혹시나,들었다고 해서 혹시나,그렇다고 해서 혹시나
AIHub_LowQualityPhoneVoice_valid__19043,24.137931034482758,6.896551724137931,-17.241379310344826,False,개장 시간은 오전 아홉 시부터 오후 여섯 시까지입니다,개정 시각이 모자나홉 시부터 오후 여섯 시까지입니다,계정 시간은 오전 아홉 시부터 오후 여섯 시까지입니다
AIHub_LowQualityPhoneVoice_valid__19044,13.333333333333334,6.666666666666667,-6.666666666666667,False,아 그 이용료도 따로 이고요,아 그 이용료도 따로 이거야,아 그 이용료도 따로 있고요
AIHub_LowQualityPhoneVoice_valid__19048,46.34146341463415,14.634146341463413,-31.707317073170735,False,아니요 다른 거는 근처에 뭐 혹시 다른데나 또 가볼데라든지 그런 게 있나요,아니요 따른 거는 어 근처에 뭐 혹시 따른 데가 또 뭐 가볼 때라는 느낌인가요,아 아니요 다른 거는 근처에 뭐 혹시 다른 데나 또 뭐 가볼 데라든지 그런 게 있나요
AIHub_LowQualityPhoneVoice_valid__19051,21.11111111111111,7.777777777777778,-13.333333333333332,False,어 거리가 근데 진 어 뭐 이쪽으로 여행을 오고자 하시는 거면 저희 관광 지도하던가 이런 부분이 따로 있는데 우편으로 받으실 수 있는 번호 하나 안내 도와드릴까요,어 거리가 뭐 이쪽으로 여행을 오고자 하시는 거면 저 관광 지도하던가 이런 부분이 따로 있는데 오픈으로 파솔 수 있으면 번호하는 암을 도와드릴까요,어 거리가 네 지금 뭐 이쪽으로 여행을 하고자 하시는 거면 저희 관광 지도라던가 이런 부분이 따로 있는데 우편으로 받으실 수 있는 번호 하나 안내 도와드릴까요
AIHub_LowQualityPhoneVoice_valid__19056,10.294117647058822,11.76470588235294,1.4705882352941178,False,레저 네 레저도 있긴 합니다만 레저 쪽으로 해서는 보통 진해 쪽에서 진행이 되는 부분이라서 마상가 거리가 있을 수 있으세요,레저 네 레저도 있긴 합니다만 레저 쪽으로 해서는 보통 지네 쪽에서 진행이 되는 부분이라서 마상과 집은 거리가 있을 순 있으세요,레저 네 레저도 있긴 합니다만 이 레저 쪽으로 해서는 보통 진해 쪽에서 진행이 되는 부분이라서 마산과 지금 거리가 있을 순 있으세요
AIHub_LowQualityPhoneVoice_valid__19070,0.0,0.0,0.0,False,바로 말씀드릴까요,바로 말씀드릴까요,바로 말씀드릴까요
AIHub_LowQualityPhoneVoice_valid__19082,50.0,25.0,-25.0,False,저 국화 축제 그 담당부서라도,이제 국가 국가 담당 부서라도,예 국가 축제 그 담당 부서라고
AIHub_LowQualityPhoneVoice_valid__19094,72.72727272727273,0.0,-72.72727272727273,False,예 예 예 기다릴게요,이해 이해에 기다리키면,예 예 예 기다릴게요
AIHub_LowQualityPhoneVoice_valid__19103,33.33333333333333,0.0,-33.33333333333333,False,어떤 업무 보실 예정이십니까,어떤 업무 부실이 아닙십니까,어떤 업무 보실 예정이십니까
AIHub_LowQualityPhoneVoice_valid__19104,41.66666666666667,20.833333333333336,-20.833333333333336,False,수박을 사고 싶어서 그러거든요 여기 창원인데,수바를 사고 싶어서 그러고 맹혁이 서울인데,추박을 사고 싶어서 그러거든요 여기 서 오는데
AIHub_LowQualityPhoneVoice_valid__19114,14.285714285714285,7.142857142857142,-7.142857142857142,False,근데 왜 이게 오늘 나오지,근데 왜 니 오늘 나오지,근데 왜 이제 오늘 나오지
AIHub_LowQualityPhoneVoice_valid__19120,7.6923076923076925,0.0,-7.6923076923076925,False,십 일 일부터 십 이 일,십 이 일부터 십 이 일,십 일 일부터 십 이 일
AIHub_LowQualityPhoneVoice_valid__19144,42.857142857142854,7.142857142857142,-35.71428571428571,False,네 기다려주셔서 감사합니다,수업이 닿아주셔서 감사합니다,네 기다려 주셔서 감사합니다
AIHub_LowQualityPhoneVoice_valid__19153,11.11111111111111,0.0,-11.11111111111111,False,창원 실내 종합 스포츠 하여튼 거기에 문의를 드렸어요 담당자님한테,사원 신뢰 종업 스포츠 하여튼 거기에 문의를 드렸어요 담당자님한테,창원 실내 종합 스포츠 하여튼 거기에 문의를 드렸어요 담당자님한테
AIHub_LowQualityPhoneVoice_valid__19168,5.555555555555555,5.555555555555555,0.0,False,어 선생님 그렇다라 하시면 제가요,어 선생님 그렇다고 하시면 제가요,어 선생님 그렇다고 하시면 제가요
AIHub_LowQualityPhoneVoice_valid__19191,85.71428571428571,0.0,-85.71428571428571,False,죄송합니다 네,재가 안 간 네,죄송합니다 네
AIHub_LowQualityPhoneVoice_valid__19196,16.666666666666664,0.0,-16.666666666666664,False,아하 그래요,아하 그래,아하 그래요
AIHub_LowQualityPhoneVoice_valid__19213,28.57142857142857,3.571428571428571,-25.0,False,그 민원 이거 민원 이걸 홈페이지 들어오긴 했는데요,근데 민원 이거 민원 이걸 컴퓨터에 들어오긴 하는데야,그 민원 이거 민원 이걸 홈페이지에 들어오긴 했는데요
AIHub_LowQualityPhoneVoice_valid__19227,4.938271604938271,1.2345679012345678,-3.7037037037037033,False,그 시청 홈페이지에 보시면 시민의 소리라는 그 게시 글을 올리실 수가 있는데 여기에 글을 올리시게 되면 이제 담당자 답변도 받아보실 수가 있거든요,그 피처 홈페이지에 보시면 시민의 소리라는 그 계신 글을 올리실 수가 있는데 여기에 글을 올리시게 되면 이제 담당자 답변도 받아보실 수가 있거든요,그 시청 홈페이지에 보시면 시민의 소리라는 그 게시 글 올리실 수가 있는데 여기에 글을 올리시게 되면 이제 담당자 답변도 받아보실 수가 있거든요
AIHub_LowQualityPhoneVoice_valid__19238,17.24137931034483,6.896551724137931,-10.344827586206899,False,혹시 생태학습 학습 프로그램 예약을 하고자 하셨습니까,혹시 생태학습 뭐 학습 프로그램 예약을 하고 다쳤습니까,혹시 생태학습 뭐 학습 프로그램 예약을 하고자 하셨습니까
AIHub_LowQualityPhoneVoice_valid__19239,16.470588235294116,10.588235294117647,-5.882352941176469,False,아 그렇습니까 선생님 어 제가 담당자 연락처 확인해서 직통번호 연락처 확인해서 안내 도와드릴 텐데요 바로 확인이 되어서 말씀드리겠습니다 메모 가능하십니까,아 그렇니까 선생님 제가 담당자 연락처 확인해서 뒤통배만 연락처 확인해서 안내 도와드릴 텐데요 아 선생님 바로 확인이 되어서 말씀 드리겠습니다 매모 가능하십니까,아 그러십니까 선생님 어 제가 담당자 연락처 확인해서 직통 번호 연락처 확인해서 안내 도와드릴 텐데요 아 선생님 바로 확인이 되어서 말씀드리겠습니다 메모 가능하십니까
AIHub_LowQualityPhoneVoice_valid__19278,0.0,0.0,0.0,False,선생님 통화 종료되지 않았습니다 종료 부탁드리겠습니다,선생님 통화 종료되지 않았습니다 종료 부탁드리겠습니다,선생님 통화 종료되지 않았습니다 종료 부탁드리겠습니다
AIHub_LowQualityPhoneVoice_valid__19279,15.0,2.5,-12.5,False,전화 종료 어려우신 거 같아서 제가 먼저 종료하도록 하겠습니다 죄송합니다,저가 중요 어려우신 거 같아서 제가 먼저 중요하도록 하겠습니다 죄송합니다,전화 종료 어려우신 것 같아서 제가 먼저 종료하도록 하겠습니다 죄송합니다
AIHub_LowQualityPhoneVoice_valid__19284,32.25806451612903,32.25806451612903,0.0,False,뭐 어디로 갔어예 취소됐어예 안 그럼 다른 데로 옮겼어예,뭐 어디로 갔어애 집에 있어애 안그러면 다른 데로 옮겼어애,뭐 어디로 갔어예 지구대에서예 안그러면 다른 데로 옮겨서예
AIHub_LowQualityPhoneVoice_valid__19295,66.66666666666666,8.333333333333332,-58.33333333333333,False,아 오 취소가 됐다고예,아 어 죄송하겠다고 얘,아 오늘 취소가 됐다고예
AIHub_LowQualityPhoneVoice_valid__19304,30.0,2.5,-27.5,False,네 하나 여쭤보고 싶어서 전화드렸는데요 그 주만 생태 체험 학습하는 거요,네 하나 여쭤보고 싶어서 전화 드렸는데요 어머님 그 조남 생태체험 학교 파는 거예요,네 하나 여쭤보고 싶어서 전화드렸는데요 그 주남 생태 체험 학습하는 거요
AIHub_LowQualityPhoneVoice_valid__19308,58.333333333333336,8.333333333333332,-50.0,False,기다려주셔서 감사합니다,이 다 잘 들려서 감사합니다,기다려 주셔서 감사합니다
AIHub_LowQualityPhoneVoice_valid__19314,33.33333333333333,3.7037037037037033,-29.629629629629626,False,네 기다려주셔서 감사합니다 번호 메모 가능하실까요,네 기가 저 시셔서 감사합니다 번호 메모 간에 가실까요,네 기다려 주셔서 감사합니다 번호 메모 가능하실까요
AIHub_LowQualityPhoneVoice_valid__19322,16.666666666666664,8.333333333333332,-8.333333333333332,False,창원에서 하는 바다축제 담당부서 말씀이십니까,창원에서 하는 바다 축제 답장 부서 말씀이십니까,창원에서 하는 바다 축제 담당 부서 말씀이십니까
AIHub_LowQualityPhoneVoice_valid__19331,22.22222222222222,0.0,-22.22222222222222,False,메모 가능하십니까,예보 가능하십니까,메모 가능하십니까
AIHub_LowQualityPhoneVoice_valid__19342,4.545454545454546,4.545454545454546,0.0,False,그러니깐요 글로 이쪽으로 전화하면 되겠죠,그러니깐요 글로 이쪽으로 전하면 되겠죠,그러니깐요 글로 이쪽으로 전하면 되겠죠
AIHub_LowQualityPhoneVoice_valid__19343,14.285714285714285,14.285714285714285,0.0,False,에 알겠습니다,네 알겠습니다,예 알겠습니다
AIHub_LowQualityPhoneVoice_valid__19364,15.384615384615385,7.6923076923076925,-7.6923076923076925,False,이게 그 시간은 정확하게,이게 그 시범을 정확하게,이게 그 시간을 정확하게
AIHub_LowQualityPhoneVoice_valid__19369,18.181818181818183,0.0,-18.181818181818183,False,안내드린 번호 끝자리,안내들인 번호 끝자리,안내드린 번호 끝자리
AIHub_LowQualityPhoneVoice_valid__19377,20.0,0.0,-20.0,False,좋은 하루 되십시오,돈 하루 되십시오,좋은 하루 되십시오
AIHub_LowQualityPhoneVoice_valid__19380,80.0,46.666666666666664,-33.333333333333336,False,아 바다 축제요 선생님 혹시,아 받아주게요,아 받아 둘게요 저 혹시
AIHub_LowQualityPhoneVoice_valid__19384,14.705882352941178,0.0,-14.705882352941178,False,지금 뭐 취소되었다는 내용에 대해서 확인된 부분이 아직 없어서,지금 뭐 키 소리였다는 내용에 대해서 확인 된 부분이 아직 없어서,지금 뭐 취소되었다는 내용에 대해서 확인된 부분이 아직 없어서
AIHub_LowQualityPhoneVoice_valid__19427,18.181818181818183,0.0,-18.181818181818183,False,박물관 어디에 있나요,당물관 어디 있나요,박물관 어디에 있나요
AIHub_LowQualityPhoneVoice_valid__19437,33.33333333333333,4.761904761904762,-28.571428571428566,False,아 무료고요 몇 시까지 가능해요 여기는,그럼 그려구요 몇 시까지 가잖아요 여기는,아 무료구요 몇 시까지 가능해요 여기는
AIHub_LowQualityPhoneVoice_valid__19485,30.303030303030305,27.27272727272727,-3.0303030303030347,False,될 수 있어서 확인 먼저 해볼 텐데 잠시만 기다려주시겠습니까,일단은 소문도 일 수 있어서 확인 먼저 해볼 텐데 잠시만 기다려 주시겠습니까,일단은 소음이 될 수 있어서 확인 먼저 해볼 텐데 잠시만 기다려 주시겠습니까
AIHub_LowQualityPhoneVoice_valid__19491,11.11111111111111,0.0,-11.11111111111111,False,아마 내일 중에 한 번 더 전화 주시는 게 좋겠고,아마 내일 중에 한 번 더 사나이 주시는 게 좋겠고,아마 내일 중에 한 번 더 전화 주시는 게 좋겠고
AIHub_LowQualityPhoneVoice_valid__19506,41.66666666666667,4.166666666666666,-37.50000000000001,False,아 그러면서 그게 두 가지로 돌아다니더라고요,아 그러면서 그게 교과장소를 다닐수라구요,아 그러면서 그게 두 가지로 돌아다니시더라고요
AIHub_LowQualityPhoneVoice_valid__19527,0.0,0.0,0.0,False,네 감사합니다,네 감사합니다,네 감사합니다
AIHub_LowQualityPhoneVoice_valid__19528,57.692307692307686,15.384615384615385,-42.3076923076923,False,네 저기 수고 많으십니다 저기 창원 그 있잖아요,네 되게 좋은 말씀이다 되게 차원 그 시끄러지잖아요,네 저기 수고 많으십니다 저기 창원 그 치트랙 있잖아요
AIHub_LowQualityPhoneVoice_valid__19533,15.151515151515152,12.121212121212121,-3.030303030303031,False,그랬는데 지금은 전화를 아예 통화가 안되는데 왜 그런 거예요,그랬는데 지금은 전화를 아예 통화가 안 되는 게 또 왜 그런 거예요,그랬는데 지금은 전화를 아예 통화가 안 되는데 그게 왜 그런 거예요
AIHub_LowQualityPhoneVoice_valid__19558,37.03703703703704,3.7037037037037033,-33.333333333333336,False,그래서 지금 당장은 상담은 좀 어려울 것 같은데요,그래서 지금 당장은 상담 좀 어,그래서 지금 당장은 상담이 좀 어려울 것 같은데요
AIHub_LowQualityPhoneVoice_valid__19565,31.11111111111111,4.444444444444445,-26.666666666666664,False,죄송합니다 선생님 지금 저희 개인정보 강화 때문에 전화주신 번호 확인이 어렵습니다,지사원 선생님 지금 별 개인정보 강화 때문에 담아주신 번호 하신 여랬습니다,죄송합니다 선생님 지금 저희 개인 정보 강화 때문에 전화 주신 번호 확인이 어렵습니다
AIHub_LowQualityPhoneVoice_valid__19583,12.5,2.083333333333333,-10.416666666666668,False,그리고 안 안 옮기시면 취소를 자기들이 일방적으로 취소하는 거밖에 없다고 말씀을 하세요,그리고 안 옮기시면 지소를 자기들이 일방적으로 지소하는 거밖에 없다고 말씀하세요,그리고 안 안 옮기시면 취소를 자기들이 일반적으로 취소하는 거밖에 없다고 말씀을 하세요
AIHub_LowQualityPhoneVoice_valid__19586,12.5,8.333333333333332,-4.166666666666668,False,그쪽에서 일방적으로 자리 옮겨라 마라 하시고,그쪽에서 일방적으로 자리 옮겨라 말하시고,그쪽에서 일방적으로 자리 옮겨 라마라 하시고
AIHub_LowQualityPhoneVoice_valid__19589,22.22222222222222,14.814814814814813,-7.407407407407408,False,지금 달천 계곡 쪽에서 직접 이제 통화하셨던 내용,금 발전 계곡 쪽에서 직접 이제 통화하셨던 내용 맞이,지금 달천 계곡 쪽에서 직접 이제 통화하셨던 내용 마지막
AIHub_LowQualityPhoneVoice_valid__19608,40.909090909090914,4.545454545454546,-36.36363636363637,False,바다축제 오늘 진행하는지 말씀 맞으십니까,가자 축제 오늘 진행하는지 몇 시에 마십니까,바다 축제 오늘 진행하는지 말씀 맞으십니까
AIHub_LowQualityPhoneVoice_valid__19614,32.25806451612903,3.225806451612903,-29.032258064516128,False,네 선생님 우선 취소는 아니고요 장소가 변경이 되었습니다,수행의 수정이 우선 취소는 안이고 여 장소가 변경이 되었습니다,네 선생님 우선 취소는 아니구요 장소가 변경이 되었습니다
AIHub_LowQualityPhoneVoice_valid__19617,12.5,6.25,-6.25,False,이안 기획 기획하는 주간 부서,이한 기획 기획하는 주간부서,이완 기획 기획하는 주간 부서
AIHub_LowQualityPhoneVoice_valid__19629,23.52941176470588,5.88235294117647,-17.64705882352941,False,어시장 상의회 쪽에서 실시합니다,어 시장 탄인의 쪽에서 실시합니다,어시장 상인회 쪽에서 실시합니다
AIHub_LowQualityPhoneVoice_valid__19635,31.57894736842105,0.0,-31.57894736842105,False,선생님 로봇 월드컵 말씀 맞으십니까,그래도 로봇 월드컵 말씀하십니까,선생님 로봇 월드컵 말씀 맞으십니까
AIHub_LowQualityPhoneVoice_valid__19643,47.368421052631575,10.526315789473683,-36.84210526315789,False,예 그럼 그쪽으로 좀 돌려주실랍니까,예 그럼 그때까지만 돌려주시려�습니까,예 그럼 그쪽을 좀 돌려주실랍니까
AIHub_LowQualityPhoneVoice_valid__19654,33.33333333333333,8.333333333333332,-24.999999999999996,False,아마 부서 쪽으로 정확하게 한번 확인을 해보셔야 될 것 같으신데요,아 나 무조건 정확하게 한번 하트는 해보져야 될 거 같으는데요,자녀 부서 쪽으로 정확하게 한 번 확인을 해보셔야 될 것 같으신데요
AIHub_LowQualityPhoneVoice_valid__19663,29.411764705882355,5.88235294117647,-23.529411764705884,False,어느 체육관을 말씀하시는 걸까요,어떻게 생각을 말씀하시는 걸까요,어느 교육관을 말씀하시는 걸까요
AIHub_LowQualityPhoneVoice_valid__19671,66.66666666666666,0.0,-66.66666666666666,False,번호 메모 가능하실까요,너도 내놓으면 가능할까요,번호 메모 가능하실까요
AIHub_LowQualityPhoneVoice_valid__19678,25.0,6.25,-18.75,False,어 네 제가 한번 확인해볼 텐데요 잠시만 기다려주시겠습니까,어 네 제가 뭐 하신 애들 텐데요 잠시만 기다려주시겠습니다,어 네 제가 한번 확인해 볼 텐데요 잠시만 기다려 주시겠습니까
AIHub_LowQualityPhoneVoice_valid__19679,7.142857142857142,7.142857142857142,0.0,False,네 기다려주셔서 감사합니다,네 기다려 주셔서 감사합니다,네 기다려 주셔서 감사합니다
AIHub_LowQualityPhoneVoice_valid__19680,52.94117647058824,17.647058823529413,-35.294117647058826,False,네 이제 진행 구에는 네 다른 체육관은 확인되고 있지 않습니다,네 이제 기내구에는 빠른 체육 하는 영화가기도 합니다,네 이제 진해구에는 네 다른 지역까지 확인되고 있지 않습니다
AIHub_LowQualityPhoneVoice_valid__19682,42.857142857142854,14.285714285714285,-28.57142857142857,False,거기 뭐 물놀이 장이 있다 그러는데 버스 타고 갈라면 몇 번 타,거기 뭐 몰러리 자림이 있다 그랬는데 그 뻘쩍 타고 갈라면 예쁜,거기 뭐 물놀이 자리에 있다 그러는데 그 버스 타고 갈라면 몇 번 타
AIHub_LowQualityPhoneVoice_valid__19686,29.629629629629626,3.7037037037037033,-25.925925925925924,False,선생님 제가 한번 확인을 하고 안내를 드릴 텐데요,스러윈 제가 한 번 확인을 하고 안내를 드리신대요,선생님 제가 한 번 확인을 하고 안내를 드릴 텐데요
AIHub_LowQualityPhoneVoice_valid__19687,23.076923076923077,7.6923076923076925,-15.384615384615383,False,잠시만 기다려주시겠습니까,장시나 기다려 주시겠습니까,잠시만 기다려 주시겠습니까
AIHub_LowQualityPhoneVoice_valid__19719,12.5,0.0,-12.5,False,한 시간 정도는 소요가 됩니다,한 시간 정도는 세우가 됩니다,한 시간 정도는 소요가 됩니다
AIHub_LowQualityPhoneVoice_valid__19720,33.33333333333333,0.0,-33.33333333333333,False,네 지금 버스로는,네 지금 버스에 거는,네 지금 버스로는
AIHub_LowQualityPhoneVoice_valid__19731,44.44444444444444,11.11111111111111,-33.33333333333333,False,선생님 거락 마을,네 선생님이 거랑 마을,선생님 거랑 마을
AIHub_LowQualityPhoneVoice_valid__19736,80.0,75.0,-5.0,False,관광안내소 연락처 좀 알 수 있을까예,안 가 안 가,안 가 안 돼서 연락처를
AIHub_LowQualityPhoneVoice_valid__19739,75.0,20.0,-55.0,False,예 뭐 좀 문의 좀 할 게 있어가지고,예 뭐 해도 뭐,예 뭐 좀 문의 좀 하고 있어 가지고
AIHub_LowQualityPhoneVoice_valid__19749,0.0,0.0,0.0,False,아 죄송합니다 제가,아 죄송합니다 제가,아 죄송합니다 제가
AIHub_LowQualityPhoneVoice_valid__19750,72.72727272727273,9.090909090909092,-63.63636363636364,False,부서에 한번 여쭤보고,수업 한 바 낫다 보고,부서에 한 번 여쭤보고
AIHub_LowQualityPhoneVoice_valid__19761,62.857142857142854,60.0,-2.857142857142854,False,어대를 열댓 마리 그 키아나 갖추고 되겠냔 말이지 해수욕장 옆에,어리도 열댓말을 그 피하러 가 같이도 피하러 가고 되겠나 말이지 해줄 땐 옆에,오래를 열 때만 그 피아가 갇히고 피아가 갇고 되겠난 말이 해줬잖아 옆에
AIHub_LowQualityPhoneVoice_valid__19763,0.0,0.0,0.0,False,네 그러면은,네 그러면은,네 그러면은
AIHub_LowQualityPhoneVoice_valid__19768,32.69230769230769,15.384615384615385,-17.307692307692307,False,그 또랑에 또랑 또랑에다가 또랑에다가 또랑나 또랑하고 해수욕장하고 바로 옆에 붙었단 말입니다잉,그 또랑에 또랑 또랑에다가 또랑에다가 또랑아 또랑아가 바로 옆에 붙을 때도 아닙니다,그 또랑에 또랑 또랑에다가 또랑에다가 또랑하고 또랑하고 해설 때가 바로 옆에 붙었단 말입니다이
AIHub_LowQualityPhoneVoice_valid__19781,15.384615384615385,15.384615384615385,0.0,False,아 네 죄송한데 뭐 한 가지 물어볼라고 하는데요,아 네 죄송한데 만 한 가지 물어 골라고 하던데요,아 네 죄송한데 뭐 하나씩 물어볼라고 하는데요
AIHub_LowQualityPhoneVoice_valid__19791,12.5,0.0,-12.5,False,어디서 한다고요,어디서 한다구요,어디서 한다고요
AIHub_LowQualityPhoneVoice_valid__19799,91.66666666666666,58.333333333333336,-33.33333333333332,False,창원시랑 무관한 행사이,평화기란 뭐거나,상하수팀 앞 무관한 행사
AIHub_LowQualityPhoneVoice_valid__19812,24.390243902439025,7.317073170731707,-17.073170731707318,False,아 근게 무슨 그 창원시에서 뭐 부스를 내주고 뭐 이렇게 얘기가 들려가지고,아 근데 무슨 그 처음 시에 뭐 보스를 해주고 뭐 얘기 얘기가 들려가지고,아 근데 무슨 그 창원시에서 뭐 부수를 해주고 뭐 이렇게 얘기가 들려가지고
AIHub_LowQualityPhoneVoice_valid__19813,6.896551724137931,0.0,-6.896551724137931,False,예 아 창원시에서는 그런 거 한 적이 없다 이 얘기죠,예 아 창호시에서는 그런 거 한 적이 없던 이 얘기죠,예 아 창원시에서는 그런 거 한 적이 없다 이 얘기죠
AIHub_LowQualityPhoneVoice_valid__19825,18.181818181818183,9.090909090909092,-9.090909090909092,False,아 예 예 알겠습니다,아 예 알겠습니다,아 예예 알겠습니다
AIHub_LowQualityPhoneVoice_valid__19833,25.0,10.714285714285714,-14.285714285714286,False,기다려 주셔서 감사합니다 현재 이 근로장려금은 따로,기다려 주셔서 감사합니다 현재 근로장려 보는 서류,기다려 주셔서 감사합니다 현재 근로 장려금은 따로
AIHub_LowQualityPhoneVoice_valid__19834,13.043478260869565,4.3478260869565215,-8.695652173913043,False,국세청이라던가 이쪽으로는 확인해 보셨을까여,국세촌이라던가 이쪽으로는 확인해보셨을까요,국세청이라던가 이쪽으로는 확인해 보셨을까요
AIHub_LowQualityPhoneVoice_valid__19841,33.33333333333333,6.666666666666667,-26.66666666666666,False,번호 안내 한번 도와드릴까여,범원안내 한 번 도와드릴까요,번호 안내 한번 도와드릴까요
AIHub_LowQualityPhoneVoice_valid__19844,19.047619047619047,4.761904761904762,-14.285714285714285,False,어 아니시면 문자로 발송을 도와드릴까여,아 아니시면 문자로 결정을 도와드릴까요,어 아니시면 문자로 발송을 도와드릴까요
AIHub_LowQualityPhoneVoice_valid__19846,18.181818181818183,0.0,-18.181818181818183,False,그럼 문자 받으실 번호는 어떻게 되십니까,그럼 문자가 됐을 번호는 어떻게 되십니까,그럼 문자 받으실 번호는 어떻게 되십니까
AIHub_LowQualityPhoneVoice_valid__19860,90.0,0.0,-90.0,False,그렇습니까 지금 이,다시 일,그렇습니까 지금 이
AIHub_LowQualityPhoneVoice_valid__19872,0.0,16.666666666666664,16.666666666666664,False,아니 없어요,아니 없어요,아니요 없어요
AIHub_LowQualityPhoneVoice_valid__19880,30.76923076923077,0.0,-30.76923076923077,False,예 예 방문할 겁니다 네,예 어머니 할 겁니다 네,예 예 방문할 겁니다 네
AIHub_LowQualityPhoneVoice_valid__19894,0.0,0.0,0.0,False,네 맞습니다,네 맞습니다,네 맞습니다
AIHub_LowQualityPhoneVoice_valid__19900,27.380952380952383,10.714285714285714,-16.66666666666667,False,지금 이 완납 증명서 자체는 그 구청이나 읍면동 주민센터 방문하셔도 되긴 한데여 무인민원발급기에서는 조금 어렵기 때문에 이 점은 조금 참고 부탁드리구여,지금 이왔나 징역사 자체는 그 고창이나 음면 등 주민센터 방문하셔도 되긴 한데요 무인이나 발급계에서는 조금 어렵기 때문에 이담을 참고 부탁드리구요,지금 이 완납 증명서 자체는 그 구청이나 읍면동 주민센터 방문하셔도 되긴 한데요 무인 민원 발급기에서는 조금 어렵기 때문에 이 점을 참고 부탁드리고요
AIHub_LowQualityPhoneVoice_valid__19916,31.57894736842105,5.263157894736842,-26.31578947368421,False,음 저녁 열 시까지 가면 된다 그죠,이거 대능 일 시까지 가면 된다 그러죠,예 저녁 열 시까지 가면 된다 그죠
AIHub_LowQualityPhoneVoice_valid__19917,12.222222222222221,2.2222222222222223,-10.0,False,네 근데 이제 아무래도 구청 안에 있는 거다 보니까 업무 시간 내에서만 네 할 수 있기 때문에 최대한 여섯 시 안쪽으로 방문해 주시는 편이 훨씬 더 좋으실 거세여,근데 근데 이제 아무래도 구청 안에 있는 거다 보니까 업무 시간 내일 검사도 할 수 있기 때문에 최대한 여섯 시 안쪽으로 방문해주시는 편이 훨씬 더 좋으실 것이야,네 근데 이제 아무래도 구청 안에 있는 거다 보니까 업무 시간 내에서는 네 할 수 있기 때문에 최대한 여섯 시 안쪽으로 방문해 주시는 편이 훨씬 더 좋으실 거세요
AIHub_LowQualityPhoneVoice_valid__19919,53.84615384615385,7.6923076923076925,-46.15384615384615,False,다른 문의사항 있으십니까,말해보니 상 있으십니까,다른 문의 사항 있으십니까
AIHub_LowQualityPhoneVoice_valid__19927,16.27906976744186,2.3255813953488373,-13.953488372093023,False,선생님 그러면은 지금 그 민들레홀 쪽에 서류 하나를 두고 오셨다는 말씀이십니까,근데 그러네는 지금 그 민델레오 쪽에 서류 하나를 두고 오셨다는 말씀이십니까,선생님 그러면은 지금 그 민들레홀 쪽에 서류 하나로 두고 오셨다는 말씀이십니까
AIHub_LowQualityPhoneVoice_valid__19928,29.896907216494846,14.432989690721648,-15.463917525773198,False,네 종이 봉투인데 그 그 홀이 아니라 홀에 나와서 입구에 그 이제 그 장애인 분들 이제 내려가는 통로 그쪽 있잖아요 그쪽에 제가 올려둔 거 같은데 혹시 확인해 주실 수 있나요,근데 동이 공튼데 그 그 홀이 아니라 홀에 나와서 입구에 그 이제 그 뭐지 당일 분들 이제 내려가는 탕도 그쪽 있잖아요 그쪽이 오히려 좋은 거 같은데 아 그냥 혹시 입구에 해주실 수 있나요,네 종이 봉툰데 그 그 홀이 아니라 홀에 나와서 입구에 그 이제 그 뭐지 장애인분들 이제 내려가는 통로 그쪽 있잖아요 그쪽에서 올려주는 것 같은데 혹시 문의해 주실 수 있나요
AIHub_LowQualityPhoneVoice_valid__19944,50.0,0.0,-50.0,False,아니 없어요,아니 사이야,아니 없어요
AIHub_LowQualityPhoneVoice_valid__19958,66.66666666666666,0.0,-66.66666666666666,False,아 여보세요,아 역대역,아 여보세요
AIHub_LowQualityPhoneVoice_valid__19959,88.23529411764706,11.76470588235294,-76.47058823529412,False,예 하나 좀 여쭤볼 게 있는데여,이 하,예 하나 더 여쭤볼 게 있는데요
AIHub_LowQualityPhoneVoice_valid__19967,3.571428571428571,7.142857142857142,3.571428571428571,False,아 네 알겠습니다 혹시 더 다른 문의사항 있으실까여,아 네 알겠습니다 혹시 더 다른 문의사항 있으실까요,아 네 알겠습니다 혹시 더 다른 문의 사항 있으실까요
AIHub_LowQualityPhoneVoice_valid__19968,0.0,14.285714285714285,14.285714285714285,False,아니 없습니다,아니 없습니다,아니요 없습니다
AIHub_LowQualityPhoneVoice_valid__19974,35.714285714285715,7.142857142857142,-28.571428571428573,False,지금 혹시 그 세목별 과세 증명서라는 서류 아실까여,제가 혹시 그 새목열 과제진명서라는 설이 아실까요,지금 혹시 그 세목별 과세증명서라는 서류 아실까요
AIHub_LowQualityPhoneVoice_valid__19976,8.571428571428571,4.285714285714286,-4.285714285714286,False,그까 세목별 과세 증명서라고 해서 이제까지 선생님께서 납부했던 뭐 자동차세 주민세 뭐 이렇게 확인하실 수 있는 서류가 있는데여,그니까 칠목사 과제 분명서라고 해서 이제까지 선생님께서 납부했던 뭐 자동차세 주민세 뭐 이렇게 확인하실 수 있는 서류가 있는데요,그니까 세목별 과세증명서라고 해서 이제까지 선생님께서 납부했던 뭐 자동차세 주민세 뭐 이렇게 확인하실 수 있는 서류가 있는데요
AIHub_LowQualityPhoneVoice_valid__19977,13.580246913580247,8.641975308641975,-4.938271604938272,False,이 주민 죄송합니다 이중에서 재산세를 클릭을 하시면 이제 선생님께서 세금이 없다는 걸 증명을 하실 수가 있거든여 이제 납부한 그 내역이 없으니까여,중위 죄송합니다 이 중에서 계산세를 클릭을 하시면 이제 선생님께서 세금이 없다는 걸 준비를 하실 수가 있거든 이제 납부한 그 내역이 없으니까요,중인 죄송합니다 이 중에서 재산세를 클릭을 하시면 이제 선생님께서 세금이 없다는 걸 증명을 하실 수가 있거든요 이제 납부한 그 내역이 없으니까요
AIHub_LowQualityPhoneVoice_valid__19982,22.22222222222222,0.0,-22.22222222222222,False,아 예 알겠습니다,아 알겠습니다,아 예 알겠습니다
AIHub_LowQualityPhoneVoice_valid__19983,47.05882352941176,5.88235294117647,-41.17647058823529,False,네 더 다른 문의사항 있으십니까,네이더 바를 무리사에 쓰십니까,네 더 다른 문의 사항 있으십니까
AIHub_LowQualityPhoneVoice_valid__19996,40.0,10.0,-30.0,False,임의로 해야 되는데 예 그럴 경우는 어떻게 해야 되나여,이 논해야 되는데 얘 그 논형은 어떻게 해야 됨냐,문의를 해야 되는데 예 그럴 경우는 어떻게 해야 되나요
AIHub_LowQualityPhoneVoice_valid__20019,42.857142857142854,14.285714285714285,-28.57142857142857,False,예 자동차 세금이 밀려가지고 금액 확인 좀 할려고예,예 자동차 개근무 빌려가지고 금액 하니까 말라고 해,예 자동차 세금이 있는 가지고 금액 확인 좀 할라고예
AIHub_LowQualityPhoneVoice_valid__20024,100.0,10.0,-90.0,False,무엇을 도와드릴까여,오늘의 주제는 바이오,무엇을 도와드릴까요
AIHub_LowQualityPhoneVoice_valid__20032,100.0,37.5,-62.5,False,행복한 하루 돼,고등학생,네 행복한 하루 되
AIHub_LowQualityPhoneVoice_valid__20086,66.66666666666666,6.666666666666667,-59.99999999999999,False,장려금 그거 내 알아서 할게,사 뵌 건 거 거 내야나 살게,장려금 그거 내가 알아서 할게
AIHub_LowQualityPhoneVoice_valid__20096,16.666666666666664,0.0,-16.666666666666664,False,내 말하는데,내 말 하는데,내 말하는데
AIHub_LowQualityPhoneVoice_valid__20141,10.638297872340425,8.51063829787234,-2.127659574468085,False,이제 신청서의 그분 그까 이제 외국에 나가있는 그분께서 위임을 해주셔야 되는 부분인데,이게 시청자의 그분 그니까 이제 외국에 나가 있는 그분께서 위임을 해주셔야 되는 부분인데,이게 신청서에 그분 그니까 이제 외국에 나가 있는 그분께서 위임을 해주셔야 되는 부분인데
AIHub_LowQualityPhoneVoice_valid__20147,0.0,0.0,0.0,False,아 네 알겠습니다,아 네 알겠습니다,아 네 알겠습니다
AIHub_LowQualityPhoneVoice_valid__20167,14.285714285714285,0.0,-14.285714285714285,False,네 감사합니다,어 감사합니다,네 감사합니다
AIHub_LowQualityPhoneVoice_valid__20170,60.0,13.333333333333334,-46.666666666666664,False,호적 정정 신청 말씀이십니까,세자 적성 시청 맞습니까,폐병 정정 신청 말씀이십니까
AIHub_LowQualityPhoneVoice_valid__20176,100.0,0.0,-100.0,False,네 안녕하십니까,어,네 안녕하십니까
AIHub_LowQualityPhoneVoice_valid__20187,16.666666666666664,0.0,-16.666666666666664,False,송전탑 말고,송전닭 말고,송전탑 말고
AIHub_LowQualityPhoneVoice_valid__20189,26.984126984126984,14.285714285714285,-12.6984126984127,False,저 와 우리 뭐 이런 핸드폰 있다 아입니까 그죠 핸드폰 시내 같은 데 와 예 건물 같은 데 막 신호 온다 아입니까,저 와 우리 뭐 이날 핸드폰 있다니더게 핸드폰 시내 같은 데와 와이에 그 물 같은 데 막 신어 온다니까,저 와 우리 뭐 이런 핸드폰 있다 아닙니까 그지 핸드폰이 시내 같은 데 와예 건물 같은 데 막 채운다 아닙니까
AIHub_LowQualityPhoneVoice_valid__20190,0.0,0.0,0.0,False,그 그거 하는 데가 어디냐고,그 그거 하는 데가 어디냐고,그 그거 하는 데가 어디냐고
AIHub_LowQualityPhoneVoice_valid__20196,45.83333333333333,25.0,-20.83333333333333,False,그 시에서 그거를 내준다네요 그 저 송전탑을,그 실수 누구를 내준다니야 이 그 저 송전파발,그 시에서 그거를 내준다네예 이 그 저 송전 타바
AIHub_LowQualityPhoneVoice_valid__20203,28.947368421052634,23.684210526315788,-5.263157894736846,False,아 그까 아 그렇습니까 아 네 확인 너무 감사합니다 네 수고하십쇼 네,아 아 그렇습니다 아 네 확인 너무 감사합니다 네 다시 시작할께,아 그렇습니까 아 네 확인 너무 감사합니다 네 수고하십시오 아 네
AIHub_LowQualityPhoneVoice_valid__20250,27.659574468085108,4.25531914893617,-23.404255319148938,False,재산세라면 저희 위택스라던가 에이알에스로도 확인 가능한데 따로 조회하고자 하는 거세여,재산 세라면 저 위대스라던가 ars로도 하긴 가능한 데 따로 조회하고자 하시는 거세요,재산세라면 저희 위택스라던가 에이알에스로도 확인 가능한데 따로 조회하고자 하시는 거세요
AIHub_LowQualityPhoneVoice_valid__20268,66.66666666666666,16.666666666666664,-49.99999999999999,False,시청 맞나여,수능 만나야,시청 맞나요
AIHub_LowQualityPhoneVoice_valid__20274,90.0,10.0,-80.0,False,무엇을 도와드릴까여,여기서 할 일했어요,무엇을 도와드릴까요
AIHub_LowQualityPhoneVoice_valid__20284,33.33333333333333,7.4074074074074066,-25.925925925925924,False,아 네 기다려 주셔서 감사합니다 지금 담당자 통화 중으로 확인되는데여 이분 번호 안내 괜찮으실까여,아버지 말을 해줘서 감사합니다 지금 담당자 통화 중으로 문화 준대는데요 이후로 번호 왔네 괜찮으실까요,아 네 기다려 주셔서 감사합니다 지금 담당자 통화 중으로 확인되는데요 이 부분 번호 안내 괜찮으실까요
AIHub_LowQualityPhoneVoice_valid__20293,36.58536585365854,2.4390243902439024,-34.146341463414636,False,네 자동차세 한번 확인해 볼 텐데여 끊지 마시고 잠시만 기다려 주시겠습니까,네 자동차 수염 번 확인해볼 수 있음 뒤에 끊임없이 아시고 잠시만 기다려 주시겠습니까,네 자동차세 한번 확인해 볼 텐데요 끊지 마시고 잠시만 기다려 주시겠습니까
AIHub_LowQualityPhoneVoice_valid__20322,50.0,6.25,-43.75,False,그 사실 조회 신청을 했거든여,사실도에 신청했거든요,그 사실 조회 신청을 했거든요
AIHub_LowQualityPhoneVoice_valid__20339,45.83333333333333,20.833333333333336,-24.999999999999993,False,그래 긴가 현재 기간이 많다 보니까 가지다가,그래 그니까 행질 기간이 많다 보니까 카기에 따라,그래 그니까 현재 기간이 많다 보니까 가게에다가
AIHub_LowQualityPhoneVoice_valid__20341,23.140495867768596,6.6115702479338845,-16.528925619834713,False,그카믄 그 팔 년이라는 기간을 갖다가 언제부터 시침이 되는지 그게 궁금해가지고 그라는데 등기 이전 시키고 자기한테 그 오고 난 뒤에부터 시점인가 안 그러면 어르신이 돌아가시고 난 뒤에부터 그 시점인가 그거를 몰라가지고,그까 뭐 그 팔 년간을 기간을 갖다가 언제부터 시침이 되는지 그게 지금 궁금해가져라는데 등지에 전 시키고 자기한테 그 어고 난 게 부터 시침인가 안 그러면 여럿이 돌아가시곤 난 게 부터 더 시침인가 그거를 몰라가지고,그라믄 그 팔 년간을 기간을 갖다가 언제부터 시점이 되는지 그게 궁금해가지고 그러는데 등기 이전시키고 자기한테 그 오고 난 뒤에부터 시점인가 안 그러면은 어르신이 돌아가시고 난 뒤에부터 그 시점인가 그거를 몰라가지고
AIHub_LowQualityPhoneVoice_valid__20351,17.647058823529413,29.411764705882355,11.764705882352942,False,직급이나 직책이 어떻게 되실까여,치끌이나 직책이 어떻게 되실까요,지끈이나 지식이 어떻게 되실까요
AIHub_LowQualityPhoneVoice_valid__20380,33.33333333333333,24.444444444444443,-8.888888888888886,False,일단 한번 해보고 전화를 내가 한번 드리겠습니다 제가 다시 어떤 연결음이 나오는지,어 한번 해보고 전화를 한번 드리겠습니다 다시 이때는 연기램이 노는지,제가 한 번 해보고 전화를 한 번 드리겠습니다 다시 어떤 연결이 오는지
AIHub_LowQualityPhoneVoice_valid__20406,0.0,9.090909090909092,9.090909090909092,False,네 메모 가능하십니까,네 메모 가능하십니까,예 메모 가능하십니까
AIHub_LowQualityPhoneVoice_valid__20419,48.38709677419355,35.483870967741936,-12.903225806451616,False,민원지적과로 방문 하시는 게 가장 가까운 거리에 있습니다,안무나 중요한 게 가장 가까운 법이 있습니다,방문하시는 게 가장 가까운 곳으로 있습니다
AIHub_LowQualityPhoneVoice_valid__20447,30.76923076923077,0.0,-30.76923076923077,False,아 말씀 중에 죄송합니다,아 나 심경 죄송합니다,아 말씀 중에 죄송합니다
AIHub_LowQualityPhoneVoice_valid__20453,26.53061224489796,10.204081632653061,-16.3265306122449,True,어 선생님 그 개인 균 균등분 주민세라고 하시면 8월달에 만 이천 오백 원이고 이번 달에,아 그 개인 균등 균등권 주민대 라고 하시냐 삼 월 달에 만 이천 오백 원이고 이번 달에,어 선생님 그 개인 균등분 주민세라고 하시면 삼 월 달에 만 이천 오백 원이고 이번 달에
AIHub_LowQualityPhoneVoice_valid__20454,13.559322033898304,3.389830508474576,-10.169491525423728,False,그 납기 후 금액으로 가산금 붙어서 만 이천 팔백 몇 십 원으로 부과가 될 건데 육만 원이라는 말씀이십니까,그 납기소 금액으로 가상금 붙어서 만 이천 팔백 몇십 원으로 부과가 될 건데 육만 원이라도 말 있습니까,그 납기 후 금액으로 가상금 붙어서 만 이천 팔백 몇십 원으로 부과가 될 건데 육만 원이라는 말씀이십니까
AIHub_LowQualityPhoneVoice_valid__20456,47.61904761904761,23.809523809523807,-23.809523809523807,False,지방세인가 주민세인가 하여튼 안 낸 게 있는데 그거 확인 좀 할려고 하는데요,시강신가 김미신가 할 때 맞는 데 있는 데요 그거 하기 좀 할려고 하는 데요,지방센가 주민센가 할 때 맞는 게 있는데 그거 확인 좀 할려고 하는데요
AIHub_LowQualityPhoneVoice_valid__20463,50.0,25.0,-25.0,False,행정과 팩스 번호 말씀이십니까,식습 언어 말씀이십니까,팩스 번호 말씀이십니까
AIHub_LowQualityPhoneVoice_valid__20472,10.909090909090908,9.090909090909092,-1.8181818181818166,False,아니 시에서 등기부를 어떤 토지에 대해서 등기부를 떼 보니까 시에서 공공 용지를 협의 취득해 가지고,아니 시에서 등기부를 어떤 토지에 대해서 등기부를 내보니까 시에서 공공용서를 협의 취급해가지고,아니 시에서 등기부를 어떤 토지에 대해서 등기부를 떼보니까 시에서 공공 명세를 협회 취급해 가지고
AIHub_LowQualityPhoneVoice_valid__20476,20.0,10.0,-10.0,False,아니 제가 소 소유한 건 아니고 제가 소유하 그니깐 살려고 하는데 어 그,아니 제가 소 소화한 건 아니고 제가 손려 하 이거 할려고 하는데 어 그,아니 제가 소 소유한 건 아니고 제가 소유하 이까 살려고 하는데 엇 그
AIHub_LowQualityPhoneVoice_valid__20477,12.903225806451612,6.451612903225806,-6.451612903225806,False,지분을 제가 받을려고 하는데 나 남아 있는 지분을 시에서,지 지분을 제가 받을려고 하는데 나 나만 있는 지분을 시에서,지분을 제가 받을려고 하는데 남아 있는 지분을 시에서
AIHub_LowQualityPhoneVoice_valid__20478,25.64102564102564,2.564102564102564,-23.076923076923073,False,그 공공 용지의 협의 취득이라고 해가지고 다 이전을 해놨더라고요 그러면,그 공용기회 협의 지도기라고 해가지고 다 이전을 제깠드라고요 그러면,그 공공 용지의 협의 취득이라고 해가지고 다 이전을 해갔더라고요 그러면
AIHub_LowQualityPhoneVoice_valid__20479,44.73684210526316,13.157894736842104,-31.578947368421055,False,제가 이거를 취득을 하게 돼도 협의 취득으로 해서 시에서 이전 시로 이전이 되는 것 같은데 그거 관련해서는 어디에 문의를 해 봐야 되나요,제가 이걸 지도금 하기도 지도금에서 시에서 시에서 일전이 되는 거 같은데 그거 관련해서는 어디에 있는 의미세가 있잖아요,제가 이걸 취득을 하게 돼도 법이 취득을 해서 시에서 이자 시로 이전이 되는 것 같은데 그거 관련해서는 어디에 문의해봐야 되나요
AIHub_LowQualityPhoneVoice_valid__20490,26.666666666666668,6.666666666666667,-20.0,False,그 민원인께서 공매로 나온 토지를 이제 취득을 할려고 하시니까 했는데 이제 시에서,미사일 때 공부로 나온 토지를 이제 치르고 달려고 하시니까 했는데 이제 시에서,민원인께서 공대로 나온 토지를 이제 취득을 할려고 하시니까 했는데 이제 시에서
AIHub_LowQualityPhoneVoice_valid__20506,10.9375,4.6875,-6.25,False,최근 육 개월 이내에 촬영한 여권용 사진 넉넉히 두 장 그리고 지금 유효 기간 남아 있는 여권 준비해 주시면 됩니다,세금 육 개월 이내에 촬영한 여권 명사진 넉넉히 두 장 그리고 지금 유효기간 남아있는 여권 준비해주시면 됩니다,최근 육 개월 이내에 촬영한 여권용 사진 넉넉히 두 장 그리고 지금 유효기간 남아있는 여권 준비해주시면 됩니다
AIHub_LowQualityPhoneVoice_valid__20513,30.76923076923077,0.0,-30.76923076923077,False,아 말씀 너무 감사합니다,알았어 너무 감사합니다,아 말씀 너무 감사합니다
AIHub_LowQualityPhoneVoice_valid__20526,0.0,0.0,0.0,False,가로 삼 점 오 세로 사 점 오,가로 삼 점 오 세로 사 점 오,가로 삼 점 오 세로 사 점 오
AIHub_LowQualityPhoneVoice_valid__20530,25.0,12.5,-12.5,False,예 그리고 예 선생님 신청하시게 되면 신원 조회상 결격 사유 없으실 경우,예 그리고 예 선생님 신성하시게 되면 신원 저의 상 결과사이 없으실까,예 그리고 예 선생님 신청하시게 되면 신원조회상 결과파일 없으실 경우
AIHub_LowQualityPhoneVoice_valid__20535,16.666666666666664,2.380952380952381,-14.285714285714283,False,이제 오 년짜리 오 년 동안 무제한 사용 가능한 복수 여권 신청 가능하시구요,이제 오 년 달이 오 년 동안 무대한 사용 가능한 복수학과 신청 가능하시구요,이제 오 년짜리 오 년 동안 무제한 사용 가능한 복수 여권 신청 가능하시고요
AIHub_LowQualityPhoneVoice_valid__20539,12.82051282051282,2.564102564102564,-10.256410256410255,False,그런데 네 이 단수 여권으로는 입국이 불가능한 나라가 있을 수가 있어서,그런데 학회 이 단지 학권로는 입국이 불가능한 나라가 있을 수가 있어서,그런데 예 이 단수 여권으로는 입국이 불가능한 나라가 있을 수가 있어서
AIHub_LowQualityPhoneVoice_valid__20544,11.320754716981133,1.8867924528301887,-9.433962264150944,False,그 점심시간 열 두 시부터 한 시까지인데 담당자가 교대로 식사를 하기 때문에 업무는 가능하시구요,그 점심시간 열 두 시 부통실까지인데 담당자가 교대로 식사를 하기 때문에 업무는 가장하시구요,그 점심시간 열 두 시부터 한 시까지인데 담당자가 교대로 식사를 하기 때문에 업무는 가능하시고요
AIHub_LowQualityPhoneVoice_valid__20558,30.23255813953488,4.651162790697675,-25.581395348837205,False,아 선생님 제가 다시 한번 확인을 해볼 텐데요 어 선생님 혹시 방문하시는 곳이,아 저는 제가 다시 한번 확인을 해 볼 텐데요 아무도 안 확인 안 하시는 곳이,어 선생님 제가 다시 한 번 확인을 해볼 텐데요 어 선생님 혹시 방문하시는 곳이
AIHub_LowQualityPhoneVoice_valid__20560,26.08695652173913,7.246376811594203,-18.840579710144926,False,예 확실하게 좀 알아봐 주세요 왜냐면 제가 일부러 시간을 내가 가야 돼서 이게 또 안 되면 다시 서류를 다시 적어가야 되니까,예 한 시간을 좋아하라 가지고 왜냐면 제가 이불로 시간을 내가 가야 돼서 이게 또 안 되면 다시 소리로 다시 적어가야 되니까,예 확실하게 좀 알아봐 주세요 왜냐하면 제가 이불로 시간을 내가 가야 돼서 이게 또 안 되면 다시 서류를 다시 적어 가야 되니까
AIHub_LowQualityPhoneVoice_valid__20569,35.483870967741936,22.58064516129032,-12.903225806451616,False,뭐 서명을 하셨으면 다 서명해도 되구요 줄 끄으시면 돼요,뭐 서명을 하다 쓰면 다 서명하자 되고여 조금이시면 돼요,뭐 서명을 하셨으면 다 서명하셔도 되고요 주시면 돼요
AIHub_LowQualityPhoneVoice_valid__20572,18.96551724137931,6.896551724137931,-12.068965517241379,False,아 그냥 남편분이 따로 오지 않아도 그냥 남 그 잘못 도장 찍은 부분 줄 끗고 아내분 서명을 해도 되나요,아 근 남편분이 따로 오지 않아도 그냥 남 잘못 보상 찍은 부분 줄 꿉고 안에선 투명을 해도 되나요,아 그럼 남편분이 따로 오지 않아도 그냥 남 잘못 도장 찍은 부분 줄 끊고 아내분 서명을 해도 되나요
AIHub_LowQualityPhoneVoice_valid__20574,10.0,0.0,-10.0,False,자리에 남편분 도장을 찍었다고 합니다,나리에 남편도 도장을 찍었다고 합니다,자리에 남편분 도장을 찍었다고 합니다
AIHub_LowQualityPhoneVoice_valid__20596,12.5,9.375,-3.125,False,가족 관계 등록 담당 부서 쪽으로 방문을 해 주시면 되구요,가족관계 등록 담당 구속 쪽으로 방문을 해주시면 되구요,가족관계 등록 담당 부서 쪽으로 방문을 해주시면 되고요
AIHub_LowQualityPhoneVoice_valid__20611,63.1578947368421,23.684210526315788,-39.473684210526315,False,어 혹시 선생님 혹시 고지서를 아직 받지 못하셔서 문의 주시는 겁니까,옥시 선생님들 곧 있어도 아직 같이 못 하셔서,혹시 선생님 고지서를 아직 받지 못하셔서 문의 주셨습니까
AIHub_LowQualityPhoneVoice_valid__20614,4.878048780487805,2.4390243902439024,-2.4390243902439024,False,추석 그 앞쪽에 추석 되기 직전에 이제 발송을 하긴 했는데요 추석이 있어서,추석 그 앞쪽에 추석 되게 직전에 이제 배송을 하긴 했는데요 추석이 있어서,추석 그 앞쪽에 추석 대기 직전에 이제 발송을 하긴 했는데요 추석이 있어서
AIHub_LowQualityPhoneVoice_valid__20631,10.416666666666668,2.083333333333333,-8.333333333333336,False,네 그 오 년 전 귀화하신 배우자분의 가족 관계 증명서 상에 어머니 성함만 확인이 되고,이 그 오 년 전 귀화하신 배우사분의 가족관계증명서 상일 어머니 성함만 확인이 되고,네 그 오 년 전 귀화하신 배우자분의 가족관계 증명서 상에 어머니 성함만 확인이 되고
AIHub_LowQualityPhoneVoice_valid__20637,33.33333333333333,7.6923076923076925,-25.641025641025635,False,혹시 그 구청에 담당자가 있습니다 문의 주시는 지역구가 어떻게 되십니까,혹시 고통의 전당사가 있습니다 문의 주시는 지역구어가 될이십니까,혹시 구청의 담당자가 있습니다 문의 주시는 지역구가 어떻게 되십니까
AIHub_LowQualityPhoneVoice_valid__20653,0.0,0.0,0.0,False,아 재판 하셨습니까,아 재판 하셨습니까,아 재판 하셨습니까
AIHub_LowQualityPhoneVoice_valid__20671,6.896551724137931,10.344827586206897,3.448275862068966,False,네 맞습니다 동 주민 센터로 오시면 업무 어려우시구요,이 맞습니다 동 주민 센터로 오시냐 업무 어려우시구요,예 맞습니다 동 주민센터로 오시면 업무 어려우시고요
AIHub_LowQualityPhoneVoice_valid__20673,33.33333333333333,11.11111111111111,-22.222222222222218,False,아 저 저는 요기,아 저 터널 여기,아 저 저는 여기
AIHub_LowQualityPhoneVoice_valid__20676,46.15384615384615,0.0,-46.15384615384615,False,구청으로 방문을 하십니까,부청으로 광문 알았습니까,구청으로 방문을 하십니까
AIHub_LowQualityPhoneVoice_valid__20679,17.647058823529413,0.0,-17.647058823529413,False,구청으로 방문을 하신다고 하시면,별로 방문을 하신다고 하시면,구청으로 방문을 하신다고 하시면
AIHub_LowQualityPhoneVoice_valid__20686,54.54545454545454,9.090909090909092,-45.454545454545446,False,예 신 신분증 원본예,예 시 신문투 원 봤냬,예 시 신분증 원본예
AIHub_LowQualityPhoneVoice_valid__20688,38.46153846153847,7.6923076923076925,-30.769230769230774,False,아 선생님 그리고 참고로,아 코넷 그리고 팜저로,아이 선생님 그리고 참고로
AIHub_LowQualityPhoneVoice_valid__20691,14.285714285714285,0.0,-14.285714285714285,False,예 감사합니다,네 감사합니다,예 감사합니다
AIHub_LowQualityPhoneVoice_valid__20699,83.33333333333334,66.66666666666666,-16.666666666666686,False,잠깐만 요거,끄네도 가고,그거는 이거
AIHub_LowQualityPhoneVoice_valid__20702,14.285714285714285,14.285714285714285,0.0,False,예 감사합니다,어 감사합니다,네 감사합니다
AIHub_LowQualityPhoneVoice_valid__20723,28.57142857142857,14.285714285714285,-14.285714285714285,False,저 저희 차를,여기 저희 차를,저희 저희 차를
AIHub_LowQualityPhoneVoice_valid__20731,38.88888888888889,11.11111111111111,-27.777777777777782,False,아 예 다른 문의 사항 있으십니까,아냐 다른 분이 사람 계십니까,아니요 다른 문의 사항 있으십니까
AIHub_LowQualityPhoneVoice_valid__20735,44.44444444444444,13.88888888888889,-30.555555555555554,False,예 예 뭐 체난한 아 제가 뭐 그 하나 지방세 증명서 하나 떴는데,에 뭐 채남 하 아 제가 뭐 그 하나 시 당시에 증명세나 껐는데,예 예 뭐 체납하 아 제가 뭐 그 하나 지방세 증명서는 안 떴는데
AIHub_LowQualityPhoneVoice_valid__20741,39.285714285714285,3.571428571428571,-35.714285714285715,False,그 선생님께서 공인 인증서 있으시면 확인 가능하신데,그 선생님도 공익인증도 있으시냐 사진 감양하신대,그 선생님께서 공인인증서 있으시면 확인 가능하신데
AIHub_LowQualityPhoneVoice_valid__20743,0.0,0.0,0.0,False,입금도 시키고 해야 되는데,입금도 시키고 해야 되는데,입금도 시키고 해야 되는데
AIHub_LowQualityPhoneVoice_valid__20748,25.0,15.625,-9.375,False,체납 징수 담당자 연결 도와드리겠습니다 잠시만 기다려 주시,선악진에서 담당자 연결 도와드리겠습니다 잠시만 기다려주세요,체납 진도 담당자 연결 도와드리겠습니다 잠시만 기다려주세요
AIHub_LowQualityPhoneVoice_valid__20750,40.0,0.0,-40.0,False,무엇을 도와드릴까요,뭐 어쩔 도와드릴까요,무엇을 도와드릴까요
AIHub_LowQualityPhoneVoice_valid__20757,75.0,0.0,-75.0,False,지방세 체납 관련해서는,이 방식 트너크 예전에서는,지방세 체납 관련해서는
AIHub_LowQualityPhoneVoice_valid__20766,0.0,0.0,0.0,False,아 지역구가,아 지역구가,아 지역구가
AIHub_LowQualityPhoneVoice_valid__20771,25.0,0.0,-25.0,False,담당자 말씀드리겠습니다,방정사 말씀드리겠습니다,담당자 말씀드리겠습니다
AIHub_LowQualityPhoneVoice_valid__20786,30.555555555555557,8.333333333333332,-22.222222222222225,False,아 예 선생님 유효 기간이 팔 월까지 만료가 되었다는 말씀이십니까,아 이제 유력 이관이 팔 월까지 만료가 돼 왔다는 말씀이십니까,아 선생님 유효기간이 팔 월까지 만료가 되었다는 말씀이십니까
AIHub_LowQualityPhoneVoice_valid__20795,17.77777777777778,0.0,-17.77777777777778,False,예 선생님 만약에 오늘 금요일날 신청을 아 죄송합니다 오늘 화요일날 신청을 하시고,네 선을 만나게 오늘 금요일 날 신청 아 죄송합니다 오늘 화요일 날 신청을 하시고,예 선생님 만약에 오늘 금요일날 신청을 아 죄송합니다 오늘 화요일날 신청을 하시고
AIHub_LowQualityPhoneVoice_valid__20807,22.22222222222222,22.22222222222222,0.0,False,예 팔 월달요 팔 월 십 며칠이었던 것 같은데 네,예 팔 월 달에 팔 월 십 몇 일이었던 거 같은데 네,예 팔 월달 이거 팔 월 십 몇 일이었던 것 같은데 네
AIHub_LowQualityPhoneVoice_valid__20814,3.125,3.125,0.0,False,어 죄송한데 몇 시까지 가야 되나요 지금 저희 출발할 건데,어 죄송한데 몇 시까지 가야 되나요 지금 저희 출근할 건데,어 죄송한데 몇 시까지 가야 되나요 지금 저희 출근할 건데
AIHub_LowQualityPhoneVoice_valid__20824,7.317073170731707,0.0,-7.317073170731707,False,오늘과 같은 매주 화요일은 오후 여덟 시까지 연장 업무를 보고 있기 때문에,오늘바 같은 매주 화요일은 오후 여덟 시까지 안장업무를 보고 있기 때문에,오늘과 같은 매주 화요일은 오후 여덟 시까지 연장 업무를 보고 있기 때문에
AIHub_LowQualityPhoneVoice_valid__20826,6.896551724137931,10.344827586206897,3.448275862068966,False,아 근데 화요 그면은 그때 만들어도 금요일까지 오나요,아 근데 하루 그면은 그때 만들어도 금요일까지 오나요,아 근데 할 그러면은 그때 만들어도 금요일까지 오나요
AIHub_LowQualityPhoneVoice_valid__20831,24.242424242424242,18.181818181818183,-6.060606060606059,False,아 예 선생님 그렇다고 할지라도 이제 처리 기간은 똑같습니다,아 예고는 그렇다고 할지라도 이제 처리기들하고 똑같습니다,아 예 고객님 그렇다고 할지라도 이제 처리 중이라면 똑같습니다
AIHub_LowQualityPhoneVoice_valid__20848,17.94871794871795,0.0,-17.94871794871795,False,구청에서 혼인 신고를 하신다면 구청에서 가능하신데요 방문 가능한 구청이,부청에서 국민신고를 하신다면 부청에서 가능하신대요 방문 가능한 부청이,구청에서 혼인 신고를 하신다면 구청에서 가능하신데요 방문 가능한 구청이
AIHub_LowQualityPhoneVoice_valid__20872,80.0,0.0,-80.0,False,무엇을 도와드릴까요,도하철 도하제 되니까요,무엇을 도와드릴까요
AIHub_LowQualityPhoneVoice_valid__20883,46.666666666666664,0.0,-46.666666666666664,False,번호를 하나 안내해 드릴까요,언어를 하나 안 내디를까요,번호를 하나 안내해 드릴까요
AIHub_LowQualityPhoneVoice_valid__20885,50.0,10.714285714285714,-39.285714285714285,False,아 뭐 구비 서류나 절차는 확인을 다 하셨다는 말씀,어 뭐 거기 서른아저씨한테 올 차는 확인을 다 해줬다는 말,어 뭐 구비 서류나 절차는 확인을 다 하셨던단 말씀
AIHub_LowQualityPhoneVoice_valid__20915,90.0,50.0,-40.0,False,조심히 방문하시고요,오케이 광고 나,더 문의하시고요
AIHub_LowQualityPhoneVoice_valid__20926,20.0,10.76923076923077,-9.23076923076923,False,일단 먼저 미성년 자녀 분에 대한 여권 신청은 친권자인 부모님 두 분 중에서 한 분이 방문하셔서 신청을 하셔야 되고요,안 완전 의상 전 자녀분에 대한 여권신청은 친권자인 부모님 부모님 중에서 한 분이 방문하셔서 신청을 하셔야 되고요,먼 먼저 미성년 자녀분에 대한 여권 신청은 친권자인 두 분 중에서 한 분이 방문하셔서 신청을 하셔야 되고요
AIHub_LowQualityPhoneVoice_valid__20932,20.588235294117645,5.88235294117647,-14.705882352941174,False,아니요 오늘 오늘 촬영해서 바로 지금 신청하러 가려고 하거든요,아니 오늘 오늘 촬영에서 바로 지금 흰 속 하러 갈려고 하거든요,아니 오늘 오늘 촬영해서 바로 지금 신청하러 갈려고 하거든요
AIHub_LowQualityPhoneVoice_valid__20950,33.33333333333333,11.11111111111111,-22.222222222222218,False,등기 우편으로 착불 발송이 되는데,북교육편으로 차골 발송이 되는데,등기부 편으로 착불 발송이 되는데
AIHub_LowQualityPhoneVoice_valid__20985,15.625,3.125,-12.5,False,일단은 성인이신 선생님 본인 여권에 대한 재발급 내용인가요,일단은 성인에서 선생님도의 본인 여건에 대한 재발급 내용인가요,일단은 성인이실 선생님 본인 여권에 대한 재발급 내용인가요
AIHub_LowQualityPhoneVoice_valid__20992,31.57894736842105,10.526315789473683,-21.05263157894737,False,실례지만 지금 군인 아니시고 군 복무 마치신 일반인 남성 분 맞습니까,실례지만 이은 군인 아니시고 근복만 마치시니 일반인 남성분이 마씁니다,실례지만 지금 군인 아니시고 군 복무 맞으신 일반인 남성분이 맞습니까
AIHub_LowQualityPhoneVoice_valid__21001,0.0,0.0,0.0,False,네 그리고 사진은 혹시 촬영하셨습니까,네 그리고 사진은 혹시 촬영하셨습니까,네 그리고 사진은 혹시 촬영하셨습니까
AIHub_LowQualityPhoneVoice_valid__21003,3.278688524590164,1.639344262295082,-1.639344262295082,False,그렇습니까 사진은 최근 육 개월 이내에 촬영한 것으로 가로가 삼 점 오 센치 세로가 사 점 오 센치여야 하고요,그렇습니까 사진은 최근 육 개월 안에 촬영한 것으로 가로가 삼 점 오 센치 세로가 사 점 오 센치여야 하고요,그렇습니까 사진은 최근 육 개월 이내 촬영한 것으로 가로가 삼 점 오 센치 세로가 사 점 오 센치여야 하고요
AIHub_LowQualityPhoneVoice_valid__21013,18.181818181818183,0.0,-18.181818181818183,False,오늘 중에 방문하실 거라면 한 일곱 시 삼 사십 분 정도까지,오늘 중에 강릉에 일 거라며 한 일곱 시 삼 사십 분 정도까지,오늘 중에 방문하실 거라면 한 일곱 시 삼 사십 분 정도까지
AIHub_LowQualityPhoneVoice_valid__21017,52.94117647058824,11.76470588235294,-41.1764705882353,False,수수료도 마저 안내 도와드릴까요,소설이도 마 나도 안내 도와드리,수수료도 마저 안내 도와드릴
AIHub_LowQualityPhoneVoice_valid__21019,22.22222222222222,0.0,-22.22222222222222,False,성인은 십 년짜리 복수 여권하고 일 년짜리 단수 여권으로 구분해서 발급 가능한데요,성인은 십 년 차례 목표 여권하고 일 년 차례 단수 여권으로 구근해서 발표 가능한데요,성인은 십 년짜리 복수 여권하고 일 년짜리 단수 여권으로 구분해서 발급 가능한데요
AIHub_LowQualityPhoneVoice_valid__21029,70.0,0.0,-70.0,False,무엇을 도와드릴까요,누가 제일 도와줄일까요,무엇을 도와드릴까요
AIHub_LowQualityPhoneVoice_valid__21032,33.33333333333333,0.0,-33.33333333333333,False,어디로 전화해야 됩니까,여기도 전화해야 되니까,어디로 전화해야 됩니까
AIHub_LowQualityPhoneVoice_valid__21075,13.793103448275861,3.4482758620689653,-10.344827586206897,False,네 법원 판결 이후에 다시 한번 문의 부탁드리겠습니다,네 법원 판결 이후에 다시 한 번 문 입으탁드리겠습니다,네 법원 판결 이후에 다시 한 번 문의 부탁드리겠습니다
AIHub_LowQualityPhoneVoice_valid__21104,80.0,0.0,-80.0,False,무엇을 도와드릴까요,도어락 드려 도와주실까요,무엇을 도와드릴까요
AIHub_LowQualityPhoneVoice_valid__21127,25.0,0.0,-25.0,False,상가 건물인가요,삼각 건물인가요,상가 건물인가요
AIHub_LowQualityPhoneVoice_valid__21130,19.565217391304348,13.043478260869565,-6.521739130434783,False,오피스텔 건물 같은 경우에는 주거용이냐 사무용이냐에 따라서 좀 담당 부서가 틀린데요,오키스텔 건물 같은 경우에는 주거용이나 사무 용이나 따라서 좀 담당구사가 틀린대요,오키스텔 건물 같은 경우에는 주거용이나 사무용에 네 따라서 좀 담당부서가 틀린데요
AIHub_LowQualityPhoneVoice_valid__21141,30.0,10.0,-20.0,False,어 어디서 검색이 되지 않는다는 말씀,어 어디서 갑자기 되지 않는다는 말씀이시죠,어 어디서 검색이 되지 않는다는 말씀이신
AIHub_LowQualityPhoneVoice_valid__21142,36.84210526315789,10.526315789473683,-26.315789473684205,False,나라 장터 홈페이지에서 안 되거든요,따라장터 에 대해서 안 되거든요,따라장터 홈페이지에서 안 되거든요
AIHub_LowQualityPhoneVoice_valid__21143,66.66666666666666,0.0,-66.66666666666666,False,네 사업자 번호가 맞는 거죠 이게,사업기업 문어가 맞는다더,네 사업자 번호가 맞는 거죠 이게
AIHub_LowQualityPhoneVoice_valid__21156,7.142857142857142,0.0,-7.142857142857142,False,종합 운동장 알고 계십니까,조합 운동장 알고 계십니까,종합 운동장 알고 계십니까
AIHub_LowQualityPhoneVoice_valid__21172,38.46153846153847,3.8461538461538463,-34.61538461538462,False,네 어 집 명의 변경할려고 하는데요 개명을 해서,네 어 직면이 변경 전력으로 가는데요 개명을 해서,네 어 집 명의 변경하려고 하는데요 개명을 해서
AIHub_LowQualityPhoneVoice_valid__21179,0.0,0.0,0.0,False,검인을 받는 부분이 있는데 혹시 이거는 따로 받으셨나요,검인을 받는 부분이 있는데 혹시 이거는 따로 받으셨나요,검인을 받는 부분이 있는데 혹시 이거는 따로 받으셨나요
AIHub_LowQualityPhoneVoice_valid__21184,16.94915254237288,10.16949152542373,-6.779661016949149,False,아 선생님 그러시면은 너무 죄송하게도 등기소 쪽으로 혹시나 변경하셔야 되는 부분 확인해주셔야 됩니다 선생님,아 근데 그러시려니 너무 죄송해도 금지기사 쪽으로 혹시나 변경하셔야 되는 부분 확인해주셔야 됩니다 선생님,아 그러시면은 너무 죄송하게도 등기사 쪽으로 혹시나 변경하셔야 되는 부분 확인해 주셔야 됩니다 선생님
AIHub_LowQualityPhoneVoice_valid__21194,53.333333333333336,13.333333333333334,-40.0,False,공시지가가 등록이 안 되니까,엑시가 만든 거기가 안 되니까,공시가가 등록이 안 됩니까
AIHub_LowQualityPhoneVoice_valid__21195,52.5,10.0,-42.5,False,근데 이거 자료가 등록이 안 돼 가지고 뭐 대출하는데 안 된다 하더라고예,니가 자료가 뜬 얘기 안 되잖아 니가 뭐 배출하는 데 안 된다드라고요,근데 이거 자료가 등록이 안 돼가지고 뭐 배출하는데 안 된다더라고예
AIHub_LowQualityPhoneVoice_valid__21197,11.76470588235294,5.88235294117647,-5.88235294117647,False,어 그건 제가 잘 모르는데 일단,어 그 제가 잘 모르겠는데 일단,어 그 제가 잘 모르는데 일단
AIHub_LowQualityPhoneVoice_valid__21198,37.142857142857146,22.857142857142858,-14.285714285714288,False,공시지가가 등록이 돼야 뭐 된다는데 그건 어떻게 잘 몰라 가지고,오십가 같은 놈이 돼야 뭐 된다는데 그거 어떻게 쳐도 잘 몰라가지고,공시가 등록이 돼야 하면 된다는데 그건 어떻게 저도 잘 몰라가지고
AIHub_LowQualityPhoneVoice_valid__21203,22.5,5.0,-17.5,False,아 제가 담당하고 있는 부서 바로 연결해볼 텐데 잠시만 기다려주시겠습니까,아 니가 담당하고 있는 거보다 바로 연결해 볼 때인지 잠시만 기다려 주시겠습니까,아 제가 담당하고 있는 부서 바로 연결해 볼 텐데 잠시만 기다려 주시겠습니까
AIHub_LowQualityPhoneVoice_valid__21212,6.0606060606060606,0.0,-6.0606060606060606,False,어 선생님 저희 우선 기간 그 연장하는 제도 자체가 없어져서,아 선생님 저희 우선 기간 길 연장하는 제도 자체가 없어져서,어 선생님 저희 우선 기간 그 연장하는 제도 자체가 없어져서
AIHub_LowQualityPhoneVoice_valid__21228,29.629629629629626,7.4074074074074066,-22.22222222222222,False,예 기간 만료 일이 한 일 년 정도 지난 사람은요,예 기간 말르기 한 이 년 정도 지나는 사람은요,예 기간 만료일이 한 이 년 정도 지난 사람은요
AIHub_LowQualityPhoneVoice_valid__21238,13.20754716981132,7.547169811320755,-5.660377358490566,False,여권의 장 수는 많을 경우에는 오만 삼천 원이고 적을 경우에는 오만 원 이렇게 나뉘어져 있습니다,여권의 장수는 만 일 경우에는 오만 삼천 원이고 사 급 경우에는 오만 원 이렇게 나뉘어져 있습니다,여권의 장수 만일 경우에는 오만 삼천 원이고 적을 경우에는 오만 원 이렇게 나뉘어져 있습니다
AIHub_LowQualityPhoneVoice_valid__21249,0.0,0.0,0.0,False,아 예 알겠습니다 감사합니다,아 예 알겠습니다 감사합니다,아 예 알겠습니다 감사합니다
AIHub_LowQualityPhoneVoice_valid__21267,35.294117647058826,5.88235294117647,-29.411764705882355,False,네 네 잠시만 기다려주시겠습니까,네 네 잠시만 두 달은 쉬겠습니까,네 네 잠시만 기다려 주시겠습니까
AIHub_LowQualityPhoneVoice_valid__21276,37.142857142857146,20.0,-17.142857142857146,False,아 지방세 선생님 이게 실례지만 체납 관련해서 담당자 찾으십니까,아 기장 쌤 이제 신론소대 체사 관련해서 담당도 찾으십니까,아 기장 쌤 선생님 실례지만 체납 관련해서 담당자 찾으십니까
AIHub_LowQualityPhoneVoice_valid__21279,18.181818181818183,0.0,-18.181818181818183,False,그 아파트는 재산세가,그 아파트는 최산체가,그 아파트는 재산세가
AIHub_LowQualityPhoneVoice_valid__21283,42.857142857142854,0.0,-42.857142857142854,False,지방세 담당하고 있는 부서 말씀이십니까,기반생 감당하고 있는 부사 말해 주실까,지방세 담당하고 있는 부서 말씀이십니까
AIHub_LowQualityPhoneVoice_valid__21292,40.74074074074074,0.0,-40.74074074074074,False,여권을 동 주민센터에서 신청 가능한지 말씀이십니까,여권이 동시민평소에서 신청 가능한 시가 있습니까,여권을 동 주민센터에서 신청 가능한지 말씀이십니까
AIHub_LowQualityPhoneVoice_valid__21293,38.095238095238095,11.904761904761903,-26.19047619047619,True,상담사1선생님 너무 죄송합니다 저희 여권은 동 주민센터에서는 신청이 어렵구요,사님 너무 죄송합니다 저희 여권의 동생 센터에서는 심탕 여력부야,선생님 너무 죄송합니다 저희 여권은 동 주민센터에서는 신청이 어렵고요
AIHub_LowQualityPhoneVoice_valid__21305,22.727272727272727,1.5151515151515151,-21.21212121212121,False,아 그러시면 그냥 간단하게 선생님 신분증이랑 최근 육 개월 이내 촬영한 여권류 사진 넉넉하게 두 장 지참해주시면 됩니다,아 그러시면 그냥 간단하게 선생님 신부증이랑 책은 육 개월 안에 촬영한 여권 용사증이 적립하기 두 장씩 설명해주시면 됩니다,아 그러시면 그냥 간단하게 선생님 신분증이랑 최근 육 개월 이내 촬영한 여권용 사진 넉넉하게 두 장 지참해주시면 됩니다
AIHub_LowQualityPhoneVoice_valid__21312,15.384615384615385,3.8461538461538463,-11.538461538461538,False,그 가로가 삼 점 오 세로가 이제 사 점 오인데,그게 가루가 삼 쩜 오 세로가 이제 사 쩜 오인데,그 가루가 삼 점 오 세로가 이제 사 점 오인데
AIHub_LowQualityPhoneVoice_valid__21323,23.4375,12.5,-10.9375,False,네 네 삼천 원 이제 차이이고 여권 장 수는 뭐 스물 네 장이랑 열 두 장 이런 식으로 나 나뉘어져 있거든요 선생님,근데 이 삼 장만 인제 차이고 여권 장수 뭐 스물 네 장이랑 열 두 장 이런 식으로 나뉘어 있거든여 선생님이,네 네 삼 점은 이제 차이고 여권 장수 뭐 스물 네 장이랑 열 두 장 이런 식으로 나뉘어져 있거든요 선생님
AIHub_LowQualityPhoneVoice_valid__21327,25.0,10.714285714285714,-14.285714285714286,False,아 차 차이 많이 나는데 어 오천 원 차이인데 그죠,아 차이 많이 나는데 어 오천 원 차이긴 게 그저임,아 혹시 차이 많이 나는데 어 오천 원 차이인데 그죠잉
AIHub_LowQualityPhoneVoice_valid__21344,80.0,53.333333333333336,-26.666666666666664,False,혼인 신고 때문에 드렸는데요,우리 인신국 때문에 문 대통령 잘 드렸는데요,본인 신고 때문에 궁금해서 전화드렸는데요
AIHub_LowQualityPhoneVoice_valid__21356,36.84210526315789,10.526315789473683,-26.315789473684205,False,아 그러면 그 이제 진행되는 동안 그 접수증을 발급해주시나요 저희한테,아 그러면 그 인제 진행 배원도 접수층을 발급해주신다는 저에요,아 그러면 그 인제 진행되는 동안 접수증을 발급해 주시나요 저희한테
AIHub_LowQualityPhoneVoice_valid__21362,18.421052631578945,15.789473684210526,-2.6315789473684195,False,아 그러시면 두 분 신분증이랑 그리고 혼인 신고 사실문 작성하셨습니까,아 그러시면은 두 분 신상튼이랑 그리고 손예신고 사실은 작성하셨습니까,아 그러시면은 두 분 신분증이랑 그리고 혼인 신고서시면 작성하셨습니다
AIHub_LowQualityPhoneVoice_valid__21372,33.33333333333333,8.333333333333332,-24.999999999999996,False,홈페이지 서식 방에서 따로 출력하셔도 되시고,스페인치 서식당에서 따로 출리학 하셔도 되시고,홈페이지 서식당에서 따로 출력하셔도 되시고
AIHub_LowQualityPhoneVoice_valid__21373,50.0,33.33333333333333,-16.66666666666667,False,출력을 각각 해 가지고,수영을 바까 개가지고,출력을 바까개 가지고
AIHub_LowQualityPhoneVoice_valid__21384,31.11111111111111,11.11111111111111,-20.0,False,결혼하실 배우자 분 지인 상관 없이 이제 뭐 예 예 그게 가능하다는 말씀드렸습니다,결혼 다시 재우자도인지 인상관없이 이제 뭐 에이 그게 가능하다는 말씀 드렸습니다,결혼하실 비우자분 지인 상관없이 이제 뭐 예 그게 가능하다는 말씀드렸습니다
AIHub_LowQualityPhoneVoice_valid__21388,4.0,0.0,-4.0,False,아 그럼 그걸 작성해서 방문해서 그거를 드리면,아 그 그걸 작성해서 방문해서 그거를 드리면,아 그럼 그걸 작성해서 방문해서 그거를 드리면
AIHub_LowQualityPhoneVoice_valid__21415,19.35483870967742,9.67741935483871,-9.67741935483871,False,아니요 아니요 내가 그 지금 갱신해야 되는 상황이 있어서,아니 아니요 내 지금 결실해야 되는 상황이 있어서,아니 아니요 내가 지금 갱신해야 되는 상황이 있어서
AIHub_LowQualityPhoneVoice_valid__21419,0.0,0.0,0.0,False,얼마나 걸리나요,얼마나 걸리나요,얼마나 걸리나요
AIHub_LowQualityPhoneVoice_valid__21427,57.14285714285714,0.0,-57.14285714285714,False,예 예 운동장,예 여보동당,예 예 운동장
AIHub_LowQualityPhoneVoice_valid__21449,0.0,0.0,0.0,False,일단 알겠습니다,일단 알겠습니다,일단 알겠습니다
AIHub_LowQualityPhoneVoice_valid__21452,27.631578947368425,5.263157894736842,-22.368421052631582,False,그렇기 때문에 주소지 관할 동 주민 센터 내방하셔 가지고 인감 등록하시고 동 주민 센터에서 등본도 이렇게 함께 발급하시면 될 것 같으세요,그렇기 때문에 수술 시간에 종주민 센터 내강하셔가지고 인간 등록하시고 종주민 센터에서 등돈도 이렇게 한 개 갈�급했으면 될 것 같으세요,그렇기 때문에 주소지 간에 동 주민센터 내방하셔 가지고 인감 등록하시고 동 주민센터에서 등본도 이렇게 함께 발급하시면 될 것 같으세요
AIHub_LowQualityPhoneVoice_valid__21457,23.655913978494624,3.225806451612903,-20.43010752688172,False,주소지 변경을 하셔도 상관은 없는데 그러시면 이제 뭐 전입 신고를 따로 절차를 다시 밟아주시고 이제 그 마찬가지로 해당 동 주민 센터로 내방하셔 가지고 등록해 주셔야죠,두부 집 전쟁을 하셔서 상관은 없는데 그러시면 이제 뭐 전입 신고를 따로 절사를 다시 밟아주시고 이제 그 마찬가지로 회의당 종주민 센터를 내가으셔가지고 전역해주셔야 해서,주소지 변경을 하셔도 상관은 없는데 그러시면 이제 뭐 전입신고를 따로 절차를 다시 밟아주시고 이제 그 마찬가지로 해당 동 주민센터로 내방하셔 가지고 등록해주셔야죠
AIHub_LowQualityPhoneVoice_valid__21468,11.11111111111111,0.0,-11.11111111111111,False,지역 같은 경우는 매월 둘째 넷째 월요일에 저희 상담이 가능하구요,기업 같은 경우는 네 월 둘째 넷째 월요일에 저희 상담이 가능하구요,지역 같은 경우는 매월 둘째 넷째 월요일에 저희 상담이 가능하구요
AIHub_LowQualityPhoneVoice_valid__21485,100.0,44.44444444444444,-55.55555555555556,False,신청을 해야 해요,헌허헤어,통화해야 해요
AIHub_LowQualityPhoneVoice_valid__21503,28.57142857142857,0.0,-28.57142857142857,False,네 감사합니다,감사합니다,네 감사합니다
AIHub_LowQualityPhoneVoice_valid__21518,130.0,0.0,-130.0,False,무엇을 도와드릴까요,오늘 오신사드레이드 아이오,무엇을 도와드릴까요
AIHub_LowQualityPhoneVoice_valid__21538,13.333333333333334,0.0,-13.333333333333334,False,여권 사진 규격 말씀이십니까,여권 사진 규정 말씀십니까,여권 사진 규격 말씀이십니까
AIHub_LowQualityPhoneVoice_valid__21575,0.0,0.0,0.0,False,네 가능합니다,네 가능합니다,네 가능합니다
AIHub_LowQualityPhoneVoice_valid__21580,31.57894736842105,26.31578947368421,-5.2631578947368425,False,좀 전에 전화했던 계속 등록된 거인데 문자가 안 와가고 직통 전화번호,쫌 전에 전화했다 계속 돈을 땜에 그랬는데 문자가 안 와가지고 집통 전화번호,좀 전에 전화했던 개소 등록 때문에 그랬는데 문자가 안 와가지고 직통 전화번호
AIHub_LowQualityPhoneVoice_valid__21589,92.3076923076923,15.384615384615385,-76.92307692307692,False,원활한 업무처리 되십시오,어 나름 아무 사람이 쉽지,원활한 업무 처리되십시오
AIHub_LowQualityPhoneVoice_valid__21615,41.66666666666667,16.666666666666664,-25.000000000000007,False,나 그만 하고 싶은데요,나 그만하고 싶음 내가,네 그만하고 싶은데요
AIHub_LowQualityPhoneVoice_valid__21641,42.857142857142854,0.0,-42.857142857142854,False,그러니까 이런 거예요 내가 만약에 전화하시는 분한테,그니까 이름도에요 내가 먼저 얘기 잘 하시는 분한테,그러니까 이런 거예요 내가 만약에 전화하시는 분한테
AIHub_LowQualityPhoneVoice_valid__21643,27.659574468085108,21.27659574468085,-6.382978723404257,False,내가 어디 어디에 누군데 너 한 달 월급 얼마 받아 한 달 얼마 벌어 어느 직장 다녀,내가 으 으 으 누군데 너 한 달 월급 얼마 받아 한 달 월급 얼마 벌어 오늘 띵다녀,내가 어제 어제 누군데 내가 한 달 월급 얼마 받아 한 달에 얼마 벌어 오늘 치킨 다녀
AIHub_LowQualityPhoneVoice_valid__21648,63.63636363636363,9.090909090909092,-54.54545454545454,False,갑자기 전화 와가지고,핫도그 집에 가봐가지고,갑자기 전화 와 가지고
AIHub_LowQualityPhoneVoice_valid__21660,20.0,0.0,-20.0,False,네 정말 죄송합니다,정말 죄송합니다,네 정말 죄송합니다
AIHub_LowQualityPhoneVoice_valid__21663,36.0,8.0,-28.0,False,아 네 안녕하세요 창원시청 스마트 혁신산업국의,아오 안녕하세요 청하시청 스마트혁신 장학금,아 네 안녕하세요 창원시청 스마트 혁신 산업국
AIHub_LowQualityPhoneVoice_valid__21682,25.0,25.0,0.0,False,아 우리는 간접 수출이에요 간접 수출,어 우리는 간�� 수출이에요 간�� 수출,어 우리는 관도 수출이에요 관도 수출
AIHub_LowQualityPhoneVoice_valid__21696,45.45454545454545,27.27272727272727,-18.181818181818183,False,정부나 연구소 지원예,정부나 영어로 지었네,정부나 연구로 지었네
AIHub_LowQualityPhoneVoice_valid__21699,22.22222222222222,2.2222222222222223,-20.0,False,아 네 혹시 귀사는 재료연구소나 전기연구원 대학교 등의 박사급 인력의 지원을 받아,아 근데 혹시 기사는 재료 연구소나 전기 연구원 대학교 등의 박사 학교 밀력을 지원을 받아,아 네 혹시 귀사는 재료연구소나 전기연구원 대학교 등의 박사급 인력을 지원을 받아
AIHub_LowQualityPhoneVoice_valid__21710,12.5,0.0,-12.5,False,아 네 감사합니다 혹시 귀사는,아 네 감사합니다 혹시 기사님,아 네 감사합니다 혹시 귀사는
AIHub_LowQualityPhoneVoice_valid__21726,9.67741935483871,0.0,-9.67741935483871,False,네 귀사는 삼 년 이내에 업종을 전환할 계획이 있으십니까,네 기사는 삼 년 이래 업종을 전환할 계획이 있으십니까,네 귀사는 삼 년 이내에 업종을 전환할 계획이 있으십니까
AIHub_LowQualityPhoneVoice_valid__21729,112.5,75.0,-37.5,False,스마트 뭐라고예,끝나고 또 말하고 야,그 말 좀 하라고예
AIHub_LowQualityPhoneVoice_valid__21739,8.333333333333332,8.333333333333332,0.0,False,아 있 혹시 있다고 하셨나요 없다고 하셨나요,어 이 혹시 있다고 하셨나요 없다고 하셨나요,어 이 혹시 있다고 하셨나요 없다고 하셨나요
AIHub_LowQualityPhoneVoice_valid__21749,72.0,76.0,4.0,False,운전자금이나 좀 좀 주이소 업체당 얼마 해갖고,농장판이나 좀 반대점사가 좀 있어 없지 않아가,운전장이랑 좀 반대 좀 전화드릴 수 없어서 얼마에 가
AIHub_LowQualityPhoneVoice_valid__21750,42.857142857142854,28.57142857142857,-14.285714285714285,False,부채 상관없이,뭐 체 상관없이,도체 상관없이
AIHub_LowQualityPhoneVoice_valid__21779,25.0,0.0,-25.0,False,아니요 없습니다,아직 없습니다,아니요 없습니다
AIHub_LowQualityPhoneVoice_valid__21800,12.121212121212121,15.151515151515152,3.030303030303031,False,이런 그 절삭 가공 기술이라는 게 현장 경험이 풍부한 사람이,이런 그 절차 가온 기술이라는 게 현장 경험이 풍부한 사람이에요,아 이런 그 절차 가공 기술이라는 게 현장 경험이 풍부한 사람이에요
AIHub_LowQualityPhoneVoice_valid__21805,22.22222222222222,0.0,-22.22222222222222,False,아 그렇습니까 아 네 소중한 의견 정말 감사합니다,아 그렇습니까 아하 네 소재가 내기엔 정말 감사합니다,아 그렇습니까 아 네 소중한 의견 정말 감사합니다
AIHub_LowQualityPhoneVoice_valid__21814,12.0,0.0,-12.0,False,일 번 있다 이 번 없다 삼 번 모르겠다입니다,일 번 있다 이 번 없다 선범 모르겠다입니다,일 번 있다 이 번 없다 삼 번 모르겠다입니다
AIHub_LowQualityPhoneVoice_valid__21817,12.32876712328767,2.73972602739726,-9.58904109589041,False,아 네 그러면 귀사는 창원시에서 추진하고 있는 해외 마케팅 지원 프로그램이나 해외 기술 투자 지원 프로그램에 참여할 의사가 있습니까,아 네 그러면 기사는 창업에서 추진하고 있는 해외 캡틴 지연 프로그램이나 해외 기술 투자 지연 프로그램에 참여 의사가 있습니까,아 네 그러면 귀사는 창원시에서 추진하고 있는 해외 매개팅 지원 프로그램이나 해외 기술 투자 지원 프로그램에 참여할 의사가 있습니까
AIHub_LowQualityPhoneVoice_valid__21842,50.0,25.0,-25.0,False,감사했습니다 네,감사하십니다 내일,감사합니다 네
AIHub_LowQualityPhoneVoice_valid__21852,10.606060606060606,0.0,-10.606060606060606,False,아 지금 이 진행하는 이유가 일본 수출 규제에 대응하기 위하여 창원시 기업을 대상으로 피해 예상 사례나 기술 개발 지원,아 지금 진행하는 이유가 일본 수출 기술에 대응하기 위하여 성원시 기업을 대상으로 피해 예상 사례나 기술개덜 지원,아 지금 이 진행하는 이유가 일본 수출 규제에 대응하기 위하여 창원시 기업을 대상으로 피해 예상 사례나 기술 개발 지원
AIHub_LowQualityPhoneVoice_valid__21860,18.181818181818183,0.0,-18.181818181818183,False,네 선생님 그럼 품목별로 매출액 기준 비율은 어떻게 되실까요,네 그럼 품목별로 매출의 기준비율은 어떻게 되실까요,네 선생님 그럼 품목별로 매출액 기준 비율은 어떻게 되실까요
AIHub_LowQualityPhoneVoice_valid__21875,7.6923076923076925,0.0,-7.6923076923076925,False,네 그러면 귀사에서 기술 개발 경험이 있으십니까,네 그러면 비서에서 기술 개발 경험이 있으십니까,네 그러면 귀사에서 기술 개발 경험이 있으십니까
AIHub_LowQualityPhoneVoice_valid__21879,25.806451612903224,19.35483870967742,-6.451612903225804,False,기술 개발 중이고 기술 개발을 좀 뭐 하기는 해야 되는데,기술 개발 기술 개발을 좀 뭐 확인해야 되는데,기술 개발 기획을 기술 개발을 좀 뭐 확인을 해야 되는데
AIHub_LowQualityPhoneVoice_valid__21908,20.0,0.0,-20.0,False,아 네 알겠습니다 감사합니다,아 네 알겠지 감사합니다,아 네 알겠습니다 감사합니다
AIHub_LowQualityPhoneVoice_valid__21914,20.833333333333336,10.416666666666668,-10.416666666666668,False,실례지만 귀사의 이천 십 팔 년도 기준 매줄액은 아 죄송합니다 매출액은 어떻게 되실까요,슬라임지만 기사 이천 십 팔 년도 기춘 매출액은 아 죄송합니다 기춘 매출액은 어떻게 되실까요,실례지만 귀사 이천 십 팔 년도 기준 매출액은 아 죄송합니다 기준 매출액은 어떻게 되실까요
AIHub_LowQualityPhoneVoice_valid__21921,19.047619047619047,7.142857142857142,-11.904761904761905,False,네네 신호등 이게 통합 계량기반이라 해가지고 그런 게 있는데 이게 따로 이게,네 네 신호금은 이게 통합개량기관이라 해가지고 통 그런 게 있는데 이게 따로 이게,네 네 신호순 이게 통합 계량기관이라 해가지고 그런 게 있는데 이게 따로 이게
AIHub_LowQualityPhoneVoice_valid__21928,36.734693877551024,2.0408163265306123,-34.693877551020414,False,네 이게 지금 합이 백 프로가 되어야 하고 정확히 이제 품목별로 매출액을 말씀을 해 주시,네 이게 지금 학위 백 프로가 되어야 하고 저한테 이제 품목별로 며칠에 이길 말씀을 해주실 수 있어요,네 이게 지금 합이 백 프로가 되어야 하고 정확히 이제 품목별로 매출액을 말씀을 해주시
AIHub_LowQualityPhoneVoice_valid__21932,23.52941176470588,23.52941176470588,0.0,False,네네네 저희 그렇게 크진 않아서,네 네 네 저희 그렇게 크지는 않아서,네 네 네 저희 그렇게 크지는 않아서
AIHub_LowQualityPhoneVoice_valid__21949,34.61538461538461,15.384615384615385,-19.230769230769226,False,우선은 없다고 해 드릴까요 아니면 예라고 말씀을,사는 없다고 해드리가 아니며 예라고 말씀해,주차는 없다고 해드릴까요 아니면 예라고 말씀을
AIHub_LowQualityPhoneVoice_valid__21952,8.433734939759036,4.819277108433735,-3.614457831325301,False,아 센서 계열로요 그러면 혹시 이 기 죄송합니다 개발 계획 중인 기술은 자체 기술이십니까 아니면 정부라던가 연구소 지원을 받아서 개발하실 예정이신가요,아 진짜 제외로요 그러면 혹시 이 기 죄송합니다 개발 계획적인 기술은 자체 기술이십니까 아니면 정보라던가 연구소 지원을 받아서 개발하실 예정이신가요,아 센터 계열로요 그러면 혹시 이 죄송합니다 개발 계획 중인 기술은 자체 기술이십니까 아니면 정보라던가 연구소 지원을 받아서 개발하실 예정이신가요
AIHub_LowQualityPhoneVoice_valid__21961,31.25,3.125,-28.125,False,그럼 귀사는 연간 몇 건 정도 외부 장비 등을 이용하십니까,비단을 연간 몇 번 정도 외부 장비대를 이용하십니까,그럼 귀사는 연간 몇 번 정도 외부 장비 등을 이용하십니까
AIHub_LowQualityPhoneVoice_valid__21967,7.547169811320755,5.660377358490567,-1.8867924528301883,False,아 이건 모르겠다 하셨고요 그럼 귀사는 대기업이나 대학 연구소의 기술을 이전받을 의사가 있습니까,아 이거 모르겠다 하셨고요 그럼 기사는 대기업이나 대한 연구소의 기술이 이전받을 의사가 있습니까,아 이거 모르겠다 하셨고요 그럼 귀사는 대기업이나 대한연구소의 기술을 이전받을 의사가 있습니까
AIHub_LowQualityPhoneVoice_valid__21981,22.5,12.5,-10.0,False,저희가 기존 게 보유하고 있기 때문에 추가 확장할 필요성은 못 느끼겠어요,저희가 기종 때 보유하고 있기 때문에 추가 확장을 피로써는 못 느끼겠,저희가 기종 때 보유하고 있기 때문에 추가 확장을 필요서 못 느끼겠어요
AIHub_LowQualityPhoneVoice_valid__21987,27.586206896551722,0.0,-27.586206896551722,False,그럼 귀사는 삼 년 이내에 업종 전환 계획이 있습니까,과연 기사는 삼 년 일에 업종적인 계획이 있습니까,그럼 귀사는 삼 년 이내에 업종 전환 계획이 있습니까
AIHub_LowQualityPhoneVoice_valid__22000,25.0,0.0,-25.0,False,예 수고하십시오,예 소화하십시오,예 수고하십시오
AIHub_LowQualityPhoneVoice_valid__22012,3.7735849056603774,3.7735849056603774,0.0,False,어 만약에 이 고압가스 기기를 생산 주요 생산 품목이라 말씀하셨는데 혹시 이게 단일 품목이십니까,어 만약에 이 고아가스 기기를 생산 주요 생산 품목이라고 말씀하셨는데 혹시 이게 단일 품목이십니까,어 만약에 이 고아가스 기기를 생산 주요 생산 품목이라고 말씀하셨는데 혹시 이게 단일 품목이십니까
AIHub_LowQualityPhoneVoice_valid__22017,23.52941176470588,5.88235294117647,-17.64705882352941,False,자철물 같은 거죠 뭐 그쪽 용도에 따라서 주문하면 제작하는 거,답철물 같은 거죠 뭐 뭐 정도였더라고 주문하면 제작하는 거,자철물 같은 거죠 뭐 그쪽 용도에 따라서 주문하면 제가 하는 거
AIHub_LowQualityPhoneVoice_valid__22031,14.035087719298245,5.263157894736842,-8.771929824561404,False,네 그럼 이 부분도 고압가스라고 기재 도와 드리구요 그럼 이것 또한 계속해서 자체 기술 개발이신 거고요,네 그럼 이 부분도 고아팟스라고 기재 도와드리구요 그럼 이건 조안 계속해서 자체의 기술 개발이신 거구요,네 그럼 이 부분도 고압가스라고 기재 도와드리구요 그럼 이것 또한 계속해서 자체의 기술 개발이신 거구요
AIHub_LowQualityPhoneVoice_valid__22075,22.727272727272727,2.272727272727273,-20.454545454545453,False,국내 백 프로 말씀 맞으세요 네 그러면 각 생산 품목별 주요 판매처는 어디신가요,국내 백 프로 말씀해주세요 예 예 예 그러면 각 생산품 목별 주요 판매처는 어디신가요,국내 백 프로 말씀 맞으세요 네 그러면 각 생산 품목별 주요 판매처는 어디이신가요
AIHub_LowQualityPhoneVoice_valid__22108,25.0,13.157894736842104,-11.842105263157896,False,예 그러니깐 일반 사설 기관에다가 이제 이렇게 성분 의뢰를 했다가 그게 그게 이제 그 공정을 못 받는다는 거예요 무슨 말인지는 이해되시죠,에 그 그 일반 사설 기간에다가 인제 이렇게 정보네레를 했다가 그게 거기 그 그게 인자 그 공정을 못 받는다는 거예요 무슨 말인지는 이해 되시죠,예 그 그 일반 사설 기관에다가 인제 이렇게 성분 의뢰를 했다가 그게 그게 인자 그 공정을 못 받는다는데요 무슨 말인지는 이해 되시죠
AIHub_LowQualityPhoneVoice_valid__22111,35.23809523809524,19.047619047619047,-16.190476190476193,False,믿어주나 안 믿어주냐 그걸 모르겠다면 그것도 알 수도 없고 예 예 예 지금 그렇죠 그 지금 제가 말하는 거 볼 때는 굉장히 폐쇄적이죠 그죠 근데 폐쇄적이라기보다는 사실 몰라서 그래요 몰라서,미도준 아 미도준 아 그걸 모르겠다는 뭐 그것도 알 수도 없고 예 예 지금 그렇죠 예 뭐 지금 제가 말하는 게 뭐든지 모르겠는데 괴세적이죠 그죠 근데 괴세적이라기보다는 뭐 사실 몰라서잖아요 몰라서,미도준으로 안 미도준으로 그걸 모르겠다는 뭐 그것도 알 수도 없고 예 예 지금 그렇죠 예 지금 제가 말하는 거 볼 때 쯤에 폐쇄적이죠 그죠 근데 폐쇄적이라기보다는 사실 몰라서 그래요 몰라서
AIHub_LowQualityPhoneVoice_valid__22112,3.0303030303030303,0.0,-3.0303030303030303,False,아 아는 아는 데만 계속 하다 보니까 그것밖에 모른다 얘기지,아 아는 아는 데만 계속하다 보니까 그것밖에 모른다 얘기지,아 아는 아는 데만 계속 하다 보니까 그것밖에 모른다 얘기지
AIHub_LowQualityPhoneVoice_valid__22119,69.44444444444444,61.111111111111114,-8.333333333333329,False,모르지 않습니까 이제 그 코티티 말고는 해본 데가 없으니까 모르지,인제 모르잖아요 우리가 인자 그 인자 ppt 말고는 해본대로 생긴 게 모르지,인제 모르잖아요 우리가 인자 그 인자 보피티 말고는 해본 적이 없을 게 모르지
AIHub_LowQualityPhoneVoice_valid__22124,16.049382716049383,1.2345679012345678,-14.814814814814815,False,아 이용 안 한다 하셨구요 그럼 귀사는 전기연구원 재료연구소의 기술인력 위탁 훈련이나 위탁 교육을 받은 대졸 인력의 채용에 참여할 의사가 있습니까,아 이왕 안 한다셨구요 그럼 비산은 전기연구원 재료연구소의 기술인력 위탁훈련이나 위탁교육을 받을 재조린력의 채용에 참여할 의사가 있습니까,아 이용 안 한다 하셨고요 그럼 귀사는 전기연구원 재료연구소의 기술인력 위탁 훈련이나 위탁 교육을 받은 대졸 인력의 채용에 참여할 의사가 있습니까
AIHub_LowQualityPhoneVoice_valid__22132,26.08695652173913,8.695652173913043,-17.391304347826086,False,아 아니요 사장님 계속 말씀해 주시겠습니까,아 아니 할인 기능 말씀해 주시겠습니까,아 아니요 선생님 계속 말씀해 주시겠습니까
AIHub_LowQualityPhoneVoice_valid__22133,22.31404958677686,14.049586776859504,-8.264462809917356,False,아 뭐 뭐 우리가 하는 일은 오래된 뭐 팔십 년대 뭐 구십 년대 하던 일을 계속하고 있는 거기 때문에 사실은 뭐 특별한 기술을 개발할 수 있는 여건이 안 됩니다 여건이 안 되고 그냥 오로지 아까 처음에 말씀드렸던 그냥,아 뭐 뭐 우리가 하는 일은 뭐 오래된 뭐 그 팔십 년대 뭐 고 삼 년대 하던 일을 계속하고 있는 거기 때문에 뭐 사실은 뭐 특별한 기술을 재발할 수 있는 게 괜히 안 된대다 괜히 안 되고 그냥 어제 아까 전화 말씀 드리던 그냥,아 뭐 뭐 우리가 아는 일은 오래된 뭐 그 팔십 년대 뭐 구십 년대 하던 일을 계속하고 있는 거기 때문에 뭐 사실은 뭐 특별한 기술을 개발을 할 수가 있는 게 건이 안 됩니까 건이 안 되고 그냥 어제 아까 전에 말씀드렸던 그냥
AIHub_LowQualityPhoneVoice_valid__22147,0.0,0.0,0.0,False,마음은 항상 있는데요,마음은 항상 있는데요,마음은 항상 있는데요
AIHub_LowQualityPhoneVoice_valid__22171,37.5,15.625,-21.875,False,스마트 공장을 지어야 지어야 되겠다 그런 식으로 이제 앞으로는 될 그렇게 지을 수밖에 없다 아닙니까 법이 예 그러면 스마트 공장이 되는 기지 만약에 이제 설비 투자를 한다면,그 스마트 공장은 채에 대해 채에 내 크래시로 채어진 앞으로는 그렇게 채을 줄밖에 없다 이 맥도법이 야 그럼 스마트 공장 되는 기지 만약에 그 설비 투자로 한다면,그 스마트 공장을 지어야 되기 지어야 그런 식으로 지어주는데 앞으로는 그렇게 지을 수밖에 없다 아닙니까 법이 예 그러면 스마트 공장이 되는 기지 만약에 이제 설비 투자를 한다면
AIHub_LowQualityPhoneVoice_valid__22178,21.153846153846153,26.923076923076923,5.76923076923077,False,만약에 이제 그 이제 한다면 스마트 산단 이런 데 들어가면 유리하면 뭐 그런 데 관심이 있겠죠,만약에 인제 그 인제 뭐 한다면 뭐 서마도 산당 이런 데 들어가면 유리하기면 뭐 그런데 관심이 있겠죠,만약에 인자 그 인자 뭐 한다면 뭐 스마트 산다 이런 데 들어가면 이제 유리하기면 뭐 그런데 관심이 있겠죠
AIHub_LowQualityPhoneVoice_valid__22179,21.052631578947366,10.526315789473683,-10.526315789473683,False,조금 이제 비용이 비용이 좀 작게 들면 아무래도 관심이 안 있겠습니까,조금 인제 비용이 비용이 좀 작게 살면 아무래도 관심이 아니겠습니까 아예,조금 이제 비용이 비용이 좀 작게 들면 아무래도 간신히 안 있겠습니까잉
AIHub_LowQualityPhoneVoice_valid__22192,23.52941176470588,17.647058823529413,-5.8823529411764675,False,뭐 매출 별로 없는데 말씀하십쇼,뭐 내출리 별로 없는데 말씀하시죠,뭐 매출이 별로 없는데 말씀하시죠
AIHub_LowQualityPhoneVoice_valid__22196,53.333333333333336,13.333333333333334,-40.0,False,생산 품목은 상하수도 기자재,생산품 먹은 상할 수도 없 기자제,생산 품목은 상하수도 기자회계
AIHub_LowQualityPhoneVoice_valid__22199,19.047619047619047,4.761904761904762,-14.285714285714285,False,백 프로라 하셨구요 그럼 각 생산품 죄송합니다 생산 품목별로 국내 판매되거나 국에 수출하는 비중은 어떻게 되십니까,들어나셨구요 그럼 각 생산 죄송합니다 생산 품목절로 국내 판례되거나 북에 수출하는 비중을 어떻게 되십니까,백 프로라 하셨고요 그럼 각 생산 죄송합니다 생산 품목별로 국내 판매되거나 국외 수출하는 비중은 어떻게 되십니까
AIHub_LowQualityPhoneVoice_valid__22215,11.76470588235294,0.0,-11.76470588235294,False,지원 신청 시 복잡한 절차입니다,지원 신청 실 복잡한 전차입니다,지원 신청 시 복잡한 절차입니다
AIHub_LowQualityPhoneVoice_valid__22226,31.03448275862069,6.896551724137931,-24.13793103448276,False,네 참여 의사가 없다는 이유는 무엇입니까 일 번 수출 계획 없음 이 번 전담 인력 부족 삼 번 시장 정보,이상의 의사가 없다는 이유는 무엇입니까 이번 수필 계획 없은 이번 전담일약도조 삼 번 시장동목,네 사무 의사가 없다는 이유는 무엇입니까 일 번 수출 계획 없음 이 번 전담 인력 보조 삼 번 시장 정보
AIHub_LowQualityPhoneVoice_valid__22228,17.77777777777778,4.444444444444445,-13.333333333333334,False,네 그러면 귀사는 일본 수출 규제 관련하여 피해가 있거나 예상된다면 창원시에 긴급 경영 자금을 지원 받을 의사가 있습니까 일 번 있다 이 번 없다 삼 번 모르겠다,네 남은 기사는 일본 수출 기지에 관련할 피해가 있거나 예상된다면 성원시의 긴급 경영 자점을 지원받을 의사가 있습니까 일 번 있다 이 번 없다 선반 모르겠다,네 그다음에 귀사는 일본 수출 규제 관련하여 피해가 있거나 예상된다면 창원시에 긴급 경영 자금을 지원받을 의사가 있습니까 일 번 있다 이 번 없다 삼 번 모르겠다
AIHub_LowQualityPhoneVoice_valid__22235,80.0,30.0,-50.0,False,일 번이라 하셨구요,일반이 아쉬웠고야,일반이라 하셨고요
AIHub_LowQualityPhoneVoice_valid__22252,42.857142857142854,0.0,-42.857142857142854,False,일단 그렇게 전달하겠습니다 수고하십시오,그럼 그렇게 전달하겠습니다,일단 그렇게 전달하겠습니다 수고하십시오
AIHub_LowQualityPhoneVoice_valid__22260,21.666666666666668,0.0,-21.666666666666668,False,아 네 다름이 아니라 저희 창원시에서 기업 지원 방안을 모색하기 위해 관내 기업 대상으로 설문조사 진행하고 있는데요 생산 품목에 따른 매출액 등 세부적인 내용이 조금 포함되어 있는데 담당자분과 잠시 통화 가능하실까요,아 그 다빈이 아니라서의 청원시에서 기업 지원 방안을 모색하기 위해 관여 기업 대상으로 청원시가 진행하고 있는데요 생선 품목에 따른 매치력 등 소비적인 내용은 조금 포함돼있는데 단단잡인과 단식 통화 가능하실까요,아 네 다름이 아니라 저희 창원시에서 기업 지원 방안을 모색하기 위해 관내 기업 대상으로 설문조사 진행하고 있는데요 생산 품목에 따른 매출액 등 세부적인 내용이 조금 포함되어 있는데 담당자분과 잠시 통화 가능하실까요
AIHub_LowQualityPhoneVoice_valid__22280,27.710843373493976,15.66265060240964,-12.048192771084336,False,기타 이거는요 그 나머지 백 억 그 나머지 팔십 프로는요 저희 그 수입해서 도매이기 때문에 이거는 진짜 제 제품 생산이 아니고 그냥 상품 매출이거든요,다 이거는 요 그 나머지 백억 그 나머지 팔십 프로는 이제 저희 그 수입해서 후 맨 에 도맨 그 때문에 이거는 진짜 제 제품 재 생산이 아니고 그냥 삼십 센치거든요,이 차 이거는 요 그 나머지 백 억 그 나머지 팔십 프로는 이제 저희 그 수입해서 매도맨 때문에 이거는 진짜 제품제 생산이 아니고 그냥 상품 대출이거든요
AIHub_LowQualityPhoneVoice_valid__22286,32.25806451612903,6.451612903225806,-25.806451612903224,False,아 네 간단하게 대표적인 업체만 말씀해 주시면 되겠습니다,아 오늘 간단하게 대표적인 웹툰이란 날씨는 해주시면 되겠습니다,아 네 간단하게 대표적인 업체란 말씀해주시면 되겠습니다
AIHub_LowQualityPhoneVoice_valid__22289,13.333333333333334,5.333333333333334,-8.0,False,아 죄송합니다 주철관공업이 시구요 확인 감사합니다 현재 이제 기술 개발 경험 관련 질문인데요 귀사에서 기술 개발을 한 경험이 있으십니까,아 죄송합니다 그 설관공업이시드만 합니다 감사합니다 현재 이제 기술 개발 경험 관련 질문인데요 기사에서 기술 개발을 한 경험이 있으십니까,아 죄송합니다 주 철관 공업 이시구요 확인 감사합니다 현재 이제 기술 개발 경험 관련 질문인데요 귀사에서 기술 개발을 한 경험이 있으십니까
AIHub_LowQualityPhoneVoice_valid__22302,25.0,12.5,-12.5,False,아 네 그 기간은 삼 년 이내에 공장 확장 계획이 있으니까,안데 그 기사는 삼 년 일 공장 확장 계획이 있으니까,아 네 그 귀사는 삼 년 이내에 공장 확장 계획이 있습니까
AIHub_LowQualityPhoneVoice_valid__22303,12.0,5.333333333333334,-6.666666666666666,False,아 그러면 공장 확장 계획이 있다면 확장 예정 지역은 어디입니까 이구요 일 번이 창원 지역 이 번 창원 이외의 지역 삼 번이 해외입니다,아이 그러면 공장 확산 계획이 있다면 확산 예정 지역은 어디니까 이구요 일 번이 청원 지역 이 번 청원 인원 지역 삼 번이 해외입니다,아 그러면 공장 확장 계획이 있다면 확장 예정 지역은 어디입니까 이 이구요 일 번이 창원 지역 이 번 창원 이 회의 지역 삼 번이 해외입니다
AIHub_LowQualityPhoneVoice_valid__22328,14.000000000000002,4.0,-10.000000000000002,False,아 감사합니다 생산품에 따라 판매하거나 수출하는 비중은 국내 국외로 어떻게 비중이 되십니까,아 감사합니다 신성 포대에 따라 판매하거나 수출하는 비중을 국내 국외로 어떻게 비중이 되십니까요,아 감사합니다 생산 품목에 따라 판매하거나 수출하는 비중은 국내 국외로 어떻게 비중이 되십니까
AIHub_LowQualityPhoneVoice_valid__22329,27.586206896551722,13.793103448275861,-13.793103448275861,False,어 국외로 어 국내 일 이면 국외는 한 구 정도 돼요,어 국외로 어 국내 일 위메 국외에는 구 정도,어 국외로 어 국내 일 인에 국외는 한 구 정도세요
AIHub_LowQualityPhoneVoice_valid__22364,23.91304347826087,15.217391304347828,-8.695652173913043,False,삼 번 기업 엠앤에이 사 번 수입선 다변화 오 번 업종 전환 육 번 기타 사유입니다,삼 번 기업 예매율이 사 번 세일 비싼 달이나 오 번 업종 전환 육 번 기타 사유입니다,삼 번 기업 엔 엔 에이 사 번 수입선 발열한 오 번 업종 전환 육 번 기타 사유입니다
AIHub_LowQualityPhoneVoice_valid__22368,14.893617021276595,2.127659574468085,-12.76595744680851,False,혹시 공장 확장 계획이 없다면 그 이유는 무엇입니까라는 부분이고 복수 체크 가능합니다,혹시 공장 확산 계획이 없다면 그 이유는 무엇입니까 라는 부분이고 곡 스펙도 가능합니다,혹시 공장 확장 계획이 없다면 그 이유는 무엇입니까 라는 부분이고 복수 체크 가능합니다
AIHub_LowQualityPhoneVoice_valid__22369,30.555555555555557,11.11111111111111,-19.444444444444446,False,일 번 매출 정체 및 하락 이 번 높은 집값 삼 번 높은 인건비 사 번 물류비 증가 오 번 기업 지원 혜택 부족 육 번 기타입니다,일 번 외출경채는 타라야 이 번 높은 집과 삼 번 높은 인건비 이 사 번 무일리진과 오 번 기업지원혜택도족 육 번 기파입니다,일 번 매출 경체 및 하락 이 번 높은 지가 삼 번 높은 인건비 이 사 번 물류세 증가 오 번 기업 지원 혜택 구조 육 번 기타입니다
AIHub_LowQualityPhoneVoice_valid__22371,3.9215686274509802,1.9607843137254901,-1.9607843137254901,False,귀사는 삼 년 이내 업종 전환 계획이 있습니까 일 번 있다 이 번 없다 삼 번 모르겠다입니다,기사는 삼 년 이내 업종 전환 계획이 있으니까 일 번 있다 이 번 없다 삼 번 모르겠다입니다,귀사는 삼 년 이내에 업종 전환 계획이 있습니까 일 번 있다 이 번 없다 삼 번 모르겠다입니다
AIHub_LowQualityPhoneVoice_valid__22396,40.74074074074074,3.7037037037037033,-37.03703703703704,False,알겠습니다 그럼 빠르게 답변 해 질문 드릴 텐데요,아저씨가 좀 빠르게 답변해 주세요 질문 드릴 텐데요,알겠습니다 그럼 빠르게 답변해 질문 드릴 텐데요
AIHub_LowQualityPhoneVoice_valid__22399,42.857142857142854,7.142857142857142,-35.71428571428571,False,삼억 이시구요 이천 십 팔 년도 기준 주요 생산 품목 명칭이 어떻게 되십니까,삼 억 이십 이 억 이십 십 팔 년도 기준 주요 생산 평균 넘치는 여백 억이십니까요,삼 억이시고요 이천 십 팔 년도 기준 주요 생산 품목 명칭이 어떻게 되십니까
AIHub_LowQualityPhoneVoice_valid__22407,27.27272727272727,4.545454545454546,-22.727272727272723,False,아 그러면 주요 생산 품목이 지금 인버터 드라이버 제어기가 아니라 다른 품목이신,아 그러면 주요 생선 평론이 지금 인다떼 드라이브 되기가 아니라 다른 평론이 있,아 그러면 주요 생산 품목이 지금 인버스 드라이버 제어기가 아니라 다른 품목이
AIHub_LowQualityPhoneVoice_valid__22412,16.666666666666664,5.555555555555555,-11.111111111111109,False,그럼 한 오십 대 오십 정도 해당,그럼 한 오십 대 오십 정도,그럼 한 오십 대 오십 정도 해도
AIHub_LowQualityPhoneVoice_valid__22416,34.090909090909086,6.8181818181818175,-27.27272727272727,False,그 머야 그 쪽 일이 없다 보니까 지금 이렇게 현재 기준 상으로 봤을 때는 한 육 대 사 정도 이렇게 가고 있는 건데 육 대 사 칠 대 삼 육 대 사 이정도요,어 뭐 이게 좀 일이 없다 보니까 이렇게 핸드웨이 기술사항을 봤을 때는 한 육 대 사 정도 이렇게 가고 있는 거 있는데 아 삼 육 대 사 삼 육 대 사 일 정도,그 뭐냐 그쪽 일이 없다 보니까 지금 이렇게 현재 기준상으로 봤을 때는 한 육 대 사 정도 이렇게 가고 있는 건데 육 대 사 칠 대 삼 육 대 사 이 정도
AIHub_LowQualityPhoneVoice_valid__22426,13.333333333333334,6.666666666666667,-6.666666666666667,False,아 그러면 국내로 습 판매하는 판매처는 어떻게 되실까요,아 그러면 공료도 그 판매하는 판매처는 어떻게 되실까요,아 그러면 국내로 판매하는 판매처는 어떻게 되실까요
AIHub_LowQualityPhoneVoice_valid__22457,23.404255319148938,0.0,-23.404255319148938,False,알겠습니다 그럼 귀사는 재료연구소 전기연구원 대학교 등의 박사급 인력의 지원을 받아서,알겠습니다 기사님 제주연구소 전주연구원 대학들 등의 박사팀 인력이 지원을 받아서,알겠습니다 그럼 귀사는 재료연구소 전기연구원 대학교 등의 박사급 인력의 지원을 받아서
AIHub_LowQualityPhoneVoice_valid__22465,4.545454545454546,0.0,-4.545454545454546,False,근데 지금 보세요 십 육 년 동안 지나고,근데 지금 보세요 십 육 년 동안 지낳고,근데 지금 보세요 십 육 년 동안 지나고
AIHub_LowQualityPhoneVoice_valid__22468,52.17391304347826,26.08695652173913,-26.08695652173913,False,전부 다 저가 기득권을 다 가져가 가가지고,저번에 저가 휴대폰을 다 같이 나와가지고,전부 다 저가 기타편을 다 가지고 와 가지고
AIHub_LowQualityPhoneVoice_valid__22485,38.095238095238095,38.095238095238095,0.0,False,아 예 그 장비는 활용할 수는 있습니다,아 예 그 정리는 할려고 할 예 있습니다,아 예 그 정리로는 하려는 예 있습니다
AIHub_LowQualityPhoneVoice_valid__22496,55.00000000000001,10.0,-45.00000000000001,False,참여 의사가 없다면 이유는 무엇입니까,아 사무위사가 없다면 의원을 놓아주니까,아 참여 의사가 없다면 이유는 무엇입니까
AIHub_LowQualityPhoneVoice_valid__22514,26.25,11.25,-15.0,False,당연히 있죠 있는데 그 머 복잡하고 이야기해 봐야 주도 안 하는 거 해봐야 뭐 조건이 어떻고 뭐 어떻고 하는데 그거 해봐야 의미가 없지 않습니까,그렇죠 아 근데 그럼 뭐 복잡하고 이야기해봐야 뭐 줄도 안 하는 거 뭐 뭐 해봐야 뭐 어쩔건 어떠고 뭐 어떻고 하는데 그거 해봐야 의미가 없지 않습니까,당연히 있죠 그런데 그 뭐 복잡하고 이야기해 봐야 뭐 주도 안 하는 거 뭐 뭐 해봐야 뭐 조건이 어떻고 뭐 어떻고 하는데 그거 해봐야 의미가 없지 않습니까
AIHub_LowQualityPhoneVoice_valid__22516,38.095238095238095,0.0,-38.095238095238095,False,삼 년 이내 공장 확장 계획이 있습니까,산모아 니네 공장학장 계획이 있으니까,삼 년 이내 공장 확장 계획이 있습니까
AIHub_LowQualityPhoneVoice_valid__22519,42.42424242424242,15.151515151515152,-27.27272727272727,False,뭐 이외로 갈 수도 있는데 창원지역이니까 일단 창원지역입니다,뭐 이해로 가서도 근데 자원증이 일단 자원증입니다,뭐 이해로 갈 수도 있는데 창원 지역이 일단 창원 지역입니다
AIHub_LowQualityPhoneVoice_valid__22534,1000.0,7.4074074074074066,-992.5925925925926,False,다름이 아니라 저희 창원시 기업 지원 방안을 모색,아리미아무라의 성우수 일 기업 지원 방안을 목욕해 성우수 일 기업 지원 방안을 목욕해 성우수 일 기업 지원 방안을 목욕해 성우수 일 기업 지원 방안을 목욕해 성우수 일 기업 지원 방안을 목욕해 성우수 일 기업 지원 방안을 목욕해 성우수 일 기업 지원 방안을 목욕해 성우수 일 기업 지원 방안을 목욕해 성우수 일 기업 지원 방안을 목욕해 성우수 일 기업 지원 방안을 목욕해 성우수 일 기업 지원 방안을 목욕해 성우수 일 기업 지원 방안을 목욕해 성우수 일 기업 지원 방안을 목욕해 성우수 일 기업 지원 방안을 목,다름이 아니라 저희 창원시 기업 지원 방안을 목욕
AIHub_LowQualityPhoneVoice_valid__22536,28.846153846153843,3.8461538461538463,-24.999999999999996,False,따로 생산 품목에 따른 매출액 등 내용이 조금 포함되어 있는데 담당자분과 잠시 통화 가능할까요,나를 세상 정보급여에 따른 매출액 등 요용이 조금 포함되어 있는데 반 전자들과 잠시 통화 반영할까요,따로 생산 첨부에 따른 매출액 등 내용이 조금 포함되어 있는데 담당자분과 잠시 통화 가능할까요
AIHub_LowQualityPhoneVoice_valid__22553,44.44444444444444,44.44444444444444,0.0,False,십억 정도 됩니다,십억 정도 냉면이야,네 십 오억 정도 됩니다
AIHub_LowQualityPhoneVoice_valid__22554,29.268292682926827,4.878048780487805,-24.39024390243902,False,혹시 귀사에 이천 십 팔 년도 기준 주요 생산 품목 명칭이 어떻게 되십니까,시위 기사위 이천 십 팔 년도 뒤쯤 주로 생산 총목 면치는 어떻게 되십니까요,혹시 귀사의 이천 십 팔 년도 기준 주요 생산 총목 명칭이 어떻게 되십니까
AIHub_LowQualityPhoneVoice_valid__22561,45.45454545454545,0.0,-45.45454545454545,False,국내에서 다 백 프로,국무회사가 백 프로,국내에서 다 백 프로
AIHub_LowQualityPhoneVoice_valid__22567,21.428571428571427,12.5,-8.928571428571427,False,아 예 그럼 불편하시다면 공란으로 비워놓도록 하구요 그럼 귀사에서 기술 개발을 했던 경험이 있으실까요,아 예 그럼 부탁하시다니여 공단으로 비워놓도록 하구요 기사에서 기능식을 개발을 했던 경험이 있으실까요,아 예 그럼 불편하시다면 공람회로 비워놓도록 하고요 그 귀사에서 기둥수를 개발을 했던 경험이 있으실까요
AIHub_LowQualityPhoneVoice_valid__22578,19.672131147540984,8.19672131147541,-11.475409836065575,False,일 번 이 이용하지 않는다 이 번 십 회 미만 삼 번 십 회 에서 삼십 회 미만 사 번 이 삼십 회 이상입니다,일 번은 이용하지 않는다 이 번 십 펜 이면 삼 번 십 페에서 삼십 펜 이면 사 번이 삼십 펜 이상입니다,일 번이 이용하지 않는 다음 이 번 십 회 미만 삼 번 십 회에서 삼십 회 미만 사 번이 삼십 회 이상입니다
AIHub_LowQualityPhoneVoice_valid__22604,19.148936170212767,6.382978723404255,-12.765957446808512,False,네 귀사는 스마트 공장 도입 의사가 있습니까 일 번 있다 이 번 없다 삼 번 모르겠다,네 우지사는 스머스 공장 도입 의사가 있으니까 일 번 이따 일 번 없다 한 번 모르겠다,네 고지서는 스마트 공장 도입 의사가 있습니까 일 번 있다 이 번 없다 삼 번 모르겠다
AIHub_LowQualityPhoneVoice_valid__22612,36.0,0.0,-36.0,False,네 안녕하십니까 창원시청 스마트 혁신 산업국의,네 되십니까 청원시청 스마트업식 삼업국이,네 안녕하십니까 창원시청 스마트 혁신 산업국의
AIHub_LowQualityPhoneVoice_valid__22614,33.33333333333333,6.25,-27.08333333333333,False,생산품목에 따른 매출액 등 지금 내용이 포함되어 있는데 담당자분과 잠시 통화 가능할까요,시간 총목에 따른 엣지됐을 때 내용이 포함되어 있는데 단단적인가 잠시 통화 가능할까요,생산 품목에 따른 매출액 등 좀 내용이 포함되어 있는데 담당자분과 잠시 통화 가능할까요
AIHub_LowQualityPhoneVoice_valid__22619,25.396825396825395,14.285714285714285,-11.11111111111111,False,피해예상 예방 예상 사례 및 기술 개발 지원 애로기술 해결의 방안을 수립하고자 설문 조사를 진행을 하는 부분인데요,희에 예상 예상 사례를 기술 개발 지원 애로 기술 회사를 방안으로 수립하고자 설는 조사를 진행을 하는 모듐인데요,시외 예산 예방 예상 사례 및 기술 개발 지원 애로 기술 해설을 방안으로 수립하고자 설문 조사를 진행을 하는 부분인데요
AIHub_LowQualityPhoneVoice_valid__22624,16.666666666666664,5.555555555555555,-11.111111111111109,False,네 아 저희가 뭐 어떤 이제 사업체 창원시 간에 기업체를 대상으로,네 아 그니까 뭐 어떤 이제 사업체 사업시간에 기업체를 대상으로,네 아 저희가 뭐 어떤 이게 사업체 창원시 간의 기업체를 대상으로
AIHub_LowQualityPhoneVoice_valid__22626,18.181818181818183,0.0,-18.181818181818183,False,예 일단 해보세요 예,이제 일단 해보세요 예,예 일단 해보세요 예
AIHub_LowQualityPhoneVoice_valid__22629,51.02040816326531,4.081632653061225,-46.93877551020408,False,이십 육억 이시구요 이천 십 팔 년도 기준 귀사의 주요 생산 품목 명칭이 어떻게 되십니까,이십 육 억 이십 이 억 이십 이여 이천 십 팔 년도 기준 기사에 주요 생산평목 명칭 여드백 이십 이 억,이십 육 억 이시구요 이천 십 팔 년도 기준 기사의 주요 생산 품목 명칭이 어떻게 되십니까
AIHub_LowQualityPhoneVoice_valid__22675,18.75,3.75,-15.0,False,아 네 모르겠다 이시구요 그 귀사는 창업에서 추진하고 있는 해외 마케팅 지원 프로그램이나 해외 기술 투자 지원 프로그램에 참여할 의사가 있습니까,아 네 모르겠다 이십 오 년 기사를 청와대에서 투진하고 있는 해외 마케팅 비유원 프로그램이랑 해외 기술 투자 비유원 프로그램에 참여할 의사가 있습니까,아 네 모르겠다 이시구야 그 귀사는 창원시에서 추진하고 있는 해외 마케팅 지원 프로그램이나 해외 기술 투자 지원 프로그램에 참여할 의사가 있습니까
AIHub_LowQualityPhoneVoice_valid__22721,41.17647058823529,19.607843137254903,-21.568627450980387,False,아 금 일본으로 혹시 퍼센 테이지를 따졌을 때 국내와 국외에 각각 몇 퍼센트씩 차지를 할까요,아 금 일본이 혹시 퍼센트웨이에 따렸을 때 금 웨어 컵에 가까 몇 퍼센트 주차하지도 않을까요,아 그럼 일본으로 혹시 퍼센트액을 따졌을 때 국내와 국예 각각 몇 퍼센트씩 차지가 할까요
AIHub_LowQualityPhoneVoice_valid__22725,33.33333333333333,38.88888888888889,5.555555555555564,False,아 예 저희가 이 부분은 대표적인 앞으로 말씀을 해 주시면 되구요,아 우리 저희가 이 부분을 대표적인 앞으론에 대해서는 해주시면 되죠,아 예 저희가 이 부분은 업무 처리를 해보시면 되고요
AIHub_LowQualityPhoneVoice_valid__22726,64.28571428571429,21.428571428571427,-42.85714285714286,False,업체는 한 군데 가 아니고,몇 개월은 홍원대도 아니고,읍지는 한 군데가 아니고
AIHub_LowQualityPhoneVoice_valid__22752,40.909090909090914,4.545454545454546,-36.36363636363637,False,일 번 이용하지 않는다 이 번 십 회미만,일 번 이용하지 않는달 이 번 실패일을 진행한다,일 번 이용하지 않는다 이 번 십 회 미만
AIHub_LowQualityPhoneVoice_valid__22759,9.523809523809524,0.0,-9.523809523809524,False,네 창원시에서 추진하고 있는 해외 마케팅 지원 프로그램이나 해외 기술 투자 지원 프로그램에 참여할 의사가 있습니까,평원시에서 추진하고 있는 해외 라켓은 지원 프로그램이나 해외 기술 투자 지원 프로그램에 참여할 의사가 있습니까,네 창원시에서 추진하고 있는 해외 마케팅 지원 프로그램이나 해외 기술 투자 지원 프로그램에 참여할 의사가 있습니까
AIHub_LowQualityPhoneVoice_valid__22761,164.28571428571428,92.85714285714286,-71.42857142857142,False,그 기회가 되면은 할만하죠,그 쩨일 만에 쩨일 만에 쩨일 만에 좀 많이 많아져,그 저 뭐 그 저에게만 되면 좀 활만하죠
AIHub_LowQualityPhoneVoice_valid__22772,60.0,44.0,-16.0,False,그래 이제 경기 봐가면서 인자 그 해야 되겠죠,그거는 진짜 좀 빡빡슬까 이거 해야 되겠어,그거는 인자 경기 박아볼 수 인자 그 해야 되니까
AIHub_LowQualityPhoneVoice_valid__22784,17.24137931034483,10.344827586206897,-6.896551724137932,False,현재 공정상 불필요하다 입니까 아 네 알겠습니다 마지막으로 기사는 스마트 선도 상단에 대한 의견이 있거나,헌재공정상 불필요하다 이까 예 알겠습니다 마지막으로 기사는 승아트 선도 산단에 대한 의견이 있거나,현재 공정상 불필요하다 아 네 알겠습니다 마지막으로 귀사는 스마트 선도 산단에 대한 의견이 있거나
AIHub_LowQualityPhoneVoice_valid__22795,27.77777777777778,0.0,-27.77777777777778,False,예 예 빨리 좀 진행해 주세요 예,에 에 빨 좀 진행해주세요 에,예 예 빨리 좀 진행해 주세요 예
AIHub_LowQualityPhoneVoice_valid__22796,32.608695652173914,13.043478260869565,-19.56521739130435,False,선생님 설문조사가 한 오 분에서 십 분 정도 진행될 예정인데 좀 많이 바쁘신 걸까요,그 파군조사가 한 오 분에서 십 분 정도 지낸 지 예상인데 좀 많이 밟으시니까요,선생님 사무소가 한 오 분에서 십 분 정도 진행될 예정인데 좀 많이 바쁘신 건가요
AIHub_LowQualityPhoneVoice_valid__22801,15.0,5.0,-10.0,False,아 수처리 기계라고 해주시면 되겠네요,어 수처리 기계라고 해주심 되겠네요,어 수처리 기계라고 해주시면 되겠네요
AIHub_LowQualityPhoneVoice_valid__22812,30.0,25.0,-5.0,False,저희 그 관급 입찰로 납품하고 있어요,그래 그 깡들 일찰로 납끔하고 있어요,저희 그 감귤 이 찰로 납품하고 있었어요
AIHub_LowQualityPhoneVoice_valid__22820,8.620689655172415,0.0,-8.620689655172415,False,아 네 그럼 개발했던 기술은 자체 기술 개발이십니까 정부 또는 연구소 지원을 받아서 개발하신 부분이십니까,아 내일 그럼 개발했던 기술은 자취업 기술 개발이십니까 정부 또는 연구도 지원을 받아서 개발하신 부분이십니까,아 네 그럼 개발했던 기술은 자체 기술 개발이십니까 정부 또는 연구소 지원을 받아서 개발하신 부분이십니까
AIHub_LowQualityPhoneVoice_valid__22826,13.559322033898304,1.694915254237288,-11.864406779661017,False,아 예 그럼 창원시에서 귀사가 필요로 하는 기술 개발을 지원하는 프로그램이 있다면 참여하실 의사가 있습니까,아 지금 창업실에서 기사가 필요로 하는 기술개발을 지원하는 프로그램이 있다면 참여하실 의사가 있습니까,아 네 그럼 창원시에서 귀사가 필요로 하는 기술 개발을 지원하는 프로그램이 있다면 참여하실 의사가 있습니까
AIHub_LowQualityPhoneVoice_valid__22846,34.61538461538461,11.538461538461538,-23.076923076923073,False,일 번이 있다 이 번 없다 삼 번 모르겠다입니다,일 번이 이따 이 번 없다 삼 번 노래도 돼요,일 번이 있다 이 번 없다 삼 번 모르겠다
AIHub_LowQualityPhoneVoice_valid__22863,15.686274509803921,3.9215686274509802,-11.76470588235294,False,네 귀사는 스마트 공장 도입 의사가 있습니까 일 번 있다 이 번 없다 삼 번 모르겠다 입니다,네 기사는 스마트 공장 도입 의사가 있습니까 일 번이 있다 이 번 없다 선방 오류겠다입니다,네 귀사는 스마트 공장 도입 의사가 있습니까 일 번이 있다 이 번 없다 삼 번 모르겠다입니다
AIHub_LowQualityPhoneVoice_valid__22873,33.33333333333333,16.666666666666664,-16.666666666666664,False,서민형 안전 전환 대출,선임용 안전전환 대출,서민등록 안전 전환 대출
AIHub_LowQualityPhoneVoice_valid__22898,65.11627906976744,39.53488372093023,-25.581395348837212,False,고양이가 완전 내장 터질 때로 차에 완전 깔리삣소 그래삐면 그 자를 잡아가지고,오야정상 완전 내장 터져도록 차라리 완전 쌓여살아삐서 예,고양이가 완전 매장 터져도 차이 완전 쌓여있어서 그 옆이면 그대는 잡아가지고
AIHub_LowQualityPhoneVoice_valid__22911,87.5,25.0,-62.5,False,지금 합포 구청,그럼 하프,지금 합포구청에
AIHub_LowQualityPhoneVoice_valid__22914,72.72727272727273,18.181818181818183,-54.54545454545455,False,합포 구청 합포 구청,아빠 고쳐 아빠 고쳐,합포구청 합포구청
AIHub_LowQualityPhoneVoice_valid__22919,36.36363636363637,0.0,-36.36363636363637,False,노면 누수가 있고 일반적인 가정 내 누수,노면 요소가 있고 일반적인 관영률의 요소,노면 누수가 있고 일반적인 가정 내 누수
AIHub_LowQualityPhoneVoice_valid__22958,107.6923076923077,58.97435897435898,-48.717948717948715,False,제가 제가 고향 제가 고향 후밴데 휴대폰 휴대폰을 초기화 지와져 버렸어,내가 내가 돈에 제가 돈에 오면 호주 보호원이 그 들어가 있으면 돼 우주 원본을 총이라니 그 짜지 보랬어,제가 제가 두 개 제가 두 개 오겠는데 허자병원은 허자병원을 초기화해서 자리에 버렸어
AIHub_LowQualityPhoneVoice_valid__22959,71.875,40.625,-31.25,False,거 지금 전화 하 하셔가지고 저한테 퇴근 시간 다 됐잖아예,형 전화해 아직 아직까지 어떻게 하더 백 년 안 했잖아 얘,어 지금 전화해 하시 하신 거죠 저한테 좀 대신을 다 했잖아예
AIHub_LowQualityPhoneVoice_valid__22971,50.0,10.0,-40.0,False,기다려 주셔서 감사합니다 현재 선생님,기다려서 간다합니다 선 교수님이,기다려 주셔서 감사합니다 천주 선생님
AIHub_LowQualityPhoneVoice_valid__23009,32.142857142857146,21.428571428571427,-10.714285714285719,False,네 사례 관리자 쪽으로 한번 연결 도와드릴 수 있게,네 사례 관리 대학교를 한 번 연결 도와주실 수 있,네 사례 관리자 쪽으로 한 번 연결 도와 드릴 텐데
AIHub_LowQualityPhoneVoice_valid__23020,96.7741935483871,9.67741935483871,-87.0967741935484,False,아 네 뭐 그럼 일단은 그쪽으로 연결을 좀 해주세요 그럼,아,아 네 뭐 그럼 일단은 그쪽으로 연결을 좀 해주세요
AIHub_LowQualityPhoneVoice_valid__23026,36.36363636363637,9.090909090909092,-27.272727272727273,False,댐목 같은 걸 처리를 했다는데 그 어디 환경과로 해야 됩니까 어디다 해야 됩니까,때목 같은 걸 그리래 했다는데 어디 한곈까로 해야 되니든 내려야 되니까,때목 같은 걸 처리를 했다는데 어디 환경과로 해야 됩니까 어디로 해야 됩니까
AIHub_LowQualityPhoneVoice_valid__23032,31.428571428571427,17.142857142857142,-14.285714285714285,False,내용에 따라서 부서 한번 연결될 수 있는 점은 양해 부탁드립니다,뇌용의 따른 독서도 대여서 한 번 엿보될 수 있는 점은 양해 부탁드립니다,내용에 따라서 부서 대여 시 한 번 연결될 수 있는 점은 양해 부탁드립니다
AIHub_LowQualityPhoneVoice_valid__23036,46.666666666666664,24.444444444444443,-22.22222222222222,False,번호는 이 이 이름 대신에 이 이 인증번호 팔 오 팔 삼 칠 칠입니다 창원 시장님,보론은 이름이 대신에 인증보론 팔 오 팔 삼 퇴퇴입니다 형님,번호는 이름 대신에 이 이 인증번호 팔 오 팔 삼 칠 칠입니다
AIHub_LowQualityPhoneVoice_valid__23038,25.0,16.666666666666664,-8.333333333333336,False,부속실 말씀 맞으십니까,보속실 말씀 드�십니까,분석실 말씀 맞으십니까
AIHub_LowQualityPhoneVoice_valid__23044,30.76923076923077,0.0,-30.76923076923077,False,선생님 시장 지금 시장님 부속실 찾으셨는데 어떤 업무 보실 예정이십니까,암튼 시장 지금 시장님 부속실에 사진 샀는데 어떠나 뭐 보실 예정이십니까,선생님 시장 지금 시장님 부속실 찾으셨는데 어떤 업무 보실 예정이십니까
AIHub_LowQualityPhoneVoice_valid__23059,10.344827586206897,10.344827586206897,0.0,False,건설기 뭐 굴착기나 이런 건설기에 관련한 자격증인가요,건설기 뭐 골찻기나 이런 건설기 관련한 자격증인가요,건설기 뭐 굴 찾기나 이런 건설기계 관련한 자격증인가요
AIHub_LowQualityPhoneVoice_valid__23062,8.333333333333332,0.0,-8.333333333333332,False,어 선생님 너무 죄송합니다만 재발급 관련해서,어 선생님 너무 죄송합니다만 개발법 관련해서,어 선생님 너무 죄송합니다만 재발급 관련해서
AIHub_LowQualityPhoneVoice_valid__23081,83.33333333333334,8.333333333333332,-75.00000000000001,False,네 미안합니다 바쁜데예,예 예한 알리더 바쁘게 예,예 미안합니다 바쁜데예
AIHub_LowQualityPhoneVoice_valid__23084,10.0,0.0,-10.0,False,예 수고 많으십니다,네 수고 많으십니다,예 수고 많으십니다
AIHub_LowQualityPhoneVoice_valid__23089,6.25,0.0,-6.25,False,구 월 십 오 일부터 영업을 계속하고 있는데 어 소음하고 진동 때문에 음악을 너무 크게 트니까 소음하고 진동 때문에,고월 십 오 일부터 영어도 계속하고 있는데 어 소음하고 진동 때문에 음악을 너무 크게 트니까 소음하고 진동 때문에,구 월 십 오 일부터 영업을 계속하고 있는데 어 소음하고 진동 때문에 음악을 너무 크게 트니까 소음하고 진동 때문에
AIHub_LowQualityPhoneVoice_valid__23115,90.0,0.0,-90.0,False,무엇을 도와드릴까요,오세요,무엇을 도와드릴까요
AIHub_LowQualityPhoneVoice_valid__23118,86.66666666666667,6.666666666666667,-80.0,False,창원시청에 제일 높은 분이요,장학식생이 젤로 본부야,창원시청에 제일 높은 분이에요
AIHub_LowQualityPhoneVoice_valid__23127,41.66666666666667,25.0,-16.66666666666667,False,그 거 청문회 했잖아요,어 어 직무는 했잖아요,그 그 정문을 했잖아요
AIHub_LowQualityPhoneVoice_valid__23128,61.53846153846154,23.076923076923077,-38.46153846153847,False,그 핸 분 이름이 뭐예요,그 행복 일 일 모에요,그 행병이 이름이 뭐예요
AIHub_LowQualityPhoneVoice_valid__23140,31.372549019607842,17.647058823529413,-13.725490196078429,False,하주 그 태 태어난 거는 칠십 칠십 사 사 년이고 호적으로 칠십 오년이고 그래요 나이가 대충,하주 그 태 태어난 건 칠십 칠십 사 사 년이고 고급으로는 칠십 오 년이구나 하니까 좀 어 에,학점 그 태 태어난 거는 칠십 칠십 사 년이고 고지번은 칠십 오 년이고 그래요 나이가 대충
AIHub_LowQualityPhoneVoice_valid__23142,18.181818181818183,13.636363636363635,-4.5454545454545485,False,뭐 서른 사십 오십이 다 돼 가는데 이 사람들이 베트남 세 개 나라의 사람들이 다 우리나라에서 지금 다 지내고 있십니다,뭐 서른 사십 오십이 다 돼가는데 일 사람들이 이제 동남아 자기 나라랑 사람들이 다 우리나라에서 지금 다 지내고 있습니다,뭐 서른 사십 오십이 다 돼가는데 이 사람들이 백 동 남 세계 나라 사람들이 다 우리나라에서 지금 다 지내고 있습니다
AIHub_LowQualityPhoneVoice_valid__23169,14.035087719298245,14.035087719298245,0.0,False,전화가 왔는데 내가 뭐 하도 요즘 이상한 전화가 많이 와서 진짜인가 싶어서 내가 확인차 전화드린 거예요,전화가 왔는데 내가 뭐 하고 요즘 이상한 전화가 많이 와서 진짜 안가 싶어서는 확인지하차 전화드린 거예요,전화가 왔는데 내가 뭐 하도 좀 이상한 전화가 많이 와서 진짠가 싶어서 내가 확인을 제가 전화드린 거예요
AIHub_LowQualityPhoneVoice_valid__23173,28.57142857142857,2.857142857142857,-25.71428571428571,False,어 죄송합니다 지금 말씀해 주신 성함으로는 따로 확인이 어렵구요,어 주소은 이거 지금 말씀해주신 성함으로는 따로 하기는 어렵구요,어 죄송합니다 지금 말씀해 주신 성함으로는 따로 확인이 어렵고요
AIHub_LowQualityPhoneVoice_valid__23188,45.45454545454545,27.27272727272727,-18.181818181818183,False,어우 죄송합니다 지금,죄송합니다 퇴근,죄송합니다 지금
AIHub_LowQualityPhoneVoice_valid__23190,45.45454545454545,0.0,-45.45454545454545,False,이제 검색을 했을 때,여가섹을 했을 때,이제 검색을 했을 때
AIHub_LowQualityPhoneVoice_valid__23219,22.22222222222222,0.0,-22.22222222222222,False,확인해 보겠습니다,사진해 보겠습니다,확인해 보겠습니다
AIHub_LowQualityPhoneVoice_valid__23230,21.73913043478261,13.043478260869565,-8.695652173913045,False,아 예 알겠습 잘 알겠습니다 감사합니다 예,아유 알겠습 잘 알겠습 감사합니다 네,아 예 알겠습 잘 알겠습니다 감사합니다 고객님
AIHub_LowQualityPhoneVoice_valid__23253,37.2093023255814,9.30232558139535,-27.906976744186046,False,그니까 저는 지금 차량 등록증 재발급 그것만 하면 되니까 어떻게 하면 된다구요,그니깐 고은우님은 화량 등량층 이케 빨고 그것만 하면 되니깐 어떻게 하면 된다고요,그니깐 저는 지금 차량 등록증 개발급 그것만 하면 되니깐 어떻게 하면 된다고요
AIHub_LowQualityPhoneVoice_valid__23272,64.0,28.000000000000004,-36.0,False,예 아 그러면은 잠시만요 제가 메모 좀 해보고,예 예 아 그러면은 예 잠시만요,예예 아 그러면은 잠시만예 제가 메모를 좀 해야 돼서
AIHub_LowQualityPhoneVoice_valid__23281,13.043478260869565,21.73913043478261,8.695652173913045,False,네 또 시청의 경제일자리국 소속 주무관은요,네 네 시청의 경제 일자리구 소속 주무관은요,네 그래서 시청의 경제 일자리구 소속 주무관은요
AIHub_LowQualityPhoneVoice_valid__23285,28.57142857142857,0.0,-28.57142857142857,False,구 급 정도 될 것 같은데,호곡 정도 될 거 같은데,구 급 정도 될 것 같은데
AIHub_LowQualityPhoneVoice_valid__23290,50.0,0.0,-50.0,False,무엇을 도와드릴까요,어디서 드릴까요,무엇을 도와드릴까요
AIHub_LowQualityPhoneVoice_valid__23295,37.5,62.5,25.0,False,근 뿌리 근자에,건 우리 전자에,건물이 근처에
AIHub_LowQualityPhoneVoice_valid__23299,75.0,35.0,-40.0,False,주사님 연결 요청하시는데 통화 있어요,두산이 명절 유도리에 의성하시는데 똑같이 있어요,주사님 명절 요청하시는데 통화 가능하신가요
AIHub_LowQualityPhoneVoice_valid__23306,37.5,0.0,-37.5,False,아 예 건설과 좀 부탁드릴게요,아 예 그럼 설까진 부탁드릴게요,아 예 건설과 좀 부탁드릴게요
AIHub_LowQualityPhoneVoice_valid__23308,20.588235294117645,0.0,-20.588235294117645,False,담당자가 많이 나뉘어져 있는데요 어떤 업무를 보실 예정이십니까,단댕자가 많이 나뉘어도 있는데요 어떤 업무로 보실 예정이신지,담당자가 많이 나뉘어져 있는데요 어떤 업무를 보실 예정이십니까
AIHub_LowQualityPhoneVoice_valid__23329,45.45454545454545,0.0,-45.45454545454545,False,민원 콜센터요 선생님,이마 펄센타야 선생님,민원 콜센터요 선생님
AIHub_LowQualityPhoneVoice_valid__23332,45.45454545454545,29.545454545454547,-15.909090909090907,False,시장도 이제 전화를 하고 했는데 그런데 가슴이 나쁘죠 어 봐 됐지요 그럼 됐는데,시절에 이제 전화하고 했는데 근데 사실 나쁘요 아 막 뺐죠 뺌 뺌 뺌,시장한테 이제 전화를 하고 했는데 근데 하나도 나쁘요 막 됐지요 좀 됐는데
AIHub_LowQualityPhoneVoice_valid__23337,11.11111111111111,0.0,-11.11111111111111,False,네 선생님 말씀해 주시겠습니까 어떤 문의신 거세요,네 선생님 말씀해주시겠습니까 어떤 분이신 거세요,네 선생님 말씀해 주시겠습니까 어떤 문의신 거세요
AIHub_LowQualityPhoneVoice_valid__23364,56.41025641025641,25.64102564102564,-30.76923076923077,False,그거는 뭐 방음을 어떻게 해야 뭐 좀 할 수가 없어예 그러니까 이 집에,그럼 뭐 방학을 이제 뭐 좀 할 돈 없대 아,그거는 뭐 방음을 어떻게든 뭐 좀 할 수가 없어요 그래 된다 옆집에
AIHub_LowQualityPhoneVoice_valid__23385,9.523809523809524,9.523809523809524,0.0,False,아 네 선생님 기다려 주셔서 감사합니다,네 선생님 기다려 주셔서 감사합니다,네 선생님 기다려 주셔서 감사합니다
AIHub_LowQualityPhoneVoice_valid__23399,11.11111111111111,22.22222222222222,11.11111111111111,False,과장 말씀이시구요,가장 말씀이시구요,가장 말씀이시고요
AIHub_LowQualityPhoneVoice_valid__23405,23.333333333333332,0.0,-23.333333333333332,False,과장님 찾으시는 거면 지금 제가 바로 연결을 해드릴까요,마장님 찾으시는 건 제가 바로 연결을 해 드릴까요,과장님 찾으시는 거면 지금 제가 바로 연결을 해드릴까요
AIHub_LowQualityPhoneVoice_valid__23420,60.65573770491803,21.311475409836063,-39.34426229508197,False,그것도 얘기 안내를 해줘야 되고 내가 과를 과를 잘 몰라서 문화예술카페에 모른다 다른 과가 뭐고 뭐고 물어보니,이거 또 이 안 내려가게 돼 뭐 내가 까르르 까르르 잘 몰라서 문화에 서비파페에 모른다 나는 까르르 뭐였고 업무로 보인,그래 갖고 이 안내를 해줘야 되고 내가 과를 과를 잘 몰라서 문화에서 카페에 모른다 다른 과가 뭐 뭐 없고 물어보이
AIHub_LowQualityPhoneVoice_valid__23421,36.36363636363637,54.54545454545454,18.181818181818173,False,없다카고 아 그러면은,뚝딱하고 아 그러면,그 딱 하고 아 그러면
AIHub_LowQualityPhoneVoice_valid__23422,54.285714285714285,22.857142857142858,-31.428571428571427,False,과장이 무슨 무슨 과의 과장이고 물어보니 그런 과장이 없다이카고,가당에 무슨 무슨 과가에 과당인가 물어봐봐 이 그런 과당이 어디까지 가고,과장이 무슨 무슨 과에 과장이고 물어봐야 그런 과장이 어따 이 타고
AIHub_LowQualityPhoneVoice_valid__23442,8.333333333333332,0.0,-8.333333333333332,False,과장 지금 바로 한 번 연결 도와드리겠습니다,가장 지금 바로 한 번 연결 도와 드리겠습니다,과장 지금 바로 한 번 연결 도와드리겠습니다
AIHub_LowQualityPhoneVoice_valid__23459,7.142857142857142,0.0,-7.142857142857142,False,어 선생님 너무 죄송합니다만 개인 정보를 가지고 있기 가지고 있지 않기 때문에 그 성함이나 이런 거 가지고는 확인이 어렵습니다,어 조금 더 죄송합니다만 개인 정보를 가지고 있기 가지고 있지 않기 때문에 그 성함이나 이런 거 가지고는 확인이 어렵습니다,어 선생님 너무 죄송합니다만 개인 정보를 가지고 있기 가지고 있지 않기 때문에 그 성함이나 이런 거 가지고는 확인이 어렵습니다
AIHub_LowQualityPhoneVoice_valid__23467,66.66666666666666,33.33333333333333,-33.33333333333333,False,아니요 메신저를 보내주시지예,왜냐면 메시지를 보내 김 시집임,예 메시지를 보내주시지예
AIHub_LowQualityPhoneVoice_valid__23472,77.77777777777779,0.0,-77.77777777777779,False,아 예 감사합니다,아이 아빠리나,아 예 감사합니다
AIHub_LowQualityPhoneVoice_valid__23488,77.77777777777779,22.22222222222222,-55.555555555555564,False,과장이 무슨 관데,하당이 뭐 순산대,주차장이 무슨 관데
AIHub_LowQualityPhoneVoice_valid__23500,57.692307692307686,15.384615384615385,-42.3076923076923,False,선생님 조금 천천히 말씀 부탁드릴게요 한 글자씩,사실 지금 참권이 많이 있으면 부탁드릴게요 한글자씨,선생님 조금 천천히 말씀 부탁드릴게요 한글 작심
AIHub_LowQualityPhoneVoice_valid__23506,21.428571428571427,0.0,-21.428571428571427,False,잠시만 기다려 주시겠습니까,안심한 기다려 주시겠습니까,잠시만 기다려 주시겠습니까
AIHub_LowQualityPhoneVoice_valid__23510,34.61538461538461,26.923076923076923,-7.69230769230769,False,그분 그 예 남자분 그그그 성함하고 전화번호 좀,그 예 예 남자분 평화만 하고 전화도를 좀,그 분이 그 예 남자분 그 인제 그 성함함하고 전화번호 좀
AIHub_LowQualityPhoneVoice_valid__23513,11.594202898550725,0.0,-11.594202898550725,False,선생님 너무 제가 예 지금 저희가 제가 다른 상담사가 전화를 받아서 혹시 선생님 이전에 전화 주셨던 번호 한 번만 남겨주시면,선생님 제가 지금 저희가 제가 다른 상담사가 전화를 받아서 혹시 선생님 이전에 전화 주셨던 번호 한 번만 만들 주시면,선생님 너무 제가 예 지금 저희가 제가 다른 상담사가 전화를 받아서 혹시 선생님 이전에 전화 주셨던 번호 한 번만 남겨주시면
AIHub_LowQualityPhoneVoice_valid__23514,13.157894736842104,5.263157894736842,-7.894736842105263,False,제가 어떤 담당자랑 통화하셨는지 확인해서 번호 안내드려도 괜찮으실까요,제가 어떤 담당자랑 통화하셨는지 확인해서 번호 안 내드려도 감사합니까요,제가 어떤 담당자랑 통화하셨는지 확인이나 번호 안내드려도 괜찮으실까요
AIHub_LowQualityPhoneVoice_valid__23522,72.72727272727273,9.090909090909092,-63.63636363636364,False,예 번호가 지역 번호,이거 다소 가 지역도,예 번호가 지역번호
AIHub_LowQualityPhoneVoice_valid__23530,6.122448979591836,6.122448979591836,0.0,False,여성 청소년 관련해서 죄송합니다 제가 성함을 잘 듣지 못했는데 어떤 분 말씀하시는 건가요,여성 청소년 관련해서 죄송한데 제가 성함을 잘 듣지 못했는데 어떤 분 말씀하시는 건가요,여성 청소년 관련해서 죄송한데 제가 성함을 잘 듣지 못했는데 어떤 분 말씀하시는 건가요
AIHub_LowQualityPhoneVoice_valid__23543,47.368421052631575,26.31578947368421,-21.052631578947366,False,그럼 통화가 안 된다는 게 아닙니까,그럼 동화가 아니아니 아니니까,그럼 통화가 안된다는 이야기입니까
AIHub_LowQualityPhoneVoice_valid__23544,33.33333333333333,0.0,-33.33333333333333,False,선생님 이름이 실례지만,이름이 실례지만,선생님 이름이 실례지만
AIHub_LowQualityPhoneVoice_valid__23559,8.333333333333332,4.166666666666666,-4.166666666666666,False,네 또박또박 한 번만 더 말씀해 주시겠습니까,또박또박 한 번만 더 말씀해 주시겠습니까,예 또박또박 한 번만 더 말씀해 주시겠습니까
AIHub_LowQualityPhoneVoice_valid__23575,7.142857142857142,0.0,-7.142857142857142,False,지금은 잘못 연결되셨습니다,지금은 잘못 연결되었습니다,지금은 잘못 연결되셨습니다
AIHub_LowQualityPhoneVoice_valid__23593,28.57142857142857,0.0,-28.57142857142857,False,아 그건 없죠,아 그건 웃겨,아 그건 없죠
AIHub_LowQualityPhoneVoice_valid__23605,80.0,0.0,-80.0,False,무엇을 도와드릴까요,뭐 공부하십니까요,무엇을 도와드릴까요
AIHub_LowQualityPhoneVoice_valid__23607,20.833333333333336,4.166666666666666,-16.66666666666667,False,체육 과장님 말씀이십니까 체육 진흥과 과장님,체육 과장진 말씀이십니까 체육 지분 과 과장진,체육 과장님 말씀이십니까 체육진흥과 과장님
AIHub_LowQualityPhoneVoice_valid__23609,47.368421052631575,5.263157894736842,-42.10526315789473,False,예 어디에서 전화를 주셨다고 전달을,이 어디에서 전화를 주셨다고 전화를 드렸습니다,이 어디에서 전화를 주셨다고 전달을
AIHub_LowQualityPhoneVoice_valid__23611,72.72727272727273,0.0,-72.72727272727273,False,반갑습니다 체육진흥과,고맙습니다,반갑습니다 체육진흥과
AIHub_LowQualityPhoneVoice_valid__23613,36.666666666666664,3.3333333333333335,-33.33333333333333,False,국회라고만 하시고 체육진흥과 과장님 연결 요청하셨는데요,북 프레오라고만 하시고 체육지능과 과상립 넘게 요청하셨는데요,북회라고만 하시고 체육진흥과 과장님 연결 요청하셨는데요
AIHub_LowQualityPhoneVoice_valid__23620,41.66666666666667,25.0,-16.66666666666667,False,행정국장실 말씀이십니까,때땐 국장소에 말씀이십니까,횡당 국장실 말씀이십니까
AIHub_LowQualityPhoneVoice_valid__23631,43.75,31.25,-12.5,False,행정국장실에 비서관이 있었는데 왜 전화가 안 된다는 거예요,형님 형식을 비서가 있을 수 있는데 왜 전화도 안 된다는 거예요,문장실에 비서가 있을 수 있는데 왜 전화가 안 된다는 거예요
AIHub_LowQualityPhoneVoice_valid__23635,77.77777777777779,0.0,-77.77777777777779,False,메모 가능하십니까,대박 안녕하세요,메모 가능하십니까
AIHub_LowQualityPhoneVoice_valid__23640,60.0,20.0,-40.0,False,이 저 농업기술센타,그 그 노폐순센타,그 저 농업기술센터
AIHub_LowQualityPhoneVoice_valid__23645,100.0,75.0,-25.0,False,네 안 되면 직통 전화라도 좀,예 안 되면 팀팀들 하나도 어떻게 말해주시면,예 안 되면 직장들 말해도 돈가스 수는
AIHub_LowQualityPhoneVoice_valid__23653,16.666666666666664,25.925925925925924,9.25925925925926,False,예 그게 사실은 쓰레기 불법 투기 때문에 전화를 했는데 제가 조금 흥분을 해가지고 전화를 했었어요,예 그게 사실은 쓰레기 불커 그게 때문에 전화를 했는데 제가 없애 헌권을 해가지고 전화를 해줬어요,예 저기 사시라운 쓰레기 불 끄 그게 때문에 전화를 했는데 제가 그냥 헌거는 해가지고 전화를 했었어요
AIHub_LowQualityPhoneVoice_valid__23656,28.888888888888886,15.555555555555555,-13.33333333333333,False,아니에요 담당자를 바꿔달라고 하는데 어 내가 손이 등이 나서 손을 전화를 했다만은,아니에요 담당자를 맡아 달라고 하는데 내가 돈이 응이나서 돈을 재나를 했다마라,아니에요 담당자를 바타 달라고 하는데 그 내가 손이 쯩이나 서 손을 전화를 했더만은
AIHub_LowQualityPhoneVoice_valid__23662,52.63157894736842,0.0,-52.63157894736842,False,아 조금 전에 안내 멘트 받으신 분,맞어 조금 전에 안내민트바를 짐 보고,아 조금 전에 안내 멘트 받으신 분
AIHub_LowQualityPhoneVoice_valid__23669,40.625,43.75,3.125,False,지금 행사를 뭐 치가고 산소를 올라 못 올라가게 돼 있어요,지금 뭐 햄선 기가고 삼선을 올라 몬 올라올 때 있어요,지금 뭐 햇살은 제가 갖고 서술 올라 몬 몬 올라가게 돼 있어요
AIHub_LowQualityPhoneVoice_valid__23674,28.000000000000004,24.0,-4.0000000000000036,False,그럼 그 횃을 누가 쳤는지는 알고 계신 건가요,그래서 사실 누가 탔는지는 알게 계신 건가요,선생님 그 횟수를 누가 쳤는지는 알고 계신 건가요
AIHub_LowQualityPhoneVoice_valid__23676,10.869565217391305,10.869565217391305,0.0,False,아 그러세요 우선 선생님 사유지라고 하시면은 이게 원래는 하시면 안 되는 부분이어서,아 그러세요 우선 선생님 사님이라고 하시면은 이제 원래는 하셨으면 안 되는 부분이어서,아 그러세요 우선 선생님 사 일 지라고 하시면은 이게 원래는 하셔는 안 되는 부분이어서
AIHub_LowQualityPhoneVoice_valid__23697,16.666666666666664,16.666666666666664,0.0,False,네 잠시만요,이 잠시만요,예 잠시만요
AIHub_LowQualityPhoneVoice_valid__23700,29.411764705882355,5.88235294117647,-23.529411764705884,False,아 네 저거 그 민원을 넣었는데,아 내일 저가 그 문화원을 넣었는데,아 네 저가 그 민원을 넣었는데
AIHub_LowQualityPhoneVoice_valid__23708,72.22222222222221,11.11111111111111,-61.1111111111111,False,접수 완료된 것으로 확인이 됩니다,어 그 날려대신으로 하시기 됐다,접수 완료되신 것으로 확인이 됩니다
AIHub_LowQualityPhoneVoice_valid__23709,88.88888888888889,44.44444444444444,-44.44444444444444,False,아 접수는 됐어요,뭐 또,아 됐어요
AIHub_LowQualityPhoneVoice_valid__23717,60.0,0.0,-60.0,False,감사합니다 다른 문의 사항 있으십니까,그럼 그냥 다른 의사 무슨 일입니까,감사합니다 다른 문의 사항 있으십니까
AIHub_LowQualityPhoneVoice_valid__23738,53.73134328358209,35.82089552238806,-17.910447761194035,False,그래 이 북한 사회가 얼마나 가난한지는 모르겠지만 이거 보면 화딱지 안 나겄습니까 화딱지 안 났으면 화딱지 안 나왔습니꺼,그래 폭환 사이가 얼마나 가능한지는 모르겠지만 이거버머 하다시 안 다뤘습니까,그래 북한 사이가 얼마나 가능한지는 모르겠지만 이거 보면 하나도 안 나으십니까 하나도 안 나으십니까 어 하나도 안 나으십니까
AIHub_LowQualityPhoneVoice_valid__23741,40.74074074074074,12.962962962962962,-27.77777777777778,False,사람을 모르는 거라고 지 생을 지 스스로 해결을 해야 될 거 아닙니까 지 생을 지 스스로예 그리고,사람을 온나시오 모나구라고 지생을 지수스로 얘기를 해야 될 거 아니고 지생을 지수스로 예,사람을 언제 쇼 몬하구라고 지 생을 지 스스로 해결을 해야 될 거 아닙니까 지 생을 지 스스로예 그리고
AIHub_LowQualityPhoneVoice_valid__23758,42.857142857142854,39.285714285714285,-3.5714285714285694,False,그래 저 알아가지고 그래 하이수 하수관 같은 거 뭐,우리가 알아가지고 그래 하수 하수구 안 도청도 막,그거 내가 알아가지고 그래 하수 하수구 안 구청가 뭐야
AIHub_LowQualityPhoneVoice_valid__23761,107.6923076923077,94.23076923076923,-13.461538461538467,False,낮에 문 열어놔도 저 제일 수지에 그래가지고 예 쪼방 물에서 온 결과는 이거 베께는 거의 거의,아 데 뭔 얘기하면은 뭐 부부 선정에 저 저 술술에서 뭐 그 뭐해 안 말하드래 그래라 그서 왜 저 엄 싫어하지 그 맹생은 또이 또이,아 저 문의 말하면 뭐 불법 소음성에 저 저 물에 안 말하면 그러니까 그래 가지고 저가 좀 알으면 물에 좀 절차하지 고 배차는 거의 거의
AIHub_LowQualityPhoneVoice_valid__23780,51.724137931034484,48.275862068965516,-3.448275862068968,False,음 한 번 확인을 해볼게요 저두 저 처음 듣는 얘긴데,어 확인을 해볼게요 저쪽 컴퓨터 얘기인데,한번 확인을 해볼게요 저도 얘기인데
AIHub_LowQualityPhoneVoice_valid__23785,16.666666666666664,16.666666666666664,0.0,False,예 잘 부탁드리겠습니다,에 전 부탁드리겠습니다,네 좀 부탁드리겠습니다
AIHub_LowQualityPhoneVoice_valid__23789,100.0,66.66666666666666,-33.33333333333334,False,예 그 부분을 예,옛날,그 두 번호예
AIHub_LowQualityPhoneVoice_valid__23800,0.0,11.11111111111111,11.11111111111111,False,네 수고 많습니다,네 수고 많습니다,예 수고 많습니다
AIHub_LowQualityPhoneVoice_valid__23811,31.57894736842105,0.0,-31.57894736842105,False,아 네 확인해 보겠습니다 잠시만 아,아 예 화보하겠습니다 잠시만 아,아 네 확인해 보겠습니다 잠시만 아
AIHub_LowQualityPhoneVoice_valid__23818,21.052631578947366,10.526315789473683,-10.526315789473683,False,네 업무 잘 보시기 바랍니다 상담사,업무 잘 보시기 바랍니다 선장사,업무 잘 보시기 바랍니다 상담사
AIHub_LowQualityPhoneVoice_valid__23819,4.3478260869565215,0.0,-4.3478260869565215,False,네 선생님 통화 먼저 종료해 주시면 됩니다,이 선생님 통화 먼저 종료해 주시면 됩니다,네 선생님 통화 먼저 종료해 주시면 됩니다
AIHub_LowQualityPhoneVoice_valid__23836,97.5609756097561,12.195121951219512,-85.3658536585366,False,의평구 지역의 담당자 번호구요 연결을 해볼 텐데 잠시만 기다려 주시겠습니까,감사합니다,회원구 지역의 담당자 번호고요 연결해 볼 텐데 잠시만 기다려 주시겠습니까
AIHub_LowQualityPhoneVoice_valid__23837,46.34146341463415,4.878048780487805,-41.463414634146346,False,네 창원 서부 모범 운전자인데예 네 구청장님하고 통화를 좀 할라고 그러는데,네 당연히 사고 뭐고 뭔 존재야인데야 네 구트남님하고 동아리 좀 할라 그러는데,네 창원 서부 모범 운전장인데예 네 구청장님하고 통화를 좀 할라 그러는데
AIHub_LowQualityPhoneVoice_valid__23846,24.691358024691358,12.345679012345679,-12.345679012345679,False,행사가 있거든예 두 시에 그것 때문에 구청장님하고 통화가 내 휴대폰 번호가 있기는 가 했는데 혹시 바쁜가 싶어서 부속실을 통해 갖고 통화를 할라고,행사가 있그등 예수씨에 그거 때문에 고층이 아니라 통화가 내 휴대폰 번호가 있니가 했는데 혹시 바쁜가 싶어서 부속실 통화해갖고 통화를 할라고,행사가 있거든예 도시에 그거 때문에 부서장님하고 통화가 내가 휴대폰 번호가 있는가 했는데 혹시 바쁜가 싶어서 부속실 통해갖고 통화를 할라고
AIHub_LowQualityPhoneVoice_valid__23854,23.52941176470588,17.647058823529413,-5.8823529411764675,False,일단 그러면 네 함 바꿔주실래요,일산 그러면 네 함 바꿔주시나,일단 그러면 네 함 바꿔주시겠어요
AIHub_LowQualityPhoneVoice_valid__23860,26.31578947368421,2.631578947368421,-23.684210526315788,False,담당자 어 혹시나 자동차 관리법 위반 관련 문의 주시는 거 맞으십니까,연단자 혹시 자동차 관리법 위반 관리하는 메뉴 주시는 거 맞으십니까,담당자 어 혹시나 자동차 관리법 위반 관련 문의주시는 거 맞으십니까
AIHub_LowQualityPhoneVoice_valid__23867,8.333333333333332,0.0,-8.333333333333332,False,아 예 죄송합니다 현재 담당자가 통화 중이라,아 예 죄송합니다 현재 담아사가 통화 중이라,아 예 죄송합니다 현재 담당자가 통화 중이라
AIHub_LowQualityPhoneVoice_valid__23873,28.57142857142857,42.857142857142854,14.285714285714285,False,아니요 없어요,아니 없어,여기 없어요
AIHub_LowQualityPhoneVoice_valid__23887,48.64864864864865,5.405405405405405,-43.24324324324325,False,아 네 안녕하세요 여기 서울시 에이아이 면접 체험 운영 사무국입니다,안녕하세요 서울시 이하의 남자친군 사무국입니다,아 네 안녕하세요 이제 서울시 에이아이 면접 체험 운영 사무국입니다
AIHub_LowQualityPhoneVoice_valid__23925,40.963855421686745,4.819277108433735,-36.14457831325301,False,어 지금 결과 분석에 대해서 따로 컨설팅을 받지 않으신 것으로 확인되시는데 저희가 곧 운영 기간 마감이라 혹시 컨설팅 필요하신지 해서 연락을 드렸어요,어 지금 결과 분석에 대해서 따로 컨셉이 있는 것 같지 않은 것으로 확인되시는데요 저희가 보도 의원비가 망하느라 혹시 컨셉이 허자신지 연락했잖아요,어 지금 결과 분석에 대해서 따로 컨설팅은 받지 않으신 것으로 확인되시는데 저희가 곧 운영 기간 마감이라 혹시 컨설팅 투자신지 해서 연락을 드렸어요
AIHub_LowQualityPhoneVoice_valid__23938,52.63157894736842,0.0,-52.63157894736842,False,그러면 열 한 시 이십 분에 할게요,이태원에 열 한 시 이십 분에 일하고 있다,그러면 열 한 시 이십 분에 할게요
AIHub_LowQualityPhoneVoice_valid__23940,37.254901960784316,5.88235294117647,-31.372549019607845,False,아 네 기다려 감사드리구요 이전에 예약 내역 있으셔서 기존 예약 기록 그대로 전달 도와드렸고,아 네 기회 전화할 수 있구요 이전에 예약 예약 기세셔서 비론 예약 뒤로 그대로 전달 도와주셨고,아 네 기다려 감사드리고요 이전에 예약 예약 있으셔서 기존 예약 기록 그대로 전달 도와드렸고
AIHub_LowQualityPhoneVoice_valid__23943,21.311475409836063,6.557377049180328,-14.754098360655735,False,어 열 한 시 이십 분이요 지원자님 그래서 열 한 시 이십 분부터 열 한 시 사십 분까지 진행되는 스케줄이세요,어 열 한 시 이십 분이었어요 네 시 열입에 열 한 시 이십 분부터 열 한 시 사십 분까지 진행되는 스킬이시아,어 열 한 시 이십 분이요 지금 현재 그래서 열 한 시 이십 분부터 열 한 시 사십 분까지 진행되는 스케줄이세요
AIHub_LowQualityPhoneVoice_valid__23958,39.285714285714285,0.0,-39.285714285714285,False,괜찮으실까요 아 네 알겠습니다 확인 너무 감사합니다,네 알겠습 확인 너무 감사합니다,괜찮으실까요 아 네 알겠습니다 확인 너무 감사합니다
AIHub_LowQualityPhoneVoice_valid__23959,0.0,0.0,0.0,False,네 감사합니다,네 감사합니다,네 감사합니다
AIHub_LowQualityPhoneVoice_valid__23962,26.53061224489796,4.081632653061225,-22.448979591836736,False,네 저희 검사 결과지 보면서 진행할 건데 혹시 결과지는 음 받아보신 거 준비되어 있으세요,네 저희 검사 결과지 보면서 진행할 건데 혹시 결과 할 수 있는 바다 보증과 준비돼요 있으세요,네 저희 검사 결과지 보면서 진행할 건데 혹시 결과지는 받아보신 거 준비되어 있으세요
AIHub_LowQualityPhoneVoice_valid__23971,2.8169014084507045,4.225352112676056,1.4084507042253516,False,이 프로그램에 참여하게 되신 거는 뭐 유튜브 채널 이런 걸 통해서 참여하신 건 아니시고 따로 이케 알아보고 참여하시게 된 거예요,이 프로그램에 참여하게 되신 거는 뭐 유튜브 채널 이런 거 통해서 참여하신 건 아니시고 따로 이게 알아보고 참여하시게 된 거예요,이 프로그램에 참여하게 되신 거는 뭐 유튜브 채널 이런 거 통해서 참여하신 건 아니시고 따로 이렇게 알아보고 참여하시게 된 거예요
AIHub_LowQualityPhoneVoice_valid__23974,19.642857142857142,3.571428571428571,-16.07142857142857,False,아 그러면은 인싸에서 하는 뭐 디엑스 강의나 에이아이 역량검사 관련된 강의 이런 것도 다 들으셨을까요,아 그러면 인싸에서 하는 뭐 디엑스 강의나 ai 역량검사 발전증 강의 이런 것들 다 드리셨을까요,아 그러면은 인싸에서 하는 뭐 디엑스 강의나 에이아이 역량 검사 관련된 강의 이런 것들 다 들으셨을까요
AIHub_LowQualityPhoneVoice_valid__23981,60.0,40.0,-20.0,False,근데 제가 그 면접,우리 제가 그 일 년을,근데 제가 그 에이나 면접
AIHub_LowQualityPhoneVoice_valid__24009,4.807692307692308,1.9230769230769231,-2.884615384615385,False,그러면 문제를 푸실 때에는 정답이 있는 문제는 정답을 맞혀주시는 게 좋아요 그리고 뭔가 이 문제를 풀 때는 내가 정확하게 하려고 하는데 좀 더 집중하려고 노력하시는 게 좋아요 그런데 지금,그러면 문제를 풀 때에는 정답이 있는 문제는 정답을 맞춰주시는 게 좋아요 그리고 뭔가 이 문제를 풀 때는 내가 정확하게 할려고 하는데 좀 더 집중할려고 노력하시는 게 좋아요 그런데 지금,그러면 문제를 푸실 때에는 정답이 있는 문제는 정답을 맞춰주시는 게 좋아요 그리고 뭔가 이 문제를 풀 때는 내가 정확하게 할려고 하는데 좀 더 집중하려고 노력하시는 게 좋아요 그런데 지금
AIHub_LowQualityPhoneVoice_valid__24013,14.17910447761194,11.194029850746269,-2.9850746268656714,False,어 이제 다른 입사 이케 하시면서 서 너 번 이렇게 보시다 보니까 이 문제들에 대해서 아 이 문제는 요렇게 풀어야 되는구나 이 정도는 알고 계셨던 것 같은데 요거에 대해서 막 어 막 집중을 하고 막 열심히 풀고 이러시지는 않으셨던 것 같애요,어 다른 이시타 이케 하시면서 선아권 이렇게 보시다 보니까 이 문제들에 대해서 아 이 문젤 요렇게 풀어야 되는구나 이 정도는 알고 계셨던 거 같은데 요거에 대해서 막 어 막 비품을 하고 막 열심히 풀고 이러시진 않으셨던 거 같애요,어 다른 입사 이렇게 하시면서 선화번호를 이렇게 보시다 보니까 이 문제들에 대해서 아 이 문제를 이렇게 풀어야 되는구나 이 정도는 알고 계셨던 것 같은데 요거에 대해서 막 어 막 집중을 하고 막 열심히 풀고 이러시진 않으셨던 것 같아요
AIHub_LowQualityPhoneVoice_valid__24014,6.25,0.0,-6.25,False,고런 부분들이 이제 좀 분석이 됐다 요렇게 생각하시면 돼요,그런 부분들이 이제 좀 분석이 됐다 이렇게 생각하시면 돼요,고런 부분들이 이제 좀 분석이 됐다 요렇게 생각하시면 돼요
AIHub_LowQualityPhoneVoice_valid__24016,11.904761904761903,2.380952380952381,-9.523809523809522,False,그게 이제 조직적합과 가치라고 하는 부분이 성장 역량에 해당이 되는데 요거는,그게 이제 두식적학과 가치라고 하는 부분이 성장명량에 해당이 되는데 요거는,그게 이제 조직 적합과 가치라고 하는 부분이 성장 역량에 해당이 되는데 요거는
AIHub_LowQualityPhoneVoice_valid__24049,15.11627906976744,5.813953488372093,-9.302325581395348,False,긍정적이기보다는 약간 회의적으로 그런 것들을 변명하는 그런 쪽으로 분석이 되셨다는 거예요 그리고 고 밑에 설득력 있다라고 나와 있는 거 얼굴이 그려져 있죠,분성적이기 보다는 약간 회의적으로 그런 것들을 범용하는 그런 식으로 분석이 되셨던 거예요 그리고 이제 꼭 밑에 설득력이 있다라고 나와 있는 거 얼굴이 그려져 있죠,긍정적이기보다는 약간 행위적으로 그런 것들을 변명하는 그런 쪽으로 분석이 되셨다는 거예요 그리고 이제 고 밑에 설득력 있다라고 나와 있는 거 얼굴이 그려져 있죠
AIHub_LowQualityPhoneVoice_valid__24057,10.256410256410255,1.7094017094017095,-8.547008547008545,False,어 이제 일을 할 때 있어서 어 일을 나한테 주어줬을 때 그걸 실행해 옮기게 되면 성과가 일어나게 되는데 그 일을 하는 단계에서 다양한 정보들이 변화를 한다거나 이럴 때 그거에 대해서 잘 적응을 하는가 아니면은,어 일을 할 때 있어서 어 일을 나한테 주워받을 때 그걸 시댕에 올리게 되면 성과가 일어나게 되는데 그 일을 하는 단계에서 다양한 정보들이 전화를 한다거나 이럴 때 그거에 대해서 잘 적응을 하는다 아니면은,어 이제 일을 할 때 있어서 어 일을 나한테 주어졌을 때 그걸 실행에 옮기게 되면 성과가 일어나게 되는데 그 일을 하는 단계에서 다양한 정보들이 변화를 한다거나 이럴 때 그거에 대해서 잘 적응을 하는가 아니면은
AIHub_LowQualityPhoneVoice_valid__24059,19.083969465648856,0.0,-19.083969465648856,False,좀 적응이 느리다라고 이렇게 분석이 되신 거예요 요 부분은 이제 게임 같은 거 푸실 때 갑자기 난이도가 상승을 한다거나 또 내지는 정보들이 막 변경되는 상황에서 그거에 대해서 어떻게 반응을 했는가 요런 부분들이 좀 연관이 될 수 있어요,좀 적응이 느리지 않아 부케 분석이 되신 거예요 요구분은 게임 같은 거 뿌실 때 갑자기 난이도가 상승을 한자거나 또 요즈는 정보들이나 정정적인 상황에 의해서 그거에 대해서 어떻게 반응을 했는가 요런 부분들이 좀 연관이 될 수 있어요,좀 적응이 느리다라고 이렇게 분석이 되신 거예요 요 부분은 이제 게임 같은 거 푸실 때 갑자기 난이도가 상승을 한다거나 또 내지는 정보들이 막 변경되는 상황에서 그거에 대해서 어떻게 반응을 했는가 요런 부분들이 좀 연관이 될 수 있어요
AIHub_LowQualityPhoneVoice_valid__24080,15.0,6.25,-8.75,False,그다음에 이제 변화가 많거나 일이 복잡하게 진행될 때 주의가 산만해지거나 실수가 많아질 수 있다 예 요게 이제 변화 관리가 잘 안 된다는 거예요,그다음에 이제 번화가 많거나 일이 복잡하게 진행될 때 일이 산만해지거나 실수가 많아질 수 있다 이게 변화관이가 잘 안 된다는 거예요,그다음에 이제 변화가 많거나 일이 복잡하게 진행될 때 주의가 산만해지거나 실수가 많아질 수 있다 근데 이게 변화 관리가 잘 안 된다는 거예요
AIHub_LowQualityPhoneVoice_valid__24081,22.82608695652174,11.956521739130435,-10.869565217391303,False,그 이제 적응이 느리다라고 나왔던 그 부분하고 이제 연관된 부분이라고 보시면 되고 그리고 이제 다양한 정보들을 종합적으로 결론 내리는 과정에서 오류를 범할 때가 있다,그 이제 그 적응이 미리 잘하고 나왔던 그 부분 하고 이제 안 맞는 부분이라고 보시면 되고 그리고젠 다양한 정보들을 종합적으로 결론 내리는 과정에서 오류를 변화시켜야 합니다,그 이제 그 적응이 느리다라고 나왔던 고 부분하고 이제 안 맞는 부분이라고 보시면 되고 그리고 이제 다양한 정보들을 종합적으로 결론 내리는 과정에서 오류를 보내기가 있다
AIHub_LowQualityPhoneVoice_valid__24091,11.11111111111111,6.944444444444445,-4.166666666666666,False,그러면 그 과제할 때 혹시 그런 경험이 있으세요 어떤 친구랑 이 팀 과제를 하면 과제는 어렵지만 그 친구랑 함께해서 너무 즐거워요,그러면 그 과제 할 때 혹시 그런 경험 있으세요 어떤 친구랑 이 이 친구한테 를 하면 과제는 어렵지만 그 친구랑 함께해서 너무 즐거워요,그러면 그 과제 할 때 혹시 그런 경험이 있으세요 어떤 친구랑 이 이 친 과제를 하면 과제는 어렵지만 그 친구랑 함께 해서 너무 즐거워요
AIHub_LowQualityPhoneVoice_valid__24100,18.89763779527559,7.874015748031496,-11.023622047244093,False,뿐만 아니라 뭐 이런 것도 나와요 본인의 어떤 말이나 행동을 감정이 이제 생기면 기쁘면 기쁘다든지 슬프면 슬프다든지 이런 거를 과감 없이 충동적으로 표현한다 요런 것들 나오는 친구들도 있어요 그런 것들도 좀 치명적이거든요 그래서,분만이 아니라 뭐 이런 것들 나와 본인의 어떤 말이나 행동을 간전히 이제 생기면 기쁨간 슬픈간 슬프자잔 이런 거를 다감 없이 평동적으로 표현한다 이런 것들 나오는 친구들도 있어요 그런 것들도 좀 표명적이거든요 그래서,상품만 아니라 뭐 이런 것도 나와요 본인의 어떤 말이나 행동을 감정에 이제 생기면 기쁘면 기쁘다든지 슬프면 슬프다든지 이런 거를 과감 없이 충동적으로 표현한다 이런 것 때문에 나오는 친구들도 있어요 그런 것들도 좀 충동적이거든요 그래서
AIHub_LowQualityPhoneVoice_valid__24112,6.493506493506493,0.0,-6.493506493506493,False,어 그 나하고 다를 수 있다라고 하는 거를 존중하고 그런 것들에 대해서 이제 배려를 하는가 요런 부분들이 이제 존중성하고 관련된 부분이고요,어 그 나하고 자릴 수 있다라고 하는 거를 존중하고 그 요런 것들에 대해서 이제 배려를 하는가 요런 부분들이 이제 존중성하고 관련된 부분이구요,어 그 나하고 다를 수 있다라고 하는 거를 존중하고 그런 것들에 대해서 이제 배려를 하는가 요런 부분들이 이제 존중성하고 관련된 부분이고요
AIHub_LowQualityPhoneVoice_valid__24126,8.51063829787234,3.546099290780142,-4.964539007092198,False,전반적으로 지금 그래프 왼쪽에 보시면 삼십 프로하고 칠십 프로라고 써 있는 거 보이실 거예요 그죠 이게 이제 삼십 프로를 넘으면 그 직군 직무에서 이 사람이 성과를 내는 거고 이제 어 적합한 사람이라고 볼 수 있는 거고 칠십 프로를 넘으면 고성과를 내는,병반적으로 지금 이제 그래프 왼쪽으로 보시면 삼십 프로하고 칠십 프로라고 써 있는 거 보이실 거예요 그죠 이게 이제 삼십 프로를 넘으면 그 짓은 질문에서 이 사람이 성과를 내는 거고 이제 어 가깝한 사람이라고 볼 수 있는 거고 칠십 프로를 넘으면 고성과를 내는,전반적으로 지금 이제 그래프 왼쪽에 보시면 삼십 프로하고 칠십 프로라고 써 있는 거 보이실 거예요 그죠 이게 이제 삼십 프로를 넘으면 그 직군 질문에서 이 사람이 성과를 내는 거고 이제 어 적합한 사람이라고 볼 수 있는 거고 칠십 프로를 넘으면 고성과를 내는
AIHub_LowQualityPhoneVoice_valid__24132,100.0,0.0,-100.0,False,같은 경우에는,영호회네,같은 경우에는
AIHub_LowQualityPhoneVoice_valid__24154,9.75609756097561,4.878048780487805,-4.878048780487805,False,그다음에 이제 앞으로도 저의 이런 따뜻한 모습으로 전문 지식을 쌓아서 고객들에게 언제나 어려움을 해결할 수 있는 친절하고 따뜻한 상담사가 되겠습니다,그다음에 이제 앞으로도 저희 이런 따뜻한 모습으로 전문지식에 따라서 오객들에게 언제나 어려움을 해결할 수 있는 순살하고 따뜻한 상담사가 되겠습니다,그다음에 이제 앞으로도 저희 이런 따뜻한 모습으로 전문 지식에 따라서 고객들에게 언제나 어려움을 해결할 수 있는 친절하고 따뜻한 상담사가 되겠습니다
AIHub_LowQualityPhoneVoice_valid__24155,23.333333333333332,7.5,-15.833333333333332,False,따뜻한이란 말이 굉장히 여러 번 반복이 돼요 그래서 이제 요런 부분들이 어 조금 연습이 덜 되어 계시구나라고 조금 음 눈치를 챌 수 있는 부분들이 있었어요 그래서 요기 태도 자체는 굉장히 어 유연하게 되게 잘하셨어요,따뜻한이라는 말이 굉장히 영어로운 방법이래요 이런 부분들이 어 조금 면세이 덜 재워계시구나라고 이제 조금 인 눈치를 챌 수 있는 부분들이 있었어요 그래서 여기 태도 자체는 굉장히 어 유연하게 되게 잘 하셨어요,따뜻한이라는 말이 굉장히 여러 번 간곡이 돼요 그래서 이제 요런 부분들이 어 조금 연습이 덜 되어 계시구나라고 이제 조금 눈치를 칠 수 있는 부분들이 있었어요 그래서 요기 태도 자체는 굉장히 어 유연하게 되게 잘하셨어요
AIHub_LowQualityPhoneVoice_valid__24187,28.767123287671232,5.47945205479452,-23.28767123287671,False,이케 정리를 해 주시는 게 필요하고 그다음에 사실 이 자기소개나 지원 동기나 장단점은 에이아이 역량검사를 보지 않아도 기업에 가서 면접 보시면 늘상 나오는 문제잖아요 그죠 그래서 이제 요런 거는 좀 잘 준비를 하고 계시는 게 좋다라고 말씀드릴 수 있을 것 같애요,이게 정리를 해주시는 게 필요하고 그다음에 사실 이 뭐 자기소개나 지원금이나 장단점은 ai 영양 봉사를 보지 않아도 기업에 가서 먼저 보시면 늦잠 나오는 문제잖아요 그래서 이제 요런 거는 좀 잘 쓰기에는 하고 싶습니다 라고 봤는데 힘마실 거 같애요,이렇게 정리를 해주시는 게 필요하고 그다음에 사실 이 뭐 자기소개나 지원 동기나 장단점은 에이아이 역량 검사를 보지 않아도 기업에 가서 면접 보시면 의창 나오는 문제잖아요 그죠 그래서 이제 요런 거는 좀 잘 준비를 하고 계시는 게 좋다라고 말씀드릴 수 있을 것 같애요
AIHub_LowQualityPhoneVoice_valid__24197,33.33333333333333,30.303030303030305,-3.030303030303024,False,전문 전문성을 쌓은 거를 조금 추가를 하라는 말씀이신 건가요,정무원 계정에 흉납성을 쌓은 거를 조금 추가를 하라는 말씀이신가요,정보 보증 계좌 보증을 쌓은 거를 조금 추가를 하라는 말씀이신 건가요
AIHub_LowQualityPhoneVoice_valid__24202,14.87603305785124,3.3057851239669422,-11.570247933884298,False,그다음에 그 어떤 신용을 신용 그 으 어 어떤 상담을 받으러 오는 경우에는 뭐 대출이 될 수도 있고 아니면 내가 어떤 파산이나 이런 것 때문에 나의 어떤 신용을 회복하기 위한 그런 것들 상담을 할 수도 있고 그렇잖아요,그다음에 그 어떤 흥용을 흥용 그 어떤 상담을 가져오는 경우에는 뭐 대둘이 될 수도 있어요 아니면 내가 어떤 판단이나 이런 거 때문에 나의 어떤 흥용을 회복하기 위한 그런 것들은 상담을 할 수도 있고 그렇잖아요,그다음에 그 어떤 신용을 신용 그 어 어떤 상담을 받으러 오는 경우에는 뭐 대출이 될 수도 있고요 아니면 내가 어떤 파산이나 이런 것 때문에 나의 어떤 신용을 회복하기 위한 그런 것들을 상담을 할 수도 있고 그렇잖아요
AIHub_LowQualityPhoneVoice_valid__24204,25.0,0.0,-25.0,False,분명히 가지고 있는 역량인데 그런 것들이 드러나지 않았다는 거예요 네 그래서 고런 게 조금 아쉬웠어요,분강이 가지고 있는 영향인데 그런 것들이 결혼할 때 안 할다는 거예요 네 네 그래서 고런 게 조금 아쉬웠어요,분명히 가지고 있는 역량인데 그런 것들이 드러나지 않았다는 거예요 네 그래서 고런 게 조금 아쉬웠어요
AIHub_LowQualityPhoneVoice_valid__24211,6.8181818181818175,13.636363636363635,6.8181818181818175,False,그래서 뭐 이 시간도 뭐 그렇게 긴 시간이라고 느껴지지 않으실 수도 있긴 하지만,그래서 뭐 이 시간도 그렇게 긴 시간이라고 느껴지지 않으실 수 있긴 하지만,그래서 경영 시간도 그렇게 긴 시간이라고 느껴지지 않으실 수 있긴 하지만
AIHub_LowQualityPhoneVoice_valid__24224,15.037593984962406,3.7593984962406015,-11.278195488721805,False,아 네 안녕하세요 저희 그 에이아이 검사 체험하신 건 컨설팅 동의 안내차 연락을 드렸고요 어 지금 결과 분석에 대해서 따로 컨설팅을 받지 않으신 것으로 확인되시는데 저희가 곧 운영 기간 마감이라 혹시 컨설팅 필요하신지 해서 연락을 드렸어요,안녕하세요 저희 에이아이 검사 체험하신 건 컨설팅 동의한내체 연락이 드렸구요 어 지금 그 결과 분석에 대해서 따로 컨설팅은 받지 않으신 것으로 확인되시는데 저희가 곧 운영기가 마감이다 혹시 컨설팅 필요하신 데서 연락이 드렸어요,아 네 안녕하세요 저희 그 에이아이 검사 체험하신 건 컨설팅 동의 안내차 연락을 드렸고요 어 지금 그 결과 문서에 대해서 따로 컨설팅은 받지 않으신 것으로 확인되시는데 저희가 곧 운영 기간 마감이라 혹시 컨설팅 필요하신지 해서 연락을 드렸어요
AIHub_LowQualityPhoneVoice_valid__24226,16.666666666666664,3.3333333333333335,-13.33333333333333,False,아 괜찮으실까요 하 네 알겠습니다 확인 너무 감사합니다,아 괜찮으시까요 아하 네 알겠습니다 확인하고 감사합니다,아 괜찮으실까요 아 네 알겠습니다 확인 너무 감사합니다
AIHub_LowQualityPhoneVoice_valid__24233,31.25,12.5,-18.75,False,혹시 줌으로도 할 수 있을까요,그럼 금월호도 할 수 있을까요,혹시 나무로도 할 수 있을까요
AIHub_LowQualityPhoneVoice_valid__24243,11.11111111111111,7.4074074074074066,-3.703703703703704,False,어 그까 오 오후에는 그럼 아예 안 되시는 건가요,어 까 오후에는 그럼 아예 안 되시는 건가요,어 그까 오후에는 그럼 아예 안 되시는 건가요
AIHub_LowQualityPhoneVoice_valid__24262,44.44444444444444,27.77777777777778,-16.666666666666664,False,어 그거 잇 체험 취업을 해가지고,그거 폐업을 해가지고,아 그거 이제 취업 취업을 해가지고
AIHub_LowQualityPhoneVoice_valid__24273,29.78723404255319,8.51063829787234,-21.27659574468085,False,시간대가 근데 저희도 이제 영업 시 업무 시간 내에만 진행이 가능하셔 가지고 오전 열 시부터 오후 네 시 삼십 분이 마지막 스케줄이긴 하세요 아 이용이 조금 어려우실까요,시간 때가 근데 거의 영하 십 업무 시간 내일만 지낸 가능하셔 가꼬 오전 열 시부터 오후 네 시 세 개쯤이 마지막 스케줄이긴 하여 아 이용이 쪼끔 어려워지네,시간대가 근데 저희도 이제 영업시간 업무 시간 내에만 진행 가능하셔 가지고 오전 열 시부터 오후 네 시 세 시 쯤이 마지막 스케줄이긴 하세요 어 이용이 조금 어려우실까요
AIHub_LowQualityPhoneVoice_valid__24275,28.57142857142857,100.0,71.42857142857143,False,예 감사합니다,감사합니다,네 알겠습니다 감사합니다
AIHub_LowQualityPhoneVoice_valid__24303,45.94594594594595,0.0,-45.94594594594595,False,아 네 안녕하세요 여기 서울시 에이아이 면접 체험 운영 사무국입니다,안녕하세요 이 서울대 이하의 면접 해야문화 화문국입니다,아 네 안녕하세요 여기 서울시 에이아이 면접 체험 운영 사무국입니다
AIHub_LowQualityPhoneVoice_valid__24307,92.85714285714286,0.0,-92.85714285714286,False,어 아니신가요 어 잠시만요,어 어디서 해요 어디 어 어디서 해요,어 아니신가요 어 잠시만요
AIHub_LowQualityPhoneVoice_valid__24326,55.00000000000001,21.666666666666668,-33.33333333333334,False,혹시 그 에이아이 역량 검사 그 컨설팅이 꼭 에이아이 역량 검사 아니어도 다른 것도 컨설팅 도와주시는 건가요,확실히 그 예양영영검사 그 현대기구 회사 수퍼 예양영영검사 아니어도 따른 것도 현역금이 좋아지시는 건가요,혹시 그 이 학년 역량 검사 그 선생님 이 학년 역량 검사 아니어도 다른 것도 컨설팅 도와주시는 건가요
AIHub_LowQualityPhoneVoice_valid__24339,13.157894736842104,7.894736842105263,-5.263157894736842,False,어 네 시 유효 스케줄이 지금 네 시 이십 분 스케줄이 남아 있으신데,어 네 시 이혼 스케줄이 지금 네 시 이십 분 스케줄이 남아있으신가요,어 네 시 이 호 스케줄이 지금 네 시 이십 분 스케줄이 남아 있으신데
AIHub_LowQualityPhoneVoice_valid__24352,47.72727272727273,25.0,-22.727272727272727,False,아 네 제가 그때 그 날짜를 까먹어가지고 못 받았는데 혹시 다시 받을 수 있나요,아 네 그 학교 때 그 말장하를 깜고 가주고 아 네 네 저 받았는데 혹시 가서 받을 수 있나요,아 네 제가 그때 그 말자리를 까먹어가지고 아 네 전화 받았는데 혹시 바로 받을 수 있나요
AIHub_LowQualityPhoneVoice_valid__24361,12.222222222222221,1.1111111111111112,-11.11111111111111,False,화상 컨설팅 십 이 월 십 삼 일 다음 주 월요일 오전 열 한 시 이십 분 스케줄로 예약 도와드렸고 기존 예약 내역 있어서 해당 예약 정보 그대로 옮겨 드렸습니다,사상컨셉팅 십 이 월 십 삼 일 다음 주 월요일 오전 열 한 시 이십 편 스케줄로 예약 도와주셨고 기존 예약 예약 있어서 해당 예약 정보 그대로 옮겨주셨습니다,화상 컨설팅 십 이 월 십 삼 일 다음 주 월요일 오전 열 한 시 이십 분 스케줄로 예약 도와드렸고 기존 예약 내역 있어서 해당 예약 정보 그대로 옮겨드렸습니다
AIHub_LowQualityPhoneVoice_valid__24372,1.3333333333333335,2.666666666666667,1.3333333333333335,False,어 지금 가능한 남아 있는 날짜가 어 이번 주 이번 주 금요일 십 일이랑요 다음 주 중으로 날짜 선택을 해주셔야 되시긴 하실 거 같애요,어 지금 가능한 남아있는 날짜가 어 이번 주 이번 주 금요일 십 일이랑요 다음 주 중으로 날짜 선택을 해주셔야 되시긴 하실 거 같애요,어 지금 가능한 남아있는 날짜가 어 이번 주 이번 주 금요일 십 일이랑요 다음 주 중으로 날짜 선택을 해주셔야 되시긴 하실 것 같애요
AIHub_LowQualityPhoneVoice_valid__24399,0.0,0.0,0.0,False,아 네 알겠습니다,아 네 알겠습니다,아 네 알겠습니다
AIHub_LowQualityPhoneVoice_valid__24407,50.0,21.428571428571427,-28.571428571428573,False,다음 주 금요일 괜찮을까요,어 금요일 점수일까요,다음 주 금요일 반쯤일까요
AIHub_LowQualityPhoneVoice_valid__24432,66.66666666666666,0.0,-66.66666666666666,False,네 전화받았습니다,네 더 나가드라습니다,네 전화받았습니다
AIHub_LowQualityPhoneVoice_valid__24433,43.47826086956522,4.3478260869565215,-39.130434782608695,False,안녕하세요 엔씨에스 교육 상담센터 맞을까요,안녕하세요 에이치에스 교육 설명실 도마릴까요,안녕하세요 엔씨에스 교육 상담 센터 맞을까요
AIHub_LowQualityPhoneVoice_valid__24439,16.9811320754717,0.0,-16.9811320754717,False,훈련 기간은 이천 이십 일 년 십 이 월 십 오 일부터 이천 이십 이 년 이 월 팔 일까지입니다,소형기간이 이천 이십 일 년 새벽 십 오 일부터 이천 이십 이 년 이 월 팔 일까지입니다,훈련 기간은 이천 이십 일 년 십 이 월 십 오 일부터 이천 이십 이 년 이 월 팔 일까지입니다
AIHub_LowQualityPhoneVoice_valid__24443,47.61904761904761,0.0,-47.61904761904761,False,수강생 평균 연령대는 사십 육 세입니다,소방대의 승용혈련대를 사십 육 세입니다,수강생 평균 연령대는 사십 육 세입니다
AIHub_LowQualityPhoneVoice_valid__24445,14.814814814814813,0.0,-14.814814814814813,False,훈련비는 이십 팔만 팔천 사백 이십 원입니다 정확한 부담 금액은 국비 지원 기준에 따라 달라질 수 있으니 가까운 고용노동센터에서 확인 부탁드립니다,훈련빈이 이십 팔 만 팔천 사백 이십 원입니다 정확한 부담금에게 국비 지원 기준에 따라 달라질 수 있으이 각당 고용요금센터에서 확인 부탁드립니다,훈련비는 이십 팔만 팔천 사백 이십 원입니다 정확한 부담 금액은 국비 지원 기준에 따라 달라질 수 있으니 가까운 고용노동센터에서 확인 부탁드립니다
AIHub_LowQualityPhoneVoice_valid__24453,44.44444444444444,0.0,-44.44444444444444,False,네 전화받았습니다,네 잘하셨습니다,네 전화받았습니다
AIHub_LowQualityPhoneVoice_valid__24458,11.711711711711711,5.405405405405405,-6.306306306306306,False,어 소방시설의 점검 정비와 화기의 사용 및 취급 등 소방안전 관리에 대한 감독 소방계획에 의해 의한 소화 통보 및 피난 등의 훈련을 실시하는 소방안전관리자의 직무를 함께 배울 수 있는 과정이 있을까요,소방시설의 점검 정교와 화기의 사용립 취급 등 소방안전관리에 대한 감독 소방계획에 의해 의한 소화 통보 및 피난 등의 훈련을 실제하는 소방안전관리자의 징역을 함께 배울 수 있는 관여가 있을까요,어 소방시설의 점검 정보와 화기의 사용 및 지급된 소방안전 관리에 대한 감독 소방 계획에 의해 의한 소화 통보 및 피난 등의 훈련을 실시하는 소방안전 관리자의 직무를 함께 배울 수 있는 과정이 있을까요
AIHub_LowQualityPhoneVoice_valid__24476,60.86956521739131,21.73913043478261,-39.1304347826087,False,아 네 안녕하세요 엔씨에스 교육 상담센터죠,안데 안녕하세요 ncs 교수님 안녕하세요,안녕하세요 엔씨에스 교육 상담 센터죠
AIHub_LowQualityPhoneVoice_valid__24481,6.451612903225806,0.0,-6.451612903225806,False,어 네 감사합니다 좀 급한데 이번 달부터 배울 수 있나요,네 감사합니다 좀 급한데 이번 달부터 배울 수 있나요,어 네 감사합니다 좀 급한데 이번 달부터 배울 수 있나요
AIHub_LowQualityPhoneVoice_valid__24487,14.634146341463413,7.317073170731707,-7.317073170731707,False,어 네 감사합니다 부산 진구에도 과정이 있었던 거 같은데 지금도 가능한가요,네 감사합니다 난 연구에도 과정이 있었던 거 같은데 지금 가능한가요,네 감사합니다 부산 진구에도 과정이 있었던 것 같은데 지금도 가능한가요
AIHub_LowQualityPhoneVoice_valid__24498,12.5,0.0,-12.5,False,어 부전로에 살고 있어서 그쪽에서 배울 수 있는 과정을 추천 부탁드립니다,뭐 근현노에 살고 있어서 그쪽에서 배울 수 있는 과정은 추천 부탁드립니다,어 부전로에 살고 있어서 그쪽에서 배울 수 있는 과정을 추천 부탁드립니다
AIHub_LowQualityPhoneVoice_valid__24507,55.00000000000001,10.0,-45.00000000000001,False,네 그 외에 다른 문의사항 있으신가요,넷 교회 다른 분이 다 계신가요,네 그 외 다른 문의 사항 있으신가요
AIHub_LowQualityPhoneVoice_valid__24524,25.0,8.333333333333332,-16.666666666666668,False,부전로에 있는 에듀 파이어 원격 평생교육원에서 배우실 수 있습니다,부장로에 있는 에주카이와 원작 평생 교육원에서 배워질 수 있습니다,부정로에 있는 에듀파이어 원격 평생 교육원에서 배우실 수 있습니다
AIHub_LowQualityPhoneVoice_valid__24556,19.047619047619047,0.0,-19.047619047619047,False,훈련비는 이십 사만 이천 사백 사십 원입니다 정확한 부담 금액은 국비 지원 기준에 따라 달라질 수 있으니 가까운 고용노동센터에서 꼭 확인하시기 바랍니다,훈련비는 이십 삼 원 이천 사백 사십 원입니다 정확한 두당대를 국비전 비준에 따라 달아줄 수 있으니 가까운 고릉노동센터에서 꼭 확인하시기 바랍니다,훈련비는 이십 사만 이천 사백 사십 원입니다 정확한 부담 금액은 국비 지원 기준에 따라 달라질 수 있으니 가까운 고용노동센터에서 꼭 확인하시기 바랍니다
AIHub_LowQualityPhoneVoice_valid__24573,18.75,12.5,-6.25,False,수강생 연령대가 어떻게 될까요,초등학생 연령대가 어떻게 될까요,초반생 연령대가 어떻게 될까요
AIHub_LowQualityPhoneVoice_valid__24577,36.36363636363637,0.0,-36.36363636363637,False,감사합니다 총 훈련 시간은 얼마나 될까요,감사합니다 종류의 시간을 얼마 얻을까요,감사합니다 총 훈련 시간은 얼마나 될까요
AIHub_LowQualityPhoneVoice_valid__24580,0.0,0.0,0.0,False,부산 진구에 있는 주식회사 한국 인터넷 교육에서 들으실 수 있습니다,부산 진구에 있는 주식회사 한국 인터넷 교육에서 들으실 수 있습니다,부산 진구에 있는 주식회사 한국 인터넷 교육에서 들으실 수 있습니다
AIHub_LowQualityPhoneVoice_valid__24591,15.068493150684931,1.36986301369863,-13.698630136986301,False,이천 이십 일 년 소방관계 법규 과정을 말씀하시는 것 같습니다 부산 진구에 위치한 주식회사 한국 인터넷 교육에서 들으실 수 있습니다,부산 이십 일 년 소방관계 법규 가정화 말씀하시는 것 같습니다 부산 진보의 일치한 지식도 한국 인터넷 교육에서 들실 수 있습니다,이천 이십 일 년 소방관계 법규 과정을 말씀하시는 것 같습니다 부산 진구에 위치한 지식회사 한국 인터넷 교육에서 들으실 수 있습니다
AIHub_LowQualityPhoneVoice_valid__24610,0.0,0.0,0.0,False,어 네 감사합니다 언제부터 배울 수 있을까요,어 네 감사합니다 언제부터 배울 수 있을까요,어 네 감사합니다 언제부터 배울 수 있을까요
AIHub_LowQualityPhoneVoice_valid__24626,45.45454545454545,4.545454545454546,-40.90909090909091,False,안녕하세요 엔씨에스 교육 상담센터 맞나요,안녕하세요 ncs 기술사만센터 만나요,안녕하세요 엔씨에스 교육 상담 센터 맞나요
AIHub_LowQualityPhoneVoice_valid__24638,7.317073170731707,0.0,-7.317073170731707,False,훈련비는 삼십 칠만 이천 오백 사십 원입니다 정확한 부담 금액은 국비 지원 기준에 따라 달라질 수 있으니 가까운 고용노동센터에서 확인하시기 바랍니다,훈련비는 삼십 칠만 이펌 오백 사십 원입니다 정확한 부담금액의 국비지원 기준에 따라 달라질 수 있으니 가끔 고용노동센터에서 확인하시기 바랍니다,훈련비는 삼십 칠만 이천 오백 사십 원입니다 정확한 부담 금액은 국비 지원 기준에 따라 달라질 수 있으니 가까운 고용노동센터에서 확인하시기 바랍니다
AIHub_LowQualityPhoneVoice_valid__24650,33.33333333333333,6.349206349206349,-26.98412698412698,False,요양 보호사 자격증을 따려고 하는데요 이론 실기 현장 실습을 함께 배울 수 있는 과정이 있으면 추천 부탁 드립니다,오형보고선 대학생을 따라오고 하는데요 이론 실기 현장 실습을 함께 배울 수 있는 과정이 추첨각근입니다,요양보호사 자격증을 따려고 하는데요 이론 실기 현장 실습을 함께 배울 수 있는 과정이 있으니 추천 각각 드립니다
AIHub_LowQualityPhoneVoice_valid__24663,25.0,3.571428571428571,-21.42857142857143,False,어 네 알겠습니다 총 훈련 시간이 얼마나 되는 거죠,네 알겠습니다 천 일 년 시간에 얼마나 되는 거죠,어 네 알겠습니다 총 훈련 시간은 얼마나 되는 거죠
AIHub_LowQualityPhoneVoice_valid__24681,27.586206896551722,0.0,-27.586206896551722,False,말씀하신 내용은 훈련 목록에 명시되어 있는 부분입니다,멋살았은 내용의 훈련 목록에 명실해야 있는 부분입니다,말씀하신 내용은 훈련 목록에 명시되어 있는 부분입니다
AIHub_LowQualityPhoneVoice_valid__24684,12.5,0.0,-12.5,False,아 그런가요 일단 알겠습니다 그럼 훈련 시작일은 언제인가요,아 그런 건 일단 알겠습니다 그럼 훈련 시작이란 언제인가요,아 그런가요 일단 알겠습니다 그럼 훈련 시작일은 언제인가요
AIHub_LowQualityPhoneVoice_valid__24712,0.0,0.0,0.0,False,네 딱히 없네요,네 딱히 없네요,네 딱히 없네요
AIHub_LowQualityPhoneVoice_valid__24720,11.11111111111111,2.7777777777777777,-8.333333333333332,False,아시아 경제 교육센터에서 진행하는 훈련 과정 말씀하시는 게 맞나요,아시아경제 교육센터도 진행하는 훈련 과정 말씀하시는 게 낫나요,아시아경제 교육센터에서 진행하는 훈련 과정 말씀하시는 게 맞나요
AIHub_LowQualityPhoneVoice_valid__24728,33.33333333333333,15.384615384615385,-17.948717948717942,False,그렇구나 알겠습니다 어 그러면 훈련은 언제부터 진행 언제까지 진행되나요,그렇구나 알겠습니다 그러면은 출연은 언제부터지 언제까지 지내면,그렇구나 알겠습니다 어 그러면 훈련은 언제부터지 언제까지 시키나요
AIHub_LowQualityPhoneVoice_valid__24750,15.277777777777779,2.7777777777777777,-12.5,False,비전공자도 수강할 수 있는 훈련입니다 또한 비전공자 일 대 일 밀착 학습 관리도 진행된다고 하니 걱정하지 않으셔도 될 것 같습니다,비전공사도 수강할 수 있는 현입니다 소한 비전공사 일 대 일 차 학습관리도 진행된다고 한 이 걱정하지 않으셔도 될 것 같습니다,비전공자도 수강할 수 있는 훈련입니다 또한 비전공자 일 대 일 위탁 학습 관리도 진행된다고 하니 걱정하지 않으셔도 될 것 같습니다
AIHub_LowQualityPhoneVoice_valid__24755,26.82926829268293,0.0,-26.82926829268293,False,그것도 괜찮네요 알겠습니다 그걸로 수강 신청해 볼게요 정확한 강의명이 뭐죠,그렇도 괜찮네 알겠습니까 그걸 소감 신청해볼게요 정확한 가기미는 뭐죠,그것도 괜찮네요 알겠습니다 그걸로 수강 신청해 볼게요 정확한 강의명이 뭐죠
AIHub_LowQualityPhoneVoice_valid__24757,0.0,0.0,0.0,False,감사합니다 수고하세요,감사합니다 수고하세요,감사합니다 수고하세요
AIHub_LowQualityPhoneVoice_valid__24759,18.51851851851852,0.0,-18.51851851851852,False,네 전화 받았습니다 엔씨에스 교육 상담 센터입니다,네 반갑습니다 엔씨에스 교육 상담 센터입니다,네 전화 받았습니다 엔씨에스 교육 상담 센터입니다
AIHub_LowQualityPhoneVoice_valid__24786,36.84210526315789,15.789473684210526,-21.052631578947363,False,어 있구나 언제부터 들을 수 있나요,오 오이쿠요 어 언제부터 들을 수 있나요,어 있구요 어 언제부터 들을 수 있나요
AIHub_LowQualityPhoneVoice_valid__24796,37.03703703703704,0.0,-37.03703703703704,False,네 전화 받았습니다 엔씨에스 교육 상담 센터입니다,네 전화가 받습니다 엠시엘 교육선단센터입니다,네 전화 받았습니다 엔씨에스 교육 상담 센터입니다
AIHub_LowQualityPhoneVoice_valid__24806,27.27272727272727,0.0,-27.27272727272727,False,평일 야간 훈련입니다,평일 야간연입니다,평일 야간 훈련입니다
AIHub_LowQualityPhoneVoice_valid__24817,10.81081081081081,2.7027027027027026,-8.108108108108109,False,십 삼 일이요 어 금방 시작하는 것도 좋네요 강의비는 얼마나 드나요,십 삼 일이요 어 금방 시작하는 것도 좋네요 강의비는 얼마잖아요,십 삼 일이요 어 금방 시작하는 것도 좋네요 강의비는 얼마나 되나요
AIHub_LowQualityPhoneVoice_valid__24832,40.0,20.0,-20.0,False,어 마음에 듭니다 강의비는 얼마인가요,마음이 드려요 강일이는 얼마인가요,어 마음에 드세요 강의는 얼마인가요
AIHub_LowQualityPhoneVoice_valid__24834,29.268292682926827,9.75609756097561,-19.512195121951216,False,엄청 싸네요 어 그럼 강의는 언제부터 들을 수 있나요 기간이 정해져 있나요,엄청 짜르네요 그럼 괌이는 언제부터 들을 수 있나요 길면 기간이 전해지자 있나요,엄청 짜네요 어 그럼 강의는 언제부터 들을 수 있나요 듣는 기간이 정해져 있나요
AIHub_LowQualityPhoneVoice_valid__24840,38.46153846153847,7.6923076923076925,-30.769230769230774,False,네 전화 받았습니다 엔씨에스 교육 상담센터입니다,네 전화로 갔습니다 엠씨 엠씨 교육선란센터입니다,네 전화받았습니다 엔씨에스 교육 상담 센터입니다
AIHub_LowQualityPhoneVoice_valid__24866,23.333333333333332,23.333333333333332,0.0,False,서울이요 어 강남 송파 강동 쪽이면 더 좋을 것 같아요,서울이 가면 송사와 강동 쪽이면 더 좋을 것 같아요,서울이요 어 관람이 신사와 감동 쪽이면 더 좋을 것 같아요
AIHub_LowQualityPhoneVoice_valid__24878,26.785714285714285,0.0,-26.785714285714285,False,훈련 참여 유형에 따라 금액이 조금씩 다르니 고용센터에 연락하시면 자세한 사항 안내받으실 수 있습니다,소연 사 년 유형에 따라 김에게 조금씩 다를 일 고용센터에 연락하시며 자세한 사항한테 받으실 수 있습니다,훈련 참여 유형에 따라 금액이 조금씩 다르니 고용센터에 연락하시면 자세한 사항 안내받으실 수 있습니다
AIHub_LowQualityPhoneVoice_valid__24890,16.27906976744186,2.3255813953488373,-13.953488372093023,False,어 딱이네요 유통 쪽으로 공부를 하고 싶었거든요 그럼 언제부터 들을 수 있나요,오 딱이네요 그 통적으로 공부를 하고 싶었거든요 그럼 언제부터 쓰실 수 있나요,오 딱이네요 유통 쪽으로 공부를 하고 싶었거든요 그럼 언제부터 들을 수 있나요
AIHub_LowQualityPhoneVoice_valid__24928,47.05882352941176,5.88235294117647,-41.17647058823529,False,어 괜찮네요 몇 시간짜리 인가요,네 시간짜리인가요,어 괜찮네요 몇 시간짜리인가요
AIHub_LowQualityPhoneVoice_valid__24941,45.65217391304348,2.1739130434782608,-43.47826086956522,False,농산 식품 유통 직무는 엔씨에스 직무 분류에 해당하며 관련 훈련도 개설되어 있습니다,농살식금 육종지물이 에스엘스 지물별로 해당하며 관람훈련도 개개되어 있습니다,농산 제품 유통 직무는 엔씨에스 직무 분류에 해당하며 관련 훈련도 개설되어 있습니다
AIHub_LowQualityPhoneVoice_valid__24943,16.666666666666664,3.3333333333333335,-13.33333333333333,False,네 물론입니다 현재 온라인 강의로 농산물 품질 관리자를 위한 농산물 유통론 훈련이 개설되어 있는데 어떠신가요,네 물론입니다 현재 온라인 강의로 농산물 품질관리사를 위하 농산물 유통론의 협의 제설이 되어 있는데 어떠신가요,네 물론입니다 현재 온라인 강의로 농산물 품질 관리사를 위한 농산물 유통물 훈련이 개설되어 있는데 어떠신가요
AIHub_LowQualityPhoneVoice_valid__24949,31.818181818181817,4.545454545454546,-27.27272727272727,False,어 네 그건 잘 모르겠네요 연락해 볼게요,어 네 그건 잘 모르겠는데 연락 드리고 올게요,어 네 그건 잘 모르겠네 연락해 볼게요
AIHub_LowQualityPhoneVoice_valid__24960,16.9811320754717,3.7735849056603774,-13.20754716981132,False,네 안녕하세요 제가 수산물 유통업에 종사 중인데 혹시 수산물 품질 관리 관련 법령 교육도 있나요,안녕하세요 제가 수산물 유통업을 종사 중인데 혹시 수산물 품질 관련 공룡교육도 있나요,안녕하세요 제가 수산물 유통업에 종사 중인데 혹시 수산물 품질 관리 관련 법령 교육도 있나요
AIHub_LowQualityPhoneVoice_valid__24961,35.483870967741936,0.0,-35.483870967741936,False,수산물 법령 말씀이신가요 원하시는 훈련 지역이 있으신가요,수산물 범용 말씀이신가요 원하는 셰어 회원 셰어께 있으신가요,수산물 법령 말씀이신가요 원하시는 훈련 지역이 있으신가요
AIHub_LowQualityPhoneVoice_valid__24965,30.0,1.6666666666666667,-28.333333333333332,False,총 훈련비는 십만 육천 구백 이십 원입니다만 자비 부담액은 일반 훈련생 기준 사만 이천 칠백 칠십 원 입니다,초훈련비를 십 만 육천 구백 이십 원입니다만 답이 부담획의 일반불량 생기준 삼 만 이십 점 칠백 칠십 원입니다,총 훈련비는 십만 육천 구백 이십 원입니다만 자비 부담액은 일반 훈련생 기준 사만 이천 칠백 칠십 원입니다
AIHub_LowQualityPhoneVoice_valid__24973,46.666666666666664,0.0,-46.666666666666664,False,더 궁금하신 점은 없으신가요,공간하신 여러분 없으신가요,더 궁금하신 점은 없으신가요
AIHub_LowQualityPhoneVoice_valid__24984,36.666666666666664,11.11111111111111,-25.555555555555554,False,해당 훈련 과정은 케이크 아이싱부터 데코레이션 기술 습득과 무스 케이크 등의 다양한 디저트 품목을 교육하여 베이커리 현장에 맞는 인력 양성을 목표로 하고 있습니다,세상 훈련 가정의 케이크 알신부터 데크노이전 디스트스틱과 무주케익 구움과다 설치 등의 다양한 디저트북들과 교육하여 베이커리 현장에 맞는 인력의 앙성의 목표를 하고 있습니다,해당 훈련 과정은 케이크 아이싱부터 데코레이션 기술 습득과 무스 케이크 구움과 달 타이트 등의 다양한 디저트 품목을 교육하여 베이커리 현장에 맞는 인력 양성을 목표로 하고 있습니다
AIHub_LowQualityPhoneVoice_valid__24993,41.46341463414634,7.317073170731707,-34.14634146341463,False,근로 장려금 수급자의 자비 부담 금액은 십 삼만 오천 구백 사십 원 입니다,교육장�력은 수급사에 자비 두 단계메금 십 삼 일 오천 구백 사십 원입니다,근로장려금 수급자의 자비 부담금액은 십 삼만 오천 구백 사십 원입니다
AIHub_LowQualityPhoneVoice_valid__24994,15.384615384615385,0.0,-15.384615384615385,False,네 알겠습니다 수고하세요,네 알겠습니다 안녕하세요,네 알겠습니다 수고하세요
AIHub_LowQualityPhoneVoice_valid__24996,30.0,10.0,-20.0,False,네 전화 받았습니다,네 잘 와받았습니다,네 전화받았습니다
AIHub_LowQualityPhoneVoice_valid__25005,35.294117647058826,0.0,-35.294117647058826,False,네 그렇습니다 훈련 목표에 마카롱 쿠키 민간 자격증을 취득할 수 있다고 명시가 되어 있습니다,네 그렇습니다 소요 목표의 마카롱 후기 링칸바이로 수행을 수백할 수 있다고 정신을 되어 있습니다,네 그렇습니다 훈련 목표에 마카롱 쿠키 민간 자격증을 취득할 수 있다고 명시가 되어 있습니다
AIHub_LowQualityPhoneVoice_valid__25006,29.82456140350877,14.035087719298245,-15.789473684210526,False,아 그럼 받고 싶어요 어 위치가 마산 제과 제빵 하 전문 학원이라고 하셨죠 언제부터 며칠간 하는 건가요,아 그럼 받고 싶어요 위치가 마산지사지방 정문 허건이라고 하시죠 언제부터 위치가 하는 건가요,아 그럼 받고 싶어요 어 위치가 마산 제사 직방 전문 학원이라고 하셨죠 언제부터 매칭을 하는 건가요
AIHub_LowQualityPhoneVoice_valid__25007,21.12676056338028,2.8169014084507045,-18.309859154929576,False,훈련 기간은 십 이 월 십 삼 일부터 십 이 월 이십 팔 일까지 입니다 총 십 이 일간 하루 네 시간씩 수업이 진행될 예정입니다,술영대단은 시 개월 삼 일부터 십 이 월 이십 팔 일까지입니다 총 십 이 일 날 하루 네 시간씩 수업이 진행될 내덤입니다,훈련 기간은 십 이 월 십 삼 일부터 십 이 월 이십 팔 일까지입니다 총 십 이 일 간 하루 네 시간씩 수업이 진행될 예정입니다
AIHub_LowQualityPhoneVoice_valid__25019,40.0,0.0,-40.0,False,네 물론입니다 지역이 어떻게 되시나요,네 물론입니다 저희 업계 어떻게 되시기 바요,네 물론입니다 지역이 어떻게 되시나요
AIHub_LowQualityPhoneVoice_valid__25035,26.666666666666668,0.0,-26.666666666666668,False,더 궁금하신 점은 없으신가요,이거 궁금하신 사람은 없으신가요,더 궁금하신 점은 없으신가요
AIHub_LowQualityPhoneVoice_valid__25039,28.57142857142857,3.571428571428571,-25.0,False,내일 배움 카드로 받는 교육 문의 드리는 거 맞나요,일대용 카드로 받는 교육문이 열리는 것 맞나요,내일 배움 카드로 받는 교육 문의드리는 거 맞나요
AIHub_LowQualityPhoneVoice_valid__25048,37.5,0.0,-37.5,False,일 월까지는 월요일 화요일 주 이 회 수업이 진행되고 이 월부터는 주 오 회 진행됩니다,이화일 카펜이 월요일 화요일 주 이 에서 진행되고 이화 조판은 주 오에 진행됩니다,일 월까지는 월요일 화요일 주 이 회 수업이 진행되고 이 월부터는 주 오 회 진행됩니다
AIHub_LowQualityPhoneVoice_valid__25066,20.0,5.0,-15.0,False,훈련 시간은 총 백 사십 시간 입니다,시간 시간은 평 백 사십 시간입니다,훈련 시간은 총 백 사십 시간입니다
AIHub_LowQualityPhoneVoice_valid__25076,16.216216216216218,0.0,-16.216216216216218,False,해당 훈련의 경우 수강생 평균 연령대가 사십 일 세로 나와 있습니다,해당 훈련의 경우 수강세의 현금 연령대가 사실 일세로 나와 있습니다,해당 훈련의 경우 수강생 평균 연령대가 사십 일 세로 나와 있습니다
AIHub_LowQualityPhoneVoice_valid__25078,46.666666666666664,0.0,-46.666666666666664,False,더 궁금하신 점은 없으신가요,아 건강하신 상황은 아프신가요,더 궁금하신 점은 없으신가요
AIHub_LowQualityPhoneVoice_valid__25086,10.344827586206897,6.896551724137931,-3.448275862068966,False,수강생 연령이 언 보통 어느 정도인지 알 수 있을까요,수강생 연령 아 교통 어느 정도인지 알 수 있을까요,수강생 연령 아 보통 어느 정도인지 알 수 있을까요
AIHub_LowQualityPhoneVoice_valid__25087,35.714285714285715,23.809523809523807,-11.904761904761909,False,저번에 어르신들만 있는 클래스에 들어갔어서 친구 한 명 못 사귄게 아쉬워서요,어벌의 어르신들만 있는 클래스에 들어가서 송영윤 못 찾는 게 아쉬워서는,저번에 어르신들만 있는 클래스에 들어갔어서 신고하면 못 받은 게 아까워서요
AIHub_LowQualityPhoneVoice_valid__25097,7.8431372549019605,1.9607843137254901,-5.88235294117647,False,네 저녁 먹고 가면 시간이 되겠네요 그럼 십 삼 일 간 서른 아홉 시간을 수강하면 되는 거죠,이 저녁 먹고 가는 시간이 되겠네요 그럼 십 삼 시간 서른 아홉 시간을 수강하면 되는 거죠,네 저녁 먹고 가는 시간이 되겠네요 그럼 십 삼 일 간 서른 아홉 시간을 수강하면 되는 거죠
AIHub_LowQualityPhoneVoice_valid__25111,21.568627450980394,5.88235294117647,-15.686274509803923,False,제가 자청해서 이 강의를 듣기도 했습니다만 모르는 게 많네요 이게 강남에서 진행되는 것 맞죠,제가 자폭에서 강의를 듣기로 했습니다만 모르는 게 맞네요 이게 강남에서 주는 데는 것 같죠,제가 자평에서 이 강의를 듣기로 했습니다만 모르는 게 많네요 이게 강남에서 진행되는 것 맞죠
AIHub_LowQualityPhoneVoice_valid__25132,21.73913043478261,0.0,-21.73913043478261,False,다름이 아니라 수강 신청을 하게 되었는데요,다른 게 아니라 처음 신청을 하게 되었는데요,다름이 아니라 수강 신청을 하게 되었는데요
AIHub_LowQualityPhoneVoice_valid__25139,28.749999999999996,3.75,-24.999999999999996,False,저랑 비슷하겠네요 그럼 교육 기간은 이십 일 년 십 이 월 이십 이 일에서 이십 이 년 이 월 이십 삼 일까지인 건 맞나요 무슨 요일에 수업이죠,나랑 비슷하겐요 그럼 교육기관은 이십 일 년 체제와 이십 이 일에서 이십 이 년 이십 팔 일까지인 거잖아요 그 승용일에 수업이죠,나랑 비슷하겠네요 그럼 교육 기간은 이십 일 년 십 이 월 이십 이 일에서 이십 이 년 이 월 이십 삼 일까지인 거 맞나요 무슨 요일의 수업이죠
AIHub_LowQualityPhoneVoice_valid__25141,27.27272727272727,0.0,-27.27272727272727,False,어 이 수업을 들으면,어 육 점을 들으면,어 이 수업을 들으면
AIHub_LowQualityPhoneVoice_valid__25153,0.0,0.0,0.0,False,네 맞습니다,네 맞습니다,네 맞습니다
AIHub_LowQualityPhoneVoice_valid__25171,30.64516129032258,0.0,-30.64516129032258,False,괜찮네요 그럼 교육 기간은 이십 일 년 십 이 월 이십 삼 일에서 이십 이 년 오 월 십 팔 일까지인 것 맞나요,감사합니다 그럼 기숙시간은 육 일 일 현 시 대월 이십 삼 일 에서 육 이십 이 년 오 월 십 팔 일까지인 것 같나요,괜찮네요 그럼 교육 기간은 이십 일 년 십 이 월 이십 삼 일에서 이십 이 년 오 월 십 팔 일까지인 것 맞나요
AIHub_LowQualityPhoneVoice_valid__25176,21.62162162162162,0.0,-21.62162162162162,False,나중에 이 수업을 듣고 방송 프로그램의 통신 신호를 조절하기 위하여,마지막 날 수업을 듣고 방송 프로그램에 성신 증거를 조절하기 위하여,나중에 이 수업을 듣고 방송 프로그램의 통신 신호를 조절하기 위하여
AIHub_LowQualityPhoneVoice_valid__25187,0.0,0.0,0.0,False,네 감사합니다,네 감사합니다,네 감사합니다
AIHub_LowQualityPhoneVoice_valid__25193,25.0,41.66666666666667,16.66666666666667,False,취업률이 어떻게 될까요,해연년이 어떻게 될까요,시험 연휴 어떻게 될까요
AIHub_LowQualityPhoneVoice_valid__25204,33.33333333333333,0.0,-33.33333333333333,False,점심시간 오십 분입니다,금 삼 시간 오십 분입니다,점심시간 오십 분입니다
AIHub_LowQualityPhoneVoice_valid__25211,0.0,0.0,0.0,False,네 맞습니다,네 맞습니다,네 맞습니다
AIHub_LowQualityPhoneVoice_valid__25212,15.789473684210526,0.0,-15.789473684210526,False,질문할 거 다 물어봤어요 고맙습니다,고물을 거 다 물어봤어요 고맙습니다,질문할 거 다 물어봤어요 고맙습니다
AIHub_LowQualityPhoneVoice_valid__25217,17.647058823529413,3.9215686274509802,-13.725490196078432,False,근처로 수업을 들으러 가고 싶습니다 디자인과 코딩을 하는 웹 퍼블리셔인가 뭐 있다던데 뭘까요,금사로 수업을 데리러 가고 싶습니다 디자인과 코딩을 하는 웹 터블리션인가 뭐 있다 던지 볼까요,군사로 수업을 들으러 가고 싶습니다 디자인과 코딩을 하는 웹 퍼블리셔인가 뭐 있다던데 뭘까요
AIHub_LowQualityPhoneVoice_valid__25218,35.294117647058826,19.11764705882353,-16.176470588235297,False,강남 그림 컴퓨터 아카데미의 유아이 유엑스 반응형 웹 디자인 퍼블리셔 디자인과 코딩 양성 과정 일을 말씀하시는 것 같습니다,그럼 그럼 컴퓨터과 대비에 유 아일 유 엑스의 가능형 유티다인 벨 퍼블리셔 디자인과 코딩 영상 과장 일을 말씀하시는 것 같습니다,강남 그린 컴퓨터과 제외의 유 아이 유 엑스 가능형 육 디자인 벌 퍼블리셔 디자인과 코딩 양성 과정 일을 말씀하시는 것 같습니다
AIHub_LowQualityPhoneVoice_valid__25223,16.666666666666664,0.0,-16.666666666666664,False,네 맞습니다,어 맞습니다,네 맞습니다
AIHub_LowQualityPhoneVoice_valid__25253,20.0,20.0,0.0,False,그럼 이를 기반으로,그런 이들 기반으로,그럼 일을 기반으로
AIHub_LowQualityPhoneVoice_valid__25261,33.33333333333333,0.0,-33.33333333333333,False,네 좋은 하루 보내세요,네 조언하러 보내세요,네 좋은 하루 보내세요
AIHub_LowQualityPhoneVoice_valid__25288,27.27272727272727,0.0,-27.27272727272727,False,그거 오백만 원 정도 나온다던데 맞습니까,그거 오백만 원 정도 나온다고는 빼 봤으니까,그거 오백만 원 정도 나온다던데 맞습니까
AIHub_LowQualityPhoneVoice_valid__25304,8.333333333333332,8.333333333333332,0.0,False,예 좋은 하루 보내세요,네 좋은 하루 보내세요,네 좋은 하루 보내세요
AIHub_LowQualityPhoneVoice_valid__25331,0.0,0.0,0.0,False,네 맞습니다,네 맞습니다,네 맞습니다
AIHub_LowQualityPhoneVoice_valid__25373,6.25,4.166666666666666,-2.083333333333334,False,네 아홉 시 이십 분부터 여섯 시까지 진행을 하는데 점심시간은 중간에 사십 분 있습니다,네 아홉 시 시분부터 여섯 시까지 진행을 하는데 점심시간은 중간에 사십 분 있습니다,네 아홉 시 이십 분부터 여섯 시까지 진행을 하는데 점심시간은 중간에 사십 분겠습니다
AIHub_LowQualityPhoneVoice_valid__25384,0.0,0.0,0.0,False,네 맞습니다,네 맞습니다,네 맞습니다
AIHub_LowQualityPhoneVoice_valid__25388,10.416666666666668,4.166666666666666,-6.250000000000002,False,게임 그래픽 콘텐츠 제작 지식과 기술을 습득하여 취업을 나중에 할 수 있는지가 궁금해요,핸 그래픽 콘텐츠 대작 기술과 기술을 습득하여 취업을 나중에 할 수 있는지가 궁금해요,게임 그래픽 콘텐츠 제작 기술과 기술을 습득하여 취업을 나중에 할 수 있는지가 궁금해요
AIHub_LowQualityPhoneVoice_valid__25392,4.166666666666666,0.0,-4.166666666666666,False,네 사백 칠십 삼만 오천 오백 육십 원입니다,네 사백 칠십 삼 만 오천 오백 육십 원입니다,네 사백 칠십 삼만 오천 오백 육십 원입니다
AIHub_LowQualityPhoneVoice_valid__25394,0.0,0.0,0.0,False,네 맞습니다,네 맞습니다,네 맞습니다
AIHub_LowQualityPhoneVoice_valid__25398,25.0,11.76470588235294,-13.23529411764706,False,수업일에 알차게 듣고 싶은데 약을 먹어 먹고 있어서 졸음이 옵니다 혹시 녹화된 강의라도 당일만이라도 다시 들을 수 있을까요,수업 이미 알차게 듣고 싶은데 마블 머가 먹고 있다가 도름이 없는다 혹시 녹화 중간 강의라도 강일만이라도 다시 들을 수 있을까요,수업 듣는 알차게 듣고 싶은데 약을 먹어 먹고 있다가 도름이 엽니다 혹시 녹화된 강의라도 당일만이라도 다시 들을 수 있을까요
AIHub_LowQualityPhoneVoice_valid__25400,29.03225806451613,12.903225806451612,-16.12903225806452,False,네 지인이 이걸 듣고 취업했다던데 취업률 알 수 있을까요,네 김용호 인가 얘기 듣고 취업했다던데 취업을 할 수 있을까요,네 주민으로 이걸 듣고 취업했다던데 취업률 알 수 있을까요
AIHub_LowQualityPhoneVoice_valid__25430,0.0,0.0,0.0,False,네 감사합니다,네 감사합니다,네 감사합니다
AIHub_LowQualityPhoneVoice_valid__25433,30.555555555555557,8.333333333333332,-22.222222222222225,False,서울 방송 아카데미 학원의 방송 제작 영상 제작을 수강하고 싶은데,서울 방송 아카데미 학원의 방송여자 영상뷰작을 측정하고 있습니다,서울 방송 아카데미 학원의 방송 영상 제작을 수강하고 싶은데
AIHub_LowQualityPhoneVoice_valid__25434,51.162790697674424,11.627906976744185,-39.53488372093024,False,수업을 들으면 다양한 미디어를 통해 대중들에게 정보 재미 감동을 전달하기 위해,허허해져려면 다양한 뮤지아를 통해 대중들에게 광고 재임의 감정을 담가야 주일 예,수업에 들으면 다양한 미디어를 통해 배송들에게 정보 제니 감동을 전달하기 위해
AIHub_LowQualityPhoneVoice_valid__25458,12.195121951219512,4.878048780487805,-7.317073170731708,False,지인이 여기 연락하면 전액 무료로 교육을 받을 수 있다고 했는데 정말인가요,주님이 여기 연락하면 전액 무료로 들으고 받을 수 있다고 했는데 정말인가요,주민이 여기 연락하면 전액 무료로 교육을 받을 수 있다고 했는데 정말인가요
AIHub_LowQualityPhoneVoice_valid__25460,17.24137931034483,15.517241379310345,-1.724137931034484,False,생각 안 해봤는데 기계는 너무 어려워서 싫고 제가 화분 가꾸는 걸 좋아해서 조경과 관련된 교육이 있을까요,생각 안 해봤는데 기계는 너무 어려웠고 싫고 제가 학원급 보는 걸 좋아하고 조병과 관련된 교육이 있을까요,생각 안 해봤는데 기계는 너무 어려워서 싫고 제가 학원 갖고 오는 걸 좋아해서 조경과 관련된 주의들이 있을까요
AIHub_LowQualityPhoneVoice_valid__25466,12.82051282051282,2.564102564102564,-10.256410256410255,False,네 맞습니다 실제 훈련 일수는 백 십 오 일이며 시간은 팔백 시간입니다,네 맞습니다 실제 훈련이 있으면 백 십 오 일이면 시간은 팔백 시간입니다,네 맞습니다 실제 훈련 일수는 백 십 오 일이면 시간은 팔백 시간입니다
AIHub_LowQualityPhoneVoice_valid__25467,24.444444444444443,2.2222222222222223,-22.22222222222222,False,홈페이지에는 오백 사십 이만 구천 육백 원이라고 나오는데 무료라고 하시지 않았나요,콘텐을 비해는 오백 사십이나 구천 이백 원이라고 나오는 게 무료라고 하시지 않았나요,콘페이지에는 오백 사십 이만 구천 육백 원이라고 나오는데 무료라고 하시지 않았나요
AIHub_LowQualityPhoneVoice_valid__25470,26.744186046511626,9.30232558139535,-17.441860465116278,False,수목 화초등을 재배할 수 있도록 각종 조경용 공구 및 농업 장비를 사용해 녹색 환경 공간을 시공 관리할 수 있는 기능을 습득할 수 있다고 나오는 게 맞나요,그럼 화폐당에 제조할 수 있도록 각종 조오경용공고 및 영업장비를 사용해 목적 성형공간을 실용 관리할 수 있는 진행을 획득할 수 있다고 나오는 데 맞나요,후목 화초 등을 제조할 수 있도록 각종 조경용 공고 및 농업 장비를 사용해 녹색 환경 공간을 시공 관리할 수 있는 기능을 설득할 수 있다고 나오는데 맞나요
AIHub_LowQualityPhoneVoice_valid__25478,51.61290322580645,16.129032258064516,-35.483870967741936,False,공고가 올라오기 전에 관련한 교육 수강 해 보려고 합니다,공고와 연락이 다른 관련한 대입은 있다고 합니다,공고가 올라오기 전에 관련한 교육 수강이라고 합니다
AIHub_LowQualityPhoneVoice_valid__25486,50.0,38.88888888888889,-11.111111111111107,False,매주 일요일에 수업이 있나요 이제,일 년간 수업이 있나요,네 지금 일 교육에 수업이 있나요 이제
AIHub_LowQualityPhoneVoice_valid__25498,22.52252252252252,7.207207207207207,-15.315315315315313,False,제가 엔씨에스 인정 강의를 찾아보는 중인데 구십 프로 이상이 온라인 수업만 검색되어서요 혹시 가장 빨리 참여할 수 있는 대면 수업 중에 마케팅 광고 홍보 관련 강의 있으면 좀 안내해 주실 수 있을까요,제가 엔씨에스 인정 확인을 찾아보는 중인데 그 십 프로 이상이 온라인 수업만 곱게 깨어서요 사실 가장 빨리 참여할 수 있는 대능 수업 중에 마케팅 방법은 홍보 관련 강의점을 적안 내리실 수 있을까요,제가 엔씨에스 인정 강의를 찾아보는 중인데 구십 프로 이상이 온라인 수업만 검색되어서요 혹시 가장 빨리 참여할 수 있는 재난 수업 중에 마케팅 방법 홍보 관련 강의 좀 안내해 주실 수 있을까요
AIHub_LowQualityPhoneVoice_valid__25500,6.666666666666667,6.666666666666667,0.0,False,저는 서울이면 다 괜찮습니다,저는 서울이면 다 괜찮았습니다,저는 서울이면 잘 괜찮습니다
AIHub_LowQualityPhoneVoice_valid__25501,28.235294117647058,3.5294117647058822,-24.705882352941174,False,그러면 십 이 월 이십 일 일부터 일 월 이십 칠 일까지 종로 여성 인력 개발센터에서 진행하는 마케팅 광고 홍보 기획 실무라는 훈련으로 안내 도와드릴까요,그러면 십 이 월 이십 위르미터 일 월 이십 칠 일까지 경료 여성홀려 개발센터에서 전해되는 마케팅 간부 홍보 리액션이라고 휘둔으로 안내 도와드려가요,그러면 십 이 월 이십 이 일부터 일 월 이십 칠 일까지 종로 여성 인력 개발 센터에서 진행하는 마케팅 광고 홍보 기획 실무라고 훈련으로 안내 도와드릴까요
AIHub_LowQualityPhoneVoice_valid__25526,42.857142857142854,0.0,-42.857142857142854,False,거기 엔 엔씨에스 교육 상담 센터인가요,거기 엔 엔치 앤스 교육사는 다 생통인가요,거기 엔 엔씨에스 교육 상담 센터인가요
AIHub_LowQualityPhoneVoice_valid__25530,24.489795918367346,11.224489795918368,-13.265306122448978,False,네 말씀하신 조건에 따라 현재 부산 덕천 미래 컴퓨터 학원에서 수강생 모집 중인 온라인 광고 동영상 포토샵 일러스트 프리미엄 애펙 제작 및 편집이라는 훈련으로 안내 도와드릴까요,네 말씀 드립니다 조건이에 따라 현재 부산 박성리를 컴퓨터 학원에서 수강증 부딪히는 온라인 광고 비용상 포토샵 일러스트 프리미어 에페 제작 오 편집 이라는 훈련으로 안내 도와드릴까요,네 말씀해 주신 조건이에 따라 현재 부산 덕천리네 컴퓨터 학원에서 수강생 모집 중인 온라인 광고 동영상 포토샵 일러스트 프리미어 에펙 제작 모의 편집이라는 훈련으로 안내 도와드릴까요
AIHub_LowQualityPhoneVoice_valid__25540,34.61538461538461,0.0,-34.61538461538461,False,네 혹시 이 수업 수강생 평균 연령대도 나오나요,네 혹시 이석 수강신청 측 연령도가 나오나요,네 혹시 이 수업 수강생 평균 연령대도 나오나요
AIHub_LowQualityPhoneVoice_valid__25548,46.666666666666664,6.666666666666667,-40.0,False,네 알겠습니다 추가 문의 사항은 언제든지 재문의 주시기 바랍니다 대단히 감사합니다,네 알겠습니다 시간 훈사는 언제 드리겠습니다 유치원님 해주시기 바랍니다 재단이 감사합니다,네 알겠습니다 추가 문의 사항은 언제든지 잘 문의해 주시기 바랍니다 대단히 감사합니다
AIHub_LowQualityPhoneVoice_valid__25555,28.888888888888886,14.444444444444443,-14.444444444444443,False,그러면 강남구 테일원로에 위치한 아바스 평생 교육생 교육원에서 진행하는 서비스 강사 양성 및 씨에스 리더 관리자 자격증 취득 과정이라는 훈련으로 안내 도와드릴까요,그러면 강남구 태일인마에 위치한 아박 구평생 교회생 교육원을 지원해 서비스 감사행성의 실습 리더스 관리자 자격증 시습 과정이라는 훈련으로 안내 도와될까요,그러면 강남구 테이블에 위치한 아박 평생 교육원에서 진행하는 서비스 강사 형성 유예 씨에스 리더 관리사 자격증 취득 과정이라는 훈련으로 안내 도와드릴까요
AIHub_LowQualityPhoneVoice_valid__25557,9.090909090909092,0.0,-9.090909090909092,False,훈련 기간은 십 이 월 이십 일부터 일 월 십 사 일까지 총 이십 일간 진행되며,훈련 시간은 십 이 월 이십 일부터 일 월 십 사 일까지 총 이십 일간 주인대며,훈련 기간은 십 이 월 이십 일부터 일 월 십 사 일까지 총 이십 일간 진행되며
AIHub_LowQualityPhoneVoice_valid__25558,22.5,7.5,-15.0,False,매주 월요일부터 금요일까지 오전 아홉 시부터 오후 두 시 삼십 분까지 진행됩니다 중간에 열 두 시부터 열 두 시 삼십 분까지 점심시간이 있습니다,내 주 월요일부터 금요일 일요일 오전 아홉 시 부터 오후 두 시 삼십 분까지 진행됩니다 중간에 열 두 시 부터 오후 두 시 삼십 분까지 진행됩니다,네 주 월요일부터 금요일 두 시 오전 아홉 시부터 오후 두 시 삼십 분까지 진행됩니다 중간에 열 두 시부터 열 두 시 삼십 분까지 점심시간이 있습니다
AIHub_LowQualityPhoneVoice_valid__25563,50.0,16.666666666666664,-33.333333333333336,False,엔씨에스 직무 분류는 고객 관리로 수료됩니다,hs 직무 비론은 고객 발의로 출협입니다,엘씨에스 직무 분류는 고객 관리로 출력입니다
AIHub_LowQualityPhoneVoice_valid__25565,25.252525252525253,7.07070707070707,-18.181818181818183,False,손액에 의한 등록 고객 연락 업무 프로그램 이용 및 신상품 안내 텔레 마케팅을 통한 신규 고객 창출 등의 업무 등을 수행하는 일을 하는 데 도움이 되는 수업을 듣고 싶은 거라서요,프로필에 의한 등록대를 연락 업무 프로그램 이용이 신상 많네 텔레마케팅을 통한 신규 고객 참출생의 업무 등을 실행하는 일을 하는데 소비자는 수업을 듣고 싶은 걸었어요,프로젝에 의한 등록 고객 연락 업무 프로그램 이용 및 신사문 안내 텔레마케팅을 통한 신규 고객 창출 등의 업무 등을 수행하는 일을 하는데 도움이 되는 수업을 듣고 싶은 거라서요
AIHub_LowQualityPhoneVoice_valid__25578,42.62295081967213,31.147540983606557,-11.47540983606557,False,음 그 정도면 나쁘지 않네요 혹시 이 수업은 엔씨에스 어떻게 발급 되나요 리더십 분야는 경영 훈련이라고 하나요,음 그동안 나쁘지 않네요 혹시 이 수업은 nc에서 수입할지 어떻게 발급되나요 육 아홉 십 분 년에 경영 훈련을 받네요,음 그 점은 나쁘지 않네요 혹시 이 수업은 엔씨에스 수업 할지는 어떻게 발급되나요 육 아홉 시 쯤에는 경영 훈련이라고 하나요
AIHub_LowQualityPhoneVoice_valid__25583,34.48275862068966,15.517241379310345,-18.965517241379313,False,네 물론입니다 추가로 코칭 방정식을 활용하여 다양한 상황을 통해 코칭에 적응할 수 있도록 훈련하게 됩니다,네 물론입니다 추가로 꽃을 담근 것을 활용하여 자행의 상황에서의 꽃을을 이용할 수 있도록 표현하게 됩니다,네 물론입니다 추가로 코칭 변경식을 활용하여 다양한 상황에서의 코칭을 조용할 수 있도록 훈련하게 됩니다
AIHub_LowQualityPhoneVoice_valid__25590,38.095238095238095,28.57142857142857,-9.523809523809526,False,네 그럼 혹시 고재 같은 것도 필요할까요 저는 모바일로 가볍게 하고 싶어서요,네 그럼 확실히 가수라 사무실 필요할까요 저는 모바일로 가볍게 내려야겠어요,네 그럼 혹시 교재가 필요할까요 저는 모바일로 가격 계획을 하고 싶어서요
AIHub_LowQualityPhoneVoice_valid__25603,45.45454545454545,24.242424242424242,-21.21212121212121,False,참고로 이 훈련은 해당 따라 최대 전액까지 지원이 가능합니다,경고를 의비사능 해당 여행에 따라 세 개 전액까지 지원 가능합니다,참고로 의견은 해당 유형에 따라 최대 전액까지 지원이 가능합니다
AIHub_LowQualityPhoneVoice_valid__25624,28.92561983471074,9.917355371900827,-19.008264462809912,False,작가의 소설을 워낙 좋아해서 다 읽었는데 마침 제가 좋아하는 소설로 하는 리더십 강의가 있다고 하니 너무 들어보고 싶네요 제가 에이치알디 에이치알디넷 홈페이지에서 수강 신청 버튼만 누르면 결제하고 바로 들을 수 있나요,저거에 소설을 워낙 좋아해서 잘 읽었는데 아 제가 좋아하는 소설문에 리더십한가 있다고 하니 너무 들어보고 싶네요 제가 hr 대 hrg네 손페이지에서 수강신청 버트먼 누르면 결제하고 방금 들어 보신가요,경찰과에 소설을 워낙 좋아해서 잘 읽었는데 아 지금 제가 좋아하는 소설을 하는 리더십 강의가 있다고 하니 너무 들어보고 싶네요 제가 에이치알벳 에이치알이넷 홈페이지에서 수강 신청 버튼만 누르면 결제하고 바로 들을 수 있나요
AIHub_LowQualityPhoneVoice_valid__25634,37.2093023255814,9.30232558139535,-27.906976744186046,False,고구려 미천왕 세트를 교재로 활용하는데 교재 구매는 지원자님의 선택 사항입니다,목우리와 미천 왕창 세트를 기재로 활용하는데 기세 부매는 지원자님을 삼 개 차은입니다,더구려 미천 왕채원 세트를 교재로 활용하는데 교재 구매는 지원자님의 선택 사항입니다
AIHub_LowQualityPhoneVoice_valid__25646,27.77777777777778,0.0,-27.77777777777778,False,네 그렇습니다 무엇을 도와드릴까요,네 결합시일은 무엇을 도와드릴까요,네 그렇습니다 무엇을 도와드릴까요
AIHub_LowQualityPhoneVoice_valid__25649,26.31578947368421,21.052631578947366,-5.2631578947368425,False,제목은 역사 플러스 박경리의 토지 만화로 배우의 위기 극복의 힘입니다,제목은 역사 플러스 밥 정리에 토지 만화로 배우는 위기 흡수 배임입니다,제목은 역사 플러스 밥정리의 토지 만화로 배우는 위기 국토 백임입니다
AIHub_LowQualityPhoneVoice_valid__25672,38.0,22.0,-16.0,False,네 맞습니다 혹시 사업 목차에 지도사 십 사 인이 나와 있으면 맴버만 알려주실 수 있을까요,네 그렇습니다 혹시 서 목사에 비도 차시고 다행히 나와있으면 일부만 날려줄 수 있을까요,네 맞습니다 혹시 수업 목차에 지속하신 다행히 나와 있으면 일부만 알려주실 수 있을까요
AIHub_LowQualityPhoneVoice_valid__25684,26.666666666666668,0.0,-26.666666666666668,False,네 그렇습니다 최종 평가 시험은 이수의 필수 요소입니다,네 그렇습니다 최종증까지 없는 의수의 필수요소입니다,네 그렇습니다 최종 평가 시험은 이수의 필수 요소입니다
AIHub_LowQualityPhoneVoice_valid__25695,21.951219512195124,17.073170731707318,-4.878048780487806,False,아 네 감사합니다 이 과정을 배우면 기업 홍보 대응을 할 수 있는 거 맞죠,아 네 감사합니다 이 과정을 배우면 기업 홍보 수행위 위이 재능을 할 수 있는 거 맞죠,아 네 감사합니다 이 과정을 배우면 기업 홍보 수행 위기 제응을 할 수 있는 거 맞죠
AIHub_LowQualityPhoneVoice_valid__25717,22.22222222222222,0.0,-22.22222222222222,False,총 백 오십 명 모집하고 있습니다,총 백 오 생명 보입하고 있습니다,총 백 오십 명 모집하고 있습니다
AIHub_LowQualityPhoneVoice_valid__25722,21.428571428571427,0.0,-21.428571428571427,False,훈련 시간은 어떻게 될까요,수요일 시간은 어떻게 될까요,훈련 시간은 어떻게 될까요
AIHub_LowQualityPhoneVoice_valid__25731,40.909090909090914,13.636363636363635,-27.27272727272728,False,안녕하세요 엔씨에스 지오 상담센터 맞나요,안녕하세요 엔씨에스 듀오 삼 점 점 더 만나요,안녕하세요 엔씨에스 교육 상담 센터 맞나요
AIHub_LowQualityPhoneVoice_valid__25745,5.128205128205128,3.8461538461538463,-1.2820512820512815,False,훈련비는 육만 이천 삼백 칠십 원입니다 국비 지원 기준에 따라서 달라질 수 있으니 가까운 고용노동센터에서 부담 금액을 꼭 확인하시기 바랍니다,훈련비는 육만 이천 삼백 칠십 원입니다 국비 지원 기준에 따라서 달라질 수 있음이 가까운 고용 노동센터에서 부담 금액을 꼭 확인하시길 바랍니다,어 훈련비는 육만 이천 삼백 칠십 원입니다 국비 지원 기준에 따라서 달라질 수 있으니 가까운 고용노동센터에서 부담 금액을 꼭 확인하시길 바랍니다
AIHub_LowQualityPhoneVoice_valid__25747,14.285714285714285,9.523809523809524,-4.761904761904761,False,네 그 외에 다른 문의사항은 없으실까요,네 그에 다른 문의 사항은 없으실까요,네 그 외 다른 문의 사항은 없으실까요
AIHub_LowQualityPhoneVoice_valid__25752,52.0,0.0,-52.0,False,네 엔씨에스 상담팀입니다 문의 사항 있으십니까,네 엔세스 상담 키웁니다 물리 하겠습니까,네 엔씨에스 상담팀입니다 문의 사항 있으십니까
AIHub_LowQualityPhoneVoice_valid__25754,14.285714285714285,0.0,-14.285714285714285,False,쉽게 배우는 영상 편집 과정이 있습니다,십 개 배우는 영상 편집 과정이 있습니다,쉽게 배우는 영상 편집 과정이 있습니다
AIHub_LowQualityPhoneVoice_valid__25760,50.0,0.0,-50.0,False,총 이십 일 시간입니다,평 이 세뱀 시간이다,총 이십 일 시간입니다
AIHub_LowQualityPhoneVoice_valid__25773,10.416666666666668,22.916666666666664,12.499999999999996,False,게임도 여러 개 쓰리 디 제작을 하는 분야에서 많이 사용하는 마야의 사용 방법을 배우고,게임도 여러 에 쓰리 디 제작을 하는 중야에서 많이 사용하는 마약의 사용 방법을 드리고,게임 그 여러 에스 쓰리 디 제작을 하는 분야에서 많이 사용하는 마이 아이에 사용 방법을 지루고
AIHub_LowQualityPhoneVoice_valid__25781,7.6923076923076925,0.0,-7.6923076923076925,False,훈련비는 육만 이천 삼백 칠십 원입니다 국비 지원 기준에 따라서 달라질 수 있으니 가까운 고용노동센터에서 부담 금액을 꼭 확인하시기 바랍니다,후기 연비는 육만 이천 삼백 칠십 원입니다 국비 지원 기준에 따라서 달라질 수 있으니 가까운 고용 노동센터에서 부담금액을 꼭 확인하시기 바랍니다,훈련비는 육만 이천 삼백 칠십 원입니다 국비 지원 기준에 따라서 달라질 수 있으니 가까운 고용노동센터에서 부담 금액을 꼭 확인하시기 바랍니다
AIHub_LowQualityPhoneVoice_valid__25788,22.22222222222222,11.11111111111111,-11.11111111111111,False,네 전화받았습니다,네 돌아받았습니다,네 전화 받았습니다
AIHub_LowQualityPhoneVoice_valid__25802,5.263157894736842,0.0,-5.263157894736842,False,백 일 진행하고 총 육백 시간입니다,백일 진행하고 총 육백 시간입니다,백 일 진행하고 총 육백 시간입니다
AIHub_LowQualityPhoneVoice_valid__25826,0.0,33.33333333333333,33.33333333333333,False,예 맞으세요,예 맞으세요,예 예 맞으세요
AIHub_LowQualityPhoneVoice_valid__25831,0.0,0.0,0.0,False,어 아예 새로운 곳으로 해도 되나요,어 아예 새로운 곳으로 해도 되나요,어 아예 새로운 곳으로 해도 되나요
AIHub_LowQualityPhoneVoice_valid__25832,26.666666666666668,3.3333333333333335,-23.333333333333336,False,네 이 중에서 저희가 하나만 삭제를 해 드릴 수 있어서,네 이쯤에서 하나 만 학제를 해 드릴 수 있어서,네 이 중에서 저희가 하나만 삭제를 해드릴 수 있어서
AIHub_LowQualityPhoneVoice_valid__25838,58.06451612903226,0.0,-58.06451612903226,False,또 재차단되시는 경우는 저희 쪽에 문의 한번 부탁드릴게요,저 재차도 안 되시는 경우는 저희 쪽에,또 재차단되시는 경우는 저희 쪽에 문의 한번 부탁드릴게요
AIHub_LowQualityPhoneVoice_valid__25842,48.148148148148145,0.0,-48.148148148148145,False,그러시면 정확한 안내를 위해서 회원님 아이디 말씀,저 지금 정확한 앤대를 위해서 혜연이 마이 디 반,그러시면 정확한 안내를 위해서 회원님 아이디 말씀
AIHub_LowQualityPhoneVoice_valid__25848,10.204081632653061,4.081632653061225,-6.122448979591836,False,네 이깐 그 그러면은 그 다른 아이디를 로그인하셔서 그 해당 기기에 그 기기를 해제하시고,네 그 그러면은 그 다른 아이디를 로그인하셔서 해당 기기에 그 기기를 해제하시고,네 그럼 그 그러면은 그 다른 아이디를 로그인하셔서 그 해당 기기에 그 기기를 해제하시고
AIHub_LowQualityPhoneVoice_valid__25866,14.285714285714285,0.0,-14.285714285714285,False,이메일 주소 어떻게 되세요,금요일 주소 어떻게 되세요,이메일 주소 어떻게 되세요
AIHub_LowQualityPhoneVoice_valid__25870,37.5,0.0,-37.5,False,아 기본 주소가,아 지금 기소가,아 기본 주소가
AIHub_LowQualityPhoneVoice_valid__25872,26.666666666666668,0.0,-26.666666666666668,False,네 뭐 말씀해 달라고 하셨죠,네 뭐 말씀하실려고 하셨죠,네 뭐 말씀해 달라고 하셨죠
AIHub_LowQualityPhoneVoice_valid__25874,33.33333333333333,6.666666666666667,-26.66666666666666,False,네 그리고 생년월일은 언제신,네 그리고 일 월이든 언제,네 그리고 생년월일은 언제
AIHub_LowQualityPhoneVoice_valid__25882,18.181818181818183,0.0,-18.181818181818183,False,아 네 네 감사합니다,아 네 감사합니다,아 네 네 감사합니다
AIHub_LowQualityPhoneVoice_valid__25886,22.22222222222222,0.0,-22.22222222222222,False,진행되시는 거예요,신연되시는 거예요,진행되시는 거예요
AIHub_LowQualityPhoneVoice_valid__25894,5.88235294117647,0.0,-5.88235294117647,False,지금 이게 서버 오류가 계속 뜨거든요 그면은 어떻게 해야 돼요,지금 이게 서버무류가 계속 뜨거든요 그면은 어떻게 해야 돼요,지금 이게 서버 오류가 계속 뜨거든요 그면은 어떻게 해야 돼요
AIHub_LowQualityPhoneVoice_valid__25896,2.7027027027027026,2.7027027027027026,0.0,False,지금 학교 지금 학 학생이어서 전화를 못 받아서 제가 전화받았거든요,지금 학교 지금 학 학생이어서 전화를 못 받아서 제가 전화 받았거든요,지금 학교 지금 학 학생이어서 전화를 못 받아서 제가 전화 받았거든요
AIHub_LowQualityPhoneVoice_valid__25907,11.666666666666666,10.0,-1.666666666666666,False,설정이 난 뭔 말인지 모르겠네 애가 어제 하다가 안 돼서 이걸 그냥 놓고 가고 아이디를 알려 주고 가 가지고,설정이 난 뭔 말인지 모르겠는데 애가 어디 하다가 안 돼서 이거 그냥 놓고 가고 아이디를 알려주고 가가 지고,설정에다 뭔 말인지 모르겠네 애가 어제 하다가 안 돼서요 이거 그냥 놓고 가고 아이디를 알려주고 가 가지고
AIHub_LowQualityPhoneVoice_valid__25916,0.0,0.0,0.0,False,일반 일반 보이세요,일반 일반 보이세요,일반 일반 보이세요
AIHub_LowQualityPhoneVoice_valid__25926,28.57142857142857,0.0,-28.57142857142857,False,와이파이 말씀하시는 건가요,와이파이 말씀하시는 거 아니,와이파이 말씀하시는 건가요
AIHub_LowQualityPhoneVoice_valid__25939,15.0,15.0,0.0,False,아 이까 일 월 구 일에 결제하신 거,그니까 일 월 구 일에 결제하신 거,그니까 일 월 구 일에 결제하신 거
AIHub_LowQualityPhoneVoice_valid__25955,33.33333333333333,0.0,-33.33333333333333,False,안드로이드 팔 버전으로 할 일이 있나요,인제 거의 다 팔 버전으로 할 일이 있나요,안드로이드 팔 버전으로 할 일이 있나요
AIHub_LowQualityPhoneVoice_valid__25976,25.0,0.0,-25.0,False,그 일반 탭으로 해제하신 후에,왜 일반적으로 해지하신 후에,그 일반 탭으로 해제하신 후에
AIHub_LowQualityPhoneVoice_valid__26003,15.384615384615385,0.0,-15.384615384615385,False,그럼 저희가 이번에 예외적으로 정보 확인하고 차단 해제 풀어드릴 거고요,그럼 저희가 이번에 유회적으로 전부 확인하고 차단에 제 풀어드릴 거고요,그럼 저희가 이번에 예외적으로 정보 확인하고 차단 해제 풀어드릴 거고요
AIHub_LowQualityPhoneVoice_valid__26010,14.285714285714285,7.142857142857142,-7.142857142857142,False,차단은 진행을 해 드렸고요,사단은 진행을 해드렸고요,차단은 진행을 해드렸고요
AIHub_LowQualityPhoneVoice_valid__26018,11.76470588235294,11.76470588235294,0.0,False,네 한 곳으로 지정 부탁드리고요,한 곳으로 지정 부탁드리고요,한 곳으로 지정 부탁드리고요
AIHub_LowQualityPhoneVoice_valid__26020,5.128205128205128,10.256410256410255,5.128205128205128,False,그 이제 계속되는 건가요 아니 왜냐면 제가 저번이랑 똑같은 데로 쳤는데,그 이제 계속 되는 건가요 아니 왜냐면 제가 저번에랑 똑같은 데로 쳤는데,그 이제 계속 되는 건가요 아 예 왜냐면 제가 저번에랑 똑같은 데로 쳤는데
AIHub_LowQualityPhoneVoice_valid__26023,41.17647058823529,11.76470588235294,-29.411764705882348,False,이제 로그인 되이는 상태이시고요,이제 로그인 되시구요,이제 로그인 되신 상태이시고요
AIHub_LowQualityPhoneVoice_valid__26047,10.0,5.0,-5.0,False,그니까 그게 변경이 계속 이루어지면은 그게 차 다중 기기 이용으로 되세요,그니까 그게 병장이 계속 이루어지면은 되게 차 다중기기 이용으로 되세요,그니까 그게 변경이 계속 이루어지면은 이제 차 다중 기기 이용으로 되세요
AIHub_LowQualityPhoneVoice_valid__26054,2.7027027027027026,0.0,-2.7027027027027026,False,계속 변경하시게 되면은 이제 차단이 들어간다고 말씀을 드리는 거예요,계속 변경하시게 되면은 이제 사단이 들어간다고 말씀을 드리는 거예요,계속 변경하시게 되면은 이제 차단이 들어간다고 말씀을 드리는 거예요
AIHub_LowQualityPhoneVoice_valid__26075,53.333333333333336,26.666666666666668,-26.666666666666668,False,확인해 보니까 어플 내가 그,하기로 해보니까 어 프 어 내가 그,확인해 보니까 어 그 어 내가 그
AIHub_LowQualityPhoneVoice_valid__26085,9.75609756097561,2.4390243902439024,-7.317073170731707,False,왜냐하면 저희가 이제 판매하는 상품 자체가 기간이 정해져 있는 거기 때문에,왜냐면 저희가 판매하는 상품 자체가 기간이 정해져 있는 거기 때문에,왜냐면 저희가 이제 판매하는 상품 자체가 기간이 정해져 있는 거기 때문에
AIHub_LowQualityPhoneVoice_valid__26091,0.0,0.0,0.0,False,네 감사합니다,네 감사합니다,네 감사합니다
AIHub_LowQualityPhoneVoice_valid__26109,21.21212121212121,0.0,-21.21212121212121,False,지금 배송지를 여러 번 바꾸셔서 공유 회원으로 인식이 되어서,그럼 배송지를 여러 번 바꾸셔서 동묘의 연으로 인식이 되어서,지금 배송지를 여러 번 바꾸셔서 공유 회원으로 인식이 되어서
AIHub_LowQualityPhoneVoice_valid__26117,21.428571428571427,0.0,-21.428571428571427,False,고등학교 이름이랑 생년월일,모든 학교 이름이랑 생년월일,고등학교 이름이랑 생년월일
AIHub_LowQualityPhoneVoice_valid__26132,64.86486486486487,51.35135135135135,-13.513513513513523,False,어 예 그래서 그 같이 지워졌어요 그래서 나무 원래 두 번 남았어요,아니 그래서 그거 같이 지워졌어요 그래서 남는 네 네 곳인데 두 곳이 지워져요 두 곳 남았어요,어 예 그래서 그거 같이 지워졌어요 그래서 나머 원래 네 곳인데 두 곳이 지워져서 두 권 남았어요
AIHub_LowQualityPhoneVoice_valid__26139,18.75,4.166666666666666,-14.583333333333334,False,이 번호로는 지금 등록되어 있는 정보가 없는 걸로 확인이 되시는데 혹시 다른 번호 있으,이 번호로는 지금 등록금이 있는 정보가 없는 걸로 하긴 되지 근데 혹시 다른 번호 있어,네 이 번호로는 지금 등록되어 있는 정보가 없는 걸로 확인이 되시는데 혹시 다른 번호 있으
AIHub_LowQualityPhoneVoice_valid__26143,35.714285714285715,0.0,-35.714285714285715,False,회원님 고등학교명이랑 이메일 주소 확인 부탁드립니다,아 회원님 고등학교 명예랑 임회를 주소하긴 부탁드립니다,회원님 고등학교명이랑 이메일 주소 확인 부탁드립니다
AIHub_LowQualityPhoneVoice_valid__26144,9.523809523809524,9.523809523809524,0.0,False,단 이천 십 구 년도에 육 월 오 일에는 이천 십 구 년도 유 월 오 일에는,일단 이천 십 구 년도에 육 월 오 일에 이천 십 구 년도 육 월 오 일에,일단 이천 십 구 년도에 육 월 오 일엔 이천 십 구 년도 육 월 오 일에는
AIHub_LowQualityPhoneVoice_valid__26161,17.391304347826086,8.695652173913043,-8.695652173913043,False,제가 일단 제외 처리해 드리도록 하겠습니다,에가 일단 제외처리 해드리도록 하겠습니다,네 일단 제외 처리해 드리도록 하겠습니다
AIHub_LowQualityPhoneVoice_valid__26177,19.444444444444446,3.4722222222222223,-15.972222222222225,False,아 네 확인 도와드릴 텐데 아이디가 혹시 어떻게 되세요 네 성함이 어떻게 되세요 확인 감사합니다 저희 학습 기기 등록됐던 모델이 좀 여러 번 바뀌면서 누적이 오 회가 되어서 자동 차단이 되셨던 것 같은데요 이용하시는 기기가 좀 여러 번 바꼈던 사유가 있으세요,아 네 확인을 하드릴 텐데 id가 혹시 어떻게 되시냐 네 이 소감이 어떻게 되시냐 확인 감사합니다 저희 학생 때지 등록 듣던 모델이 좀 여러 번 바뀌면서 누적이 오해가 되어서 자동차단이 되셨던 거 같은데요 이용하시는 모델이 여러 번 바꼈던 사유가 있으세요,아 네 확인 도와드릴 텐데 아이디가 혹시 어떻게 되세요 네 성함이 어떻게 되세요 확인 감사합니다 저희 학습 기기 등록됐던 모델이 좀 여러 번 바뀌면서 누적이 오 회가 되어서 자동 차단이 되셨던 것 같은데요 이용하시는 모델이 좀 여러 번 바뀌었던 사유가 있으세요
AIHub_LowQualityPhoneVoice_valid__26193,12.5,0.0,-12.5,False,다운받은 거는 재생이 안 돼요,다음 받은 거는 재생이 안 돼요,다운받은 거는 재생이 안 돼요
AIHub_LowQualityPhoneVoice_valid__26201,20.0,13.333333333333334,-6.666666666666666,False,그 제가 다섯 번을 초과해서,그 제가 다섯 번은 쇼강해서,그 제가 다섯 번을 수강해서
AIHub_LowQualityPhoneVoice_valid__26229,38.46153846153847,0.0,-38.46153846153847,False,로그아웃이 돼요 자동으로,로그 아웃스페어 자동으로,로그아웃이 돼요 자동으로
AIHub_LowQualityPhoneVoice_valid__26251,6.666666666666667,0.0,-6.666666666666667,False,네 알겠습니다 네 감사합니다,어 알겠습니다 네 감사합니다,네 알겠습니다 네 감사합니다
AIHub_LowQualityPhoneVoice_valid__26253,23.333333333333332,10.0,-13.333333333333332,False,아 저 이거 인강을 태블릿으로 보려고 하는데 계속 오류가 뜨는지 학습 기기 등 록이 안돼서 그런 거 같애서요,어 저 이거 인강의 티글릿으로 보려고 하는데 계속 오려 봤는데 학습끼기 종목이 안 돼서 그런 거 같애서요,어 저 이거 인강을 태블릿으로 보려고 하는데 계속 오류가 뜨는데 학습 기기 종목이 안 돼서 그런 거 같애서요
AIHub_LowQualityPhoneVoice_valid__26254,11.76470588235294,0.0,-11.76470588235294,False,학습 기기 등록이 안 되신다고요,습기기 등록이 안 되신다고요,학습 기기 등록이 안 되신다고요
AIHub_LowQualityPhoneVoice_valid__26255,7.920792079207921,1.9801980198019802,-5.9405940594059405,False,네 바로 확인해봐야 될 것 같은데요 혹시 가입하신 아이디나 핸드폰 번호 알 수 있을까요 네 성함은 어떻게 되세요 인 감사해요 회원님 지금 혹시 아이폰으로 수강 신청하시는 거 맞으세요,네 바로 확인해봐야 될 거 같은데요 혹시 가입하신 아이디나 핸드폰 번호 알 수 있을까요 역시 성함은 어떻게 되세요 인 감사해요 아니 지금 혹시 아이폰으로 수강 시정하시는 거 맞으세요,네 바로 확인해 봐야 될 것 같은데요 혹시 가입하신 아이디나 핸드폰 번호 알 수 있을까요 네 성함은 어떻게 되세요 확인 감사해요 회원님 지금 혹시 아이폰으로 수강 신청하시는 거 맞으세요
AIHub_LowQualityPhoneVoice_valid__26256,0.0,0.0,0.0,False,근데 그걸 방금 삭제했어요,근데 그걸 방금 삭제했어요,근데 그걸 방금 삭제했어요
AIHub_LowQualityPhoneVoice_valid__26257,0.0,0.0,0.0,False,해제하셨다는 말씀이시죠,해제하셨다는 말씀이시죠,해제하셨다는 말씀이시죠
AIHub_LowQualityPhoneVoice_valid__26267,26.47058823529412,20.588235294117645,-5.882352941176475,False,음 코드 사 팔 육 칠 삼이라면서 서버 오류 났다고 그러는데요,음 코드 팔 육 칠 삼이라면서 썩어 어려워졌다 그러는데요,음 코드 팔 육 칠 삼이라면서 서버 오류가 그렇는데요
AIHub_LowQualityPhoneVoice_valid__26282,20.689655172413794,10.344827586206897,-10.344827586206897,False,네 그러시면 지금 수강 다시 한번 좀 시도해보시겠어요,네 그러시면 지금 습관 다시 한 번 전시도 해보시겠어요,네 그러시면 지금 수강 다시 한번 조시도 해보시겠어요
AIHub_LowQualityPhoneVoice_valid__26316,10.38961038961039,1.2987012987012987,-9.09090909090909,False,회원님 기다려주셔서 감사합니다 혹시 그러시면 지금 구글에서 나온 휴대폰 인 거 같으신데 혹시 어 지금 픽셀 투 지금 사용하시는 부분이실까요,사님 기다려 주셔서 감사합니다 혹시 그러시면 지금 구글에서 나온 휴대폰인 거 같으신데 혹시 어 지금 엑셀 투 지금 사용하시는 부분 있을까요,회원님 기다려주셔서 감사합니다 혹시 그러시면 지금 구글에서 나온 휴대폰인 거 같으신데 혹시 어 지금 픽셀 투 지금 사용하시는 부분이실까요
AIHub_LowQualityPhoneVoice_valid__26321,50.0,20.833333333333336,-29.166666666666664,False,아 그 저 형인데 아 그 그 잘 모르겠는데요,어 그 저 상대 어 그 그 차고 왜 옮겨요,어 그 저 아닌데 어 그 그 잘 모르는데요
AIHub_LowQualityPhoneVoice_valid__26322,0.0,0.0,0.0,False,혹시 본인 아니실까요,혹시 본인 아니실까요,혹시 본인 아니실까요
AIHub_LowQualityPhoneVoice_valid__26345,5.263157894736842,0.0,-5.263157894736842,False,아이디가 제가 아까 동생을 통해서 들었는데 휴면 계정으로 아예 들어가서 그 이름을 말씀드렸더니 되더라고요 그 전화번호는 제가 어떤 전화번호로 등록을 했는지 기억이 안 나서,아이비가 제가 아까 동생을 통해서 들었는데 휴대폰 계정으로 알 들어가서 그 이름을 말씀드렸더니 되더라고요 그 전화번호는 제가 어떤 전화번호로 등록을 했는지 기억이 안 나서,아이디가 제가 아까 동생을 통해서 들었는데 휴면 계정으로 아예 들어가서 그 이름을 말씀드렸더니 되더라고요 그 전화번호는 제가 어떤 전화번호로 등록을 했는지 기억이 안 나서
AIHub_LowQualityPhoneVoice_valid__26346,35.294117647058826,0.0,-35.294117647058826,False,실례지만 성함이 어떻게 되실까요,수능 지면 생업이 어떻게 되실까요,실례지만 성함이 어떻게 되실까요
AIHub_LowQualityPhoneVoice_valid__26347,9.090909090909092,6.0606060606060606,-3.030303030303031,False,확인 감사합니다 제가 확인해볼 텐데요 잠시 기다려주시겠습니까,사긴 감사합니다 제가 확인해볼 텐데요 잠시 기다려 주시겠습니까,확인 감사합니다 제가 확인해 볼 텐데요 잠시 기다려 주시겠습니까
AIHub_LowQualityPhoneVoice_valid__26365,0.0,0.0,0.0,False,그래서 전화를 드렸거든요,그래서 전화를 드렸거든요,그래서 전화를 드렸거든요
AIHub_LowQualityPhoneVoice_valid__26371,26.47058823529412,7.8431372549019605,-18.627450980392158,False,아 네 회원님 성함이 어떻게 되실까요 네 확인감사합니다 지금 새로운 기기가 오 회 이상 등록 시도되어서 차단되신 거로 나오시는데요 지 여러 가지 기기 이용하셨던 사유를 알 수 있을까요,아 네 선생님 성함이 어떻게 되실까요 영화관 감사합니다 지금 새로운 기계가 회의상 등록쇠도 되어서 사단 대신 거로 나오시는데요 혹시 여러 가지 기 이용하셨던 차이가 있을까요,아 네 회원님 성함이 어떻게 되실까요 네 확인 감사합니다 지금 새로운 기기가 오 회 이상 등록 취소되어서 차단되신 거로 나오시는데요 혹시 여러 가지 기기 이용하셨던 차이가 알 수 있을까요
AIHub_LowQualityPhoneVoice_valid__26394,28.000000000000004,12.0,-16.000000000000004,False,과학 쪽으로 해서 저 그 나의 강의실 들어가서,과학적으로 해서 이제 우리 나이 강의실 들어가서,과학 쪽으로 해서 이제 나의 강의실 들어가서
AIHub_LowQualityPhoneVoice_valid__26438,9.67741935483871,4.838709677419355,-4.838709677419355,False,네 보안 누르신 다음에 신뢰할 수 있는 사이트에 말소를 찍어주시고 다음에 오른쪽에 사이트 에스라는 버튼 보이시죠,네 보안 누르신 다음에 실례할 수 있는 사이트에 말수를 찍어주시고 다음에 오른쪽에 사이트 s라는 버튼 보이시자,네 보안 누르신 다음에 신뢰할 수 있는 사이트의 말소를 찍어주시고 그다음에 오른쪽에 사이트에 에스라는 버튼 보이시죠
AIHub_LowQualityPhoneVoice_valid__26470,2.9850746268656714,0.0,-2.9850746268656714,False,인터넷 익스플로어를 더블 클릭하지 마시고 마우스 오른쪽으로 누르시면은 방패 모양으로 관리자 권한으로 실행이 나오실 거예요,인터넷 오플로어를 더블 클릭하지 마시고 마우스 오른쪽으로 누르시면은 방패 모양으로 관리자 권한으로 실행이 나오실 거예요,인터넷 익스플로어를 더블 클릭하지 마시고 마우스 오른쪽으로 누르시면은 방패 모양으로 관리자 권한으로 실행이 나오실 거예요
AIHub_LowQualityPhoneVoice_valid__26472,3.278688524590164,1.639344262295082,-1.639344262295082,False,인터넷 익스플로러 아이콘에다가 대고 마우스 오른쪽을 누르시면은 열기라든가 이렇게 쭉 나오는 게 있거든요 목록이,인터넷 익스플로 아이콘에다 대고 마우스 오른쪽을 누르시면은 열기라든가 이렇게 쭉 나오는 게 있거든요 목록이,인터넷 익스플로러 아이콘에다 대고 마우스 오른쪽을 누르시면은 열기라든가 이렇게 쭉 나오는 게 있거든요 목록이
AIHub_LowQualityPhoneVoice_valid__26473,81.81818181818183,18.181818181818183,-63.63636363636364,False,홈페이지 열기 있어요,뭔 공부에 의기있다야,홈페이지에 여기 있어요
AIHub_LowQualityPhoneVoice_valid__26489,41.17647058823529,11.76470588235294,-29.411764705882348,False,여기 로그인을 해야 된다고 일단,넌 노후 공연해야 된다고 일단,그 로그인을 해야 된다고 일단
AIHub_LowQualityPhoneVoice_valid__26495,7.6923076923076925,0.0,-7.6923076923076925,False,그래서 아까처럼 재생 버튼 좀 눌러봐 주시겠어요,그래서 아까처럼 재생 버튼 좀 눌러 봐주시겠어요,그래서 아까처럼 재생 버튼 좀 눌러봐 주시겠어요
AIHub_LowQualityPhoneVoice_valid__26505,61.53846153846154,26.923076923076923,-34.61538461538461,False,다시 그래서 했는데 허용이라고 눌러야 되죠 허용,사실 그래서 당문대 성형이랑 졸라 이제 장학,사실 그래서 했는데 허용이라 눌러야 되지 제가 허용
AIHub_LowQualityPhoneVoice_valid__26509,4.878048780487805,0.0,-4.878048780487805,False,그렇게 되면은 웬만해서는 재설치되진 않으실 거라 그대로 쭉 이용이 되실 거고 혹시라도 계속해서 재생이 안 되거나 하면은 다시 문의 좀 주시면 되세요,그렇게 되면은 웬만해서는 제설지되진 않으실 거라 그대로 쭉 이용이 되실 거고 혹시라도 계속해서 재생이 안 되거나 하면은 다시 문을 좀 주시면 되지요,그렇게 되면은 웬만해서는 재설치되진 않으실 거라 그대로 쭉 이용이 되실 거고 혹시라도 계속해서 재생이 안 되거나 하면은 다시 문의 좀 주시면 되세요
AIHub_LowQualityPhoneVoice_valid__26513,6.451612903225806,12.903225806451612,6.451612903225806,False,그 그냥 기기처럼 쓰려고 하는데 그건 어떻게 하는 건가요,그 그냥 기질처럼 쓸려고 하는데 그건 어떻게 하는 건가요,그 그냥 기기집처럼 쓸려고 하는데 그거는 어떻게 하는 건가요
AIHub_LowQualityPhoneVoice_valid__26527,10.0,0.0,-10.0,False,어 선생님 거 저기 강의를 신청했는데,어 선생님 거 저기 강의를 시정했는데,어 선생님 거 저기 강의를 신청했는데
AIHub_LowQualityPhoneVoice_valid__26533,23.456790123456788,6.172839506172839,-17.28395061728395,False,네 내 강의실 보시면 이제 회원님 이름하고 즐겨 찾는 강좌 수강 강좌 전체 보기 이렇게 보이실 거예요 그러면 수강 강좌 전체 보기를 누르시면 지금,네강이셀 보시면 이제 세호님 이름하고 들겨찾는 강자 수강 강자 전체 보기 이렇게 보여줄 거에요 그러면 수강 강자 전체 보기로 눌러주면 지금,내 강의실 보시면 이제 회원님 이름하고 즐겨찾는 강좌 수강 강좌 전체 보기 이렇게 보이실 거예요 그러면 수강 강좌 전체 보기로 눌르시면 지금
AIHub_LowQualityPhoneVoice_valid__26548,5.263157894736842,10.526315789473683,5.263157894736842,False,예 지금 옆에서 얘기가 하고 있어요,네 지금 옆에서 얘기가 하고 있어요,네 지금 옆에서 애기가 하고 있어요
AIHub_LowQualityPhoneVoice_valid__26550,54.54545454545454,9.090909090909092,-45.454545454545446,False,그 오늘 결제했는데요,네 오늘 잘 돼 있는데요,네 오늘 결제했는데요
AIHub_LowQualityPhoneVoice_valid__26565,17.391304347826086,0.0,-17.391304347826086,False,어머니 혹시 저희 플레이어 재설치하셨을까요,어머님이 저희 저희 플레이어 재설치하셨을까요,어머니 혹시 저희 플레이어 재설치하셨을까요
AIHub_LowQualityPhoneVoice_valid__26571,5.128205128205128,2.564102564102564,-2.564102564102564,False,네 익스플로러로 지금 로그인해보시고 그 강의 열리는지 확인 가능하실까요,네 익스플로로로 지금 로그인해 보시고 그 강의 열리는지 확인 가능하실까요,네 익스플로러로 지금 로그인해 보시고 그 강의 열리는지 확인 가능하실까요
AIHub_LowQualityPhoneVoice_valid__26575,15.384615384615385,0.0,-15.384615384615385,False,아 저 제가요 저희들이요,아 제가요 저희들이요,아 저 제가요 저희들이요
AIHub_LowQualityPhoneVoice_valid__26587,0.0,14.285714285714285,14.285714285714285,False,네 감사합니다,네 감사합니다,예 감사합니다
AIHub_LowQualityPhoneVoice_valid__26594,27.27272727272727,0.0,-27.27272727272727,False,아 근데 그게 다 그,안데 그게 다 그,아 근데 그게 다 그
AIHub_LowQualityPhoneVoice_valid__26597,36.36363636363637,0.0,-36.36363636363637,False,근데 이천 십 구 년에 이용하셨던 걸로 확인되시는데 맞으세요,근데 이천 십 구 년에 영화 시통을 확인 되시는데 마주세여,근데 이천 십 구 년에 이용하셨던 걸로 확인되시는데 맞으세요
AIHub_LowQualityPhoneVoice_valid__26598,17.391304347826086,4.3478260869565215,-13.043478260869565,False,네 일단 저희가 회원님은 아니시겠지만 그 계정 자체를 공유하거나 그 교재를 좀 양도 판매하시는 분들 있어가지고 이런 제한 두고 있는 거다 보니까 양해 좀 부탁드리고요,네 일단 저희가 형님은 아니시겠지만 그 계정 자체를 공유하고는 교재를 양도 판매하신 분이 있어가지고 의원 제한 두고 있는 거다 보니까 양해 좀 부탁드립니다,네 일단 저희가 회원님은 아니시겠지만 그 계정 자체를 공유하고는 그 교재를 좀 양도 판매하시는 분들이 있어가지고 이런 제한을 두고 있는 거다 보니까 양해 좀 부탁드리고요
AIHub_LowQualityPhoneVoice_valid__26609,0.0,0.0,0.0,False,네 감사합니다,네 감사합니다,네 감사합니다
AIHub_LowQualityPhoneVoice_valid__26626,9.375,0.0,-9.375,False,저기 카드 번호 이렇게 알려주고 이렇게 결제는 안 되는가요,이렇게 카드 번호 이렇게 알려주고 이렇게 결제는 안 되는가요,저기 카드 번호 이렇게 알려주고 이렇게 결제는 안 되는가요
AIHub_LowQualityPhoneVoice_valid__26648,11.11111111111111,5.555555555555555,-5.555555555555555,False,네 그쵸 그쵸 지금 보고 계신 거 자체가 피씨 버전에 화면을 보고 계신 건데 그럼 피씨 버전을 보시면 또 피씨에서만 가능한 결제 창이 떠버리거든요 네 그 결제 창은 모바일이기 때문에 안 뜨는 상황이신 거라서 이거는 컴퓨터로 접속을 한번 해주셔야 될 것 같애요,네 그렇죠 저 지금 보고 계신 거 자체가 피씨버전의 화면을 보고 계신 건데 그러 피씨버전을 보시면 또 피씨에서만 가능한 결제창이 떠 버리거든요 요즘 그 결제창은 모바일이기 때문에 안 뜨는 상황이신 거라서 뭐는 컴퓨터로 접속을 한번 해주셔야 될 거 같애요,네 그쵸 지금 보고 계신 거 자체가 피씨 버전에 화면을 보고 계신 건데 그렇게 피씨 버전을 보시면 또 피씨에서만 가능한 결제 창이 떠버리거든요 그 결제 창은 모바일이기 때문에 안 뜨는 상황이신 거라서 그거는 컴퓨터로 접속을 한번 해주셔야 될 것 같애요
AIHub_LowQualityPhoneVoice_valid__26673,9.67741935483871,3.225806451612903,-6.451612903225807,False,네 확인 감사합니다 혹시 어떤 것 때문에 문의 주셨을까요,네 확인 감사합니다 혹시 어떤 거 때문에 문의 취했을까요,네 확인 감사합니다 혹시 어떤 거 때문에 문의 주셨을까요
AIHub_LowQualityPhoneVoice_valid__26681,45.0,30.0,-15.0,False,본인이 쓰는 게 고장이 났었어요 그서,언니 쓰는 게 고정이 나셨어요,본인이 쓰는 게 고장이 나셔서요
AIHub_LowQualityPhoneVoice_valid__26691,27.77777777777778,16.666666666666664,-11.111111111111114,False,근데 그분 하루종일 우리 애기가 연락을 취했는데 연락이 안 된대요,근데 고거네 오늘 하루종일 우리집어 연락을 취했는데 연락이 안 된대요,근데 그분한테 오늘 하루 종일 우리 애기가 연락을 취했는데 연락이 안 된대요
AIHub_LowQualityPhoneVoice_valid__26711,9.195402298850574,1.1494252873563218,-8.045977011494251,False,이제 해지를 진행해주시고 회원님한테 말씀드려야 되는 거라서 지금 통화 중인 회원님한테 말씀드려야 되는 거라서 저희가 정확히 언제쯤 풀릴지는 확인이 어려우세요,이제 해제를 진행해주시고 선생님께 말씀 드려야 되는 거라서 지금 통화 중인 형님한테 말씀드려야 되는 거라서 저희가 정확히 언제쯤 풀릴지는 확인이 어려우세요,이제 해제를 진행해주시고 회원님한테 말씀드려야 되는 거라서 지금 통화 중인 회원님한테 말씀드려야 되는 거라서 저희가 정확히 언제쯤 풀릴지는 확인이 어려우세요
AIHub_LowQualityPhoneVoice_valid__26714,25.0,0.0,-25.0,False,하루하루가 급한데 지금,화로 하루가 급한데 지금,하루하루가 급한데 지금
AIHub_LowQualityPhoneVoice_valid__26763,40.0,15.0,-25.0,False,일단은 아까 그 화면 다시 가보실게요,일단 약간 그거 하면 다시 가고 싶게요,일단은 아까 그거 한번 다시 가보실게요
AIHub_LowQualityPhoneVoice_valid__26773,18.421052631578945,21.052631578947366,2.6315789473684212,False,언어 및 여긴 입력으로 돼 있는데 이거 하면 되는 건가요 지금 볼 때,언어빗 여긴 인력으로 돼 있는데 이거 하면 되는 건가요 지볼드,언어비 여긴 입력으로 돼있는데 이거 하면 되는 건가요 지보드
AIHub_LowQualityPhoneVoice_valid__26777,18.96551724137931,15.517241379310345,-3.4482758620689644,False,언어 및 입력인데요 지역은 안 나오는데 어 잠깐만요 요거 아무리 봐도 지역이 안 나와서 네 지역이 없는데,언어미 인력인데요 지역은 안 나오는데 아 잠깐만요 여긴 아무리 볼 때 지역에 안 나와서 네 지역에 없는데,언어민 입력인데요 기억은 안 나오는데 어 잠깐만요 요건 아무리 봐도 기억이 안 나와서 네 기억이 없는데
AIHub_LowQualityPhoneVoice_valid__26779,7.6923076923076925,7.6923076923076925,0.0,False,네 어 위치는 아닌 거죠,네 음 위치는 아닌 거죠,네 음 위치는 아닌 거죠
AIHub_LowQualityPhoneVoice_valid__26781,0.0,0.0,0.0,False,예 위치 그냥 위치 사용인데,예 위치 그냥 위치 사용인데,예 위치 그냥 위치 사용인데
AIHub_LowQualityPhoneVoice_valid__26794,43.47826086956522,17.391304347826086,-26.086956521739133,False,근데 여기 깔은 게 없거든요 근데 이상하네,손매 여기 까먹없거긴 해요 근데 이상하네,근데 여기 까문 없거든요 근데 이상하네
AIHub_LowQualityPhoneVoice_valid__26824,10.975609756097562,0.0,-10.975609756097562,False,아니시면 회원님께서 다른 아이디가 있으신 건 아닐까요 이게 실제적으로 다른 분의 다른 아이디에 그 기기가 등록이 되어 있어서 그렇게 나오시는 거예요,안녕하세요 회원님께서 다른 아이디가 있으신 건 아닐까요 이게 세대동으로 다른 분에 다른 아이디에 그 기기가 등록이 되어 있어서 그렇게 나오시는 거예요,아니시면 회원님께서 다른 아이디가 있으신 건 아닐까요 이게 실제적으로 다른 분의 다른 아이디에 그 기기가 등록이 되어 있어서 그렇게 나오시는 거예요
AIHub_LowQualityPhoneVoice_valid__26834,11.29032258064516,3.225806451612903,-8.064516129032256,False,네 저 이전에 쓰셨던 그 핸드폰으로 다른 아이디에 접속한 적이 있는지까지 그럼 보셔야 되는 거예요 애플사 기기는,예서 이전에 쓰셨던 그 핸드폰으로 다른 아이디에 접속한 적이 있는지까지 그럼 보셔야 되는 거예요 애플샵이기면,네 저 이전에 쓰셨던 그 핸드폰으로 다른 아이디에 접속한 적이 있는지까지 그럼 보셔야 되는 거예요 애플 사 기기면
AIHub_LowQualityPhoneVoice_valid__26856,76.0,1168.0,1092.0,False,어 이게 안 되고요 누르면은 그런 거 누르면은,뭐 여행이 없 원래 현까하고 노는 거냐,어 열 시 누락 누락 누락 누락 누락 누락 누락 누락 누락 누락 누락 누락 누락 누락 누락 누락 누락 누락 누락 누락 누락 누락 누락 누락 누락 누락 누락 누락 누락 누락 누락 누락 누락 누락 누락 누락 누락 누락 누락 누락 누락 누락 누락 누락 누락 누락 누락 누락 누락 누락 누락 누락 누락 누락 누락 누락 누락 누락 누락 누락 누락 누락 누락 누락 누락 누락 누락 누락 누락 누락 누락 누락 누락 누락 누락 누락 누락 누락 누락 누락 누락 누락 누락 누락 누락 누락 누락 누락 누락 누락 누락 누락 누락 누락 누락 누락 누락 누락 누�
AIHub_LowQualityPhoneVoice_valid__26879,5.0,0.0,-5.0,False,아 네 회원님 성함이 어떻게 되실까요,아 네 의원님 성함이 어떻게 되실까요,아 네 회원님 성함이 어떻게 되실까요
AIHub_LowQualityPhoneVoice_valid__26886,0.0,0.0,0.0,False,네 지금 얘기하고 있는데요,네 지금 얘기하고 있는데요,네 지금 얘기하고 있는데요
AIHub_LowQualityPhoneVoice_valid__26890,14.285714285714285,0.0,-14.285714285714285,False,확인 감사합니다 회원님 차단 해제는 되셔서 지금 기기 등록은 가능하신데요 이게 초기화가 될 때마다 새로운 기기처럼 등록 시도되는 거다 보니까 가급적이면은 초기화 없이 이용 진행 부탁드릴게요,마킨 감사합니다 면이 차단해대는 되셔서 지금 기계 등록은 가능하신대요 초기화가 될 때마다 새로운 기계처럼 등록시도 되는 거다 보니까 가급적이면은 초기화 없이 이용 진행 부탁드릴게요,확인 감사합니다 회원님 차단 해제는 되셔서 지금 기기 등록은 가능하신데요 이게 초기화가 될 때마다 새로운 기기처럼 등록 시도되는 거다 보니까 가급적이면은 초기화 없이 이용 진행 부탁드릴게요
AIHub_LowQualityPhoneVoice_valid__26920,4.545454545454546,1.5151515151515151,-3.0303030303030307,False,등록이라는 게 저희가 그 다운로드받을 수 있는 기기는 한 가지로 차단되고 스트리밍에서 듣는 거에는 따로 제한은 없거든요,등록이라는 게 저희가 그 다운로드 받을 수 있는 기 기는 한 가지로 차산되고 스트리밍에서 듣는 거에는 따로 제한은 없거든요,등록이라는 게 저희가 그 다운로드 받을 수 있는 기기는 한 가지로 차단되고 스트리밍에서 듣는 거에는 따로 제한은 없거든요
AIHub_LowQualityPhoneVoice_valid__26924,57.14285714285714,0.0,-57.14285714285714,False,예 그거 제외해주시면 돼요,네 그거 제일 어려운 데야,예 그거 제외해주시면 돼요
AIHub_LowQualityPhoneVoice_valid__26928,24.324324324324326,10.81081081081081,-13.513513513513516,False,네 회원님 등록 해제해드렸고요 따 따른 기기 인제 등록하시면 되세요,에 에언님 등록해도 해드렸고요 나 따른 길이 인제 등록하시면 되세요,네 회원님 등록 해제해 드렸고요 다 다른 기기 이제 등록하시면 되세요
AIHub_LowQualityPhoneVoice_valid__26951,40.0,16.666666666666664,-23.333333333333336,False,음 그면 이거로다 저거로다 이렇게 해도 상관없는 거예요,음 그면 이거를 따 적어놓을 따 얘기해서 상관없는 거예요,음 그면 이거를 다 적어뒀다 이렇게 해도 상관없는 거예요
AIHub_LowQualityPhoneVoice_valid__26980,15.384615384615385,0.0,-15.384615384615385,False,아 지금요 네 알겠습니다,아 지금요 네 있습니다,아 지금요 네 알겠습니다
AIHub_LowQualityPhoneVoice_valid__26983,18.75,0.0,-18.75,False,오류 코드를 알려드리면 될까요,오 육 고드를 알려드리면 될까요,오류 코드를 알려드리면 될까요
AIHub_LowQualityPhoneVoice_valid__26985,25.0,12.5,-12.5,False,천이라고 하셨죠,탄이라고 하셨더,천이라고 하셨던
AIHub_LowQualityPhoneVoice_valid__26996,0.0,0.0,0.0,False,네 맞습니다,네 맞습니다,네 맞습니다
AIHub_LowQualityPhoneVoice_valid__27000,34.48275862068966,13.793103448275861,-20.689655172413797,False,아니 아니요 그걸 따로 이용은 안 하시는 거죠 네 네,아니 이제 그 거기 따로 인용을 안 하시는 거죠 네,아니요 아니요 그거에 따로 이용을 안 하시는 거죠 네 네
AIHub_LowQualityPhoneVoice_valid__27002,27.77777777777778,33.33333333333333,5.55555555555555,False,어제 아침에 보니까 안 되더라고요,어제 아침에 소 소 보니까 안 되더라구요,어제 아침에 도서 도서 보니까 안 되더라고요
AIHub_LowQualityPhoneVoice_valid__27004,5.263157894736842,2.631578947368421,-2.631578947368421,False,예 에러 뜨고 일시적인 오류가 발생하였습니다 잠시 후 다시 시도해 주세요 이렇게 뜨고 네 노트북도 되거든요 집에 와서 노트북으로 들었는데,네 에로 뜨고 일시적인 오류가 발생하였습니다 잠시 후 다시 쉬시도록 주세요 이렇게 뜨고 네 노트북도 되거든요 집에 와서 노트북으로 들었는데,예 에로 뜨고 일시적인 오류가 발생하였습니다 잠시 후 다시 시도해주세요 이렇게 뜨고 네 노트북도 되거든요 집에 와서 노트북으로 들었는데
AIHub_LowQualityPhoneVoice_valid__27014,100.0,0.0,-100.0,False,네 네 맞아요,슬레 레밭 아이아,네 네 맞아요
AIHub_LowQualityPhoneVoice_valid__27023,10.0,10.0,0.0,False,어 아직 안되시나요,어 아직 안 되시나요,어 아직 안 되시나요
AIHub_LowQualityPhoneVoice_valid__27028,11.538461538461538,23.076923076923077,11.538461538461538,False,저희가 왜냐면 확인하고 다시 연락을 드릴 거라서,어 왜냐면 확인하고 다시 연락을 드릴 거라서,그럼 이제 확인하고 다시 연락을 드릴 거라서
AIHub_LowQualityPhoneVoice_valid__27029,19.444444444444446,11.11111111111111,-8.333333333333336,False,혹시 네트워크 환경 지금 되어 있으신 거죠 그 와이파이나 데이터로,아니 혹시 네크 그 환경 지금 되어 있으신 거다 그 와이파이나 데이터로,회원님 혹시 네트워크 환경 지금 되어 있으신 거죠 그 와이파이나 데이터로
AIHub_LowQualityPhoneVoice_valid__27039,10.344827586206897,6.896551724137931,-3.448275862068966,False,횐님 이거 확인한 후에 다시 한번 연락을 드릴 거예요,언니 이거 확인한 후에 다시 한 번 연락을 드릴 거예요,회원님 이거 확인한 후에 다시 한번 연락을 드릴 거예요
AIHub_LowQualityPhoneVoice_valid__27043,0.0,0.0,0.0,False,네 감사합니다,네 감사합니다,네 감사합니다
AIHub_LowQualityPhoneVoice_valid__27049,21.428571428571427,0.0,-21.428571428571427,False,되어 있으신 거 맞으시고요,헤어있으신 거 맞으시구요,되어 있으신 거 맞으시고요
AIHub_LowQualityPhoneVoice_valid__27060,0.0,9.090909090909092,9.090909090909092,False,어 아직도 안 되세요,어 아직도 안 되세요,어 아직도 안 뜨세요
AIHub_LowQualityPhoneVoice_valid__27062,8.0,0.0,-8.0,False,회원님 혹시 그 와이파이 사용하시고 계신 거죠,선생님 혹시 그 와이파이 사용하시고 계신 거죠,회원님 혹시 그 와이파이 사용하시고 계신 거죠
AIHub_LowQualityPhoneVoice_valid__27063,9.67741935483871,9.67741935483871,0.0,False,아 맞으세요 지금 노트북이랑 다 되어 있으신다고 하셨구요,아 안녕하세요 지금 노트북이랑 다 되어 있으신다고 하셨구요,아 그러세요 지금 노트북이랑 다 되어 있으신다고 하셨고요
AIHub_LowQualityPhoneVoice_valid__27067,12.162162162162163,7.4324324324324325,-4.729729729729731,False,어 그러면 저희 제일 마지막 방법이긴 한데 그 중요 파일 백업하고 나서 이제 단말기 초기화를 진행하시고 다시 이용해주셔야 될 것 같으세요 같애요 저희 쪽에서 뭐 이제 보유 중인 모든 기기로도 테스트 진행 시에도 이제 어플 자체에는 오류 없는 상태로 확인이 되시거든요,어 그러면 저희 제 마지막 담보 휴이긴 한데 그 중요 파일 빼고 파고 나서 이제 단말기 초기화를 진행하시고 다시 이용해 주셔야 될 거 같으세요 저희 쪽에서 뭐 이제 보유 중인 모든 기기로도 테스트 진행 시에도 이제 어플 자체는 올해 없는 상태로 확인이 되시거든요,어 그러면 저희 제일 마지막 단보 휴긴 한데 그 중요 파일 백업하고 나서 이제 단말기 초기화를 진행하시고 다시 이용해주셔야 될 것 같으세요 저희 쪽에서 이제 보유 중인 모든 기기로도 테스트 진행 시에도 이제 어플 자체는 오류 없는 상태로 확인이 되시거든요
AIHub_LowQualityPhoneVoice_valid__27069,35.714285714285715,38.095238095238095,2.3809523809523796,False,이제 막 진짜 갑자기 어는 날 갑 어제 갑자기 이런 보니까 안 되는 거거든요,제가 진짜 갑자기 어느 날 가 어제 갑자기 기간을 들도 못 보 보니까 안 되는 거거든요,제가 진짜 갑자기 오는 날 어제 갑자기 기간을 둘 다 보니까 안 되어 있는 거거든요
AIHub_LowQualityPhoneVoice_valid__27081,50.0,0.0,-50.0,False,이메일 주소랑 고등학교 이름 생년월일 어떻게 되세요,매일 기소랑 고등학교 일은 생년월에,이메일 주소랑 고등학교 이름 생년월일 어떻게 되세요
AIHub_LowQualityPhoneVoice_valid__27093,14.285714285714285,4.761904761904762,-9.523809523809522,False,저 여기에 저거 아직 개봉을 안 했는데,저 여기에 저 그 아직 개봉 안 했는데,저 여기에 저 아직 개봉을 안 했는데
AIHub_LowQualityPhoneVoice_valid__27095,25.0,18.75,-6.25,False,아니요 제가 저거 그거 이거를,아니요 제가 지금 그 그 이거를,아니요 제가 지금 그 이거를
AIHub_LowQualityPhoneVoice_valid__27103,4.761904761904762,4.761904761904762,0.0,False,네 태블릿에서 그걸 뺄 수 있나 이거죠,이 태블릿에서 그걸 뺄 수 있나 이거죠,이 태블릿에서 그걸 뺄 수 있나 이거죠
AIHub_LowQualityPhoneVoice_valid__27104,19.35483870967742,6.451612903225806,-12.903225806451614,False,네 저희가 스마트 탭 전용 런처 프로그램 해제가 되시면 유튜브나 카카오톡같이 일반 어플들을 사용하실 수 있으세요,에 저희가 스멜트셉 전용 런처 프로그램 헤드가 되시면 튜브나 사과 업톡 같이 일반 어플들을 사용하실 수 있으세요,네 저희가 스마트 탭 전용 런처 프로그램 해제가 되시면 유튜브나 사카웃 톡 같이 일반 어플들을 사용하실 수 있으세요
AIHub_LowQualityPhoneVoice_valid__27116,12.195121951219512,4.878048780487805,-7.317073170731708,False,아 네 그 학습 기기 다섯 번 변경했다고 해서 안 들어가져서요 해야 하나요,아 네 그 학습기계 다섯 번 동경했다고 해서 안 들어가져서요 걔 하나요,아 네 그 학습 기기 다섯 번 변경했다고 해서 안 들어가져서요 개 하나요
AIHub_LowQualityPhoneVoice_valid__27123,10.526315789473683,5.263157894736842,-5.263157894736842,False,회원님 생년월일 한번만 말씀해주세요,대원님 생년월일 한 번만 말씀해주세요,회원님 생년월일 한번만 말씀해 주세요
AIHub_LowQualityPhoneVoice_valid__27128,33.33333333333333,0.0,-33.33333333333333,False,지금 차단 해제 처리 완료되셨어요,여는 사단 회색 처리 완료하셨어요,지금 차단 해제 처리 완료되셨어요
AIHub_LowQualityPhoneVoice_valid__27131,0.0,0.0,0.0,False,네 아이패드로,네 아이패드로,네 아이패드로
AIHub_LowQualityPhoneVoice_valid__27134,47.05882352941176,11.76470588235294,-35.29411764705882,False,어 그 아이패드 에잇을 해주세요,아 그 아이패드 에이져,어 그 아이패드 에잇을 해드려요
AIHub_LowQualityPhoneVoice_valid__27144,0.0,0.0,0.0,False,네 감사합니다,네 감사합니다,네 감사합니다
AIHub_LowQualityPhoneVoice_valid__27152,32.0,16.0,-16.0,False,학생 회원님 해안 핸드폰 번호 한번만 말씀해주,학생회장님 혜화 핸드폰 번호 한 번만 말씀해 주세요,학생 회원님 회원 핸드폰 번호 한 번만 말씀해
AIHub_LowQualityPhoneVoice_valid__27164,18.181818181818183,0.0,-18.181818181818183,False,아니요 아니요 아니요,아니 아니 아니요,아니요 아니요 아니요
AIHub_LowQualityPhoneVoice_valid__27165,19.230769230769234,15.384615384615385,-3.8461538461538485,False,네 이미 회원님은 누적 이력 오 회가 있으셔 추후에 새로운 기기를 등록하시면 재차단이 되실 수,네 이미 회원님은 누적 이력 오 회가 슬셧머스 추어에 새로운 기기를 등록하시면 차단이 되실 수 있으라,네 이미 회원님은 누적 이력 오 회가 뜨셔서 추후에 새로운 기기를 등록하시면 재차단이 되실 수 있으세요
AIHub_LowQualityPhoneVoice_valid__27172,0.0,0.0,0.0,False,잠시만 기다려주세요,잠시만 기다려주세요,잠시만 기다려주세요
AIHub_LowQualityPhoneVoice_valid__27173,0.0,0.0,0.0,False,관계가 어떻게 될까요,관계가 어떻게 될까요,관계가 어떻게 될까요
AIHub_LowQualityPhoneVoice_valid__27198,9.090909090909092,5.454545454545454,-3.6363636363636376,False,네 가입자분에게 연락되시면 런처 해제 관련해서 하시고 지금 전화 주신 분이 전화를 받으신 것 같아요,가입자분에게 연락되시면 런터 해제 관련해서 해 하시고 지금 전화 주신 분이 전화를 받으신 것 같아요,그 가입자분에게 연락되시면 런처 해제 관련해서 해 하시고 지금 전화 주신 분이 전화를 받으신 것 같아요
AIHub_LowQualityPhoneVoice_valid__27207,16.25,6.25,-10.0,False,네 초기화 해야지 문제를 알 수 있다고 그래서 지금 초기화를 하고 오전에 하기로 했거든요 그러면 한 다음에 이 런처 프로그램을 어떻게 해야 되죠,에 초교화 해야지 문제를 알 수 있다고 그래서 지금 초교화를 우선하기로 했거든요 그러면 한 다음에 이 런터 프로그램을 어떻게 해야겠죠,예 초기화해야지 문제를 알 수 있다고 그래서 지금 초기화를 하고 우선 하기로 했거든요 그러면 한 다음에 이 런처 프로그램을 어떻게 해야 되죠
AIHub_LowQualityPhoneVoice_valid__27209,16.666666666666664,13.333333333333334,-3.3333333333333304,False,지금 해당 핸드폰 번호로는 저희 쪽에 가입된 아이디 조회가 안 되시는데 혹시 다른 휴대폰 번호가 있으셨을까요,지금 해당 핸드폰 번호론 저희 쪽에 가입되어 있는 아이디 조회가 안 되시는데 혹시 그 날 휴대폰 번호가 있으셨을까요,지금 해당 핸드폰 번호론 저희 쪽에 가입되어 있는 아이디 조회가 안되시는데 혹시 다른 휴대폰 번호가 있으셨을까요
AIHub_LowQualityPhoneVoice_valid__27237,16.666666666666664,0.0,-16.666666666666664,False,어 이거 확인되는 대로 바로 전화드릴 거예요,어 이거 확인되는 데 바로 전화 드릴 거에요,어 이거 확인되는 대로 바로 전화드릴 거예요
AIHub_LowQualityPhoneVoice_valid__27242,7.894736842105263,5.263157894736842,-2.6315789473684212,False,제 초기화가 되셨으면 이제 구글 스토어 요런 게 사용이 가능하시잖아요,이제 초기가가 되셨으면 이제 구글 스토어 이런 게 사용이 가능하시잖아요,이제 초기화가 되셨으면 이제 구글스토어 요런 게 사용이 가능하시잖아요
AIHub_LowQualityPhoneVoice_valid__27246,13.043478260869565,21.73913043478261,8.695652173913045,False,이것 땜에 제가 고치러 이것만 가지고 와서,이것 땜에 제가 고칠 얻 이것만 가지고 와서,이것 땜에 제가 구 칠 원 이것만 가지고 와서
AIHub_LowQualityPhoneVoice_valid__27253,3.8461538461538463,1.9230769230769231,-1.9230769230769231,False,그리고 지금 좀 전에도 여기 와서 하니까 제 저희가 터치 문제로 여러 번 그 전화를 드렸잖아요,그리고 지금 쯤 전에도 여기 와서 하니까 제가 저희가 터치 문제로 여러 번 그 전화를 드렸잖아요,그리고 지금 좀 전에도 여기 와서 하니까 제가 저희가 터치 문제로 여러 번 그 전화를 드렸잖아요
AIHub_LowQualityPhoneVoice_valid__27258,6.25,0.0,-6.25,False,이런 경우가 많은 건가요 지금,이런 경운가 많은 건가요 지금,이런 경우가 많은 건가요 지금
AIHub_LowQualityPhoneVoice_valid__27259,6.976744186046512,4.651162790697675,-2.325581395348837,False,지금 저는 제가 상담을 하면서는 이 부분으로 저는 처음 통화를 짐 받아 봤고요,지금 저는 제가 상담을 하면서는 이 부분으로 저는 처음 통화를 지금 받아와 봤고요,지금 저는 제가 상담을 하면서는 이 부분으로 저는 처음 통화를 지금 받아 봤고요
AIHub_LowQualityPhoneVoice_valid__27261,7.6923076923076925,0.0,-7.6923076923076925,False,그냥 일반으로 들어가서 해야 되고 이 프로그램이,그냥 일반으로 들어가 쎄야 되고 이 프로그램이,그냥 일반으로 들어가서 해야 되고 이 프로그램이
AIHub_LowQualityPhoneVoice_valid__27277,25.71428571428571,8.571428571428571,-17.14285714285714,False,그러면 제가 이 번호로 통화를 할 수 있는 건 몇 시까지인가요 제가 전화번호를 그때 어 이 일로 전화를 하라 그럴게요 아이한테,그러면 그니까 이 번호로 통화를 하시는 건 몇 시까진가요 제가 전화번호를 그때 어 일 일로 전활 하라고 그렇게 아예 한테,그러면 제가 이 번호로 통화를 할 수 있는 건 몇 시까지인가요 제가 전화번호를 그때 어 일 일로 전화를 하라고 그렇게 아예 한테
AIHub_LowQualityPhoneVoice_valid__27279,10.0,5.0,-5.0,False,지금 통화하신 분하고 전화가 된 게요,금 통화하신 분하고 전화가 된게요,지금 통화하신 분하고 전화가 된게요
AIHub_LowQualityPhoneVoice_valid__27290,20.0,20.0,0.0,False,통화 종료하겠습니다,통화 정리하겠습니다,네 통화 종료하겠습니다
AIHub_LowQualityPhoneVoice_valid__27297,61.53846153846154,15.384615384615385,-46.15384615384615,False,네 이거 제외해 드릴게요,네 이것 제,네 이것 제외해드릴게요
AIHub_LowQualityPhoneVoice_valid__27298,10.344827586206897,0.0,-10.344827586206897,False,십 분 뒤에 로그인하시면 정상적으로 로그인되실 거예요,십 분 뒤에 로그인하시면 정관적으로 로그인 되실 거에요,십 분 뒤에 로그인하시면 정상적으로 로그인되실 거예요
AIHub_LowQualityPhoneVoice_valid__27300,17.5,7.5,-10.0,False,어 그 기기 등록 다 다섯 회 이상 돼 가지고 아이디가 제한 받아가지고요,저 그 기기 등록 다 다섯 회 이상 돼가지고 id가 제한받아가지구요,저 그 기기 등록 다 다섯 회 이상 돼가지고 아이디가 제한받아가지고요
AIHub_LowQualityPhoneVoice_valid__27319,53.333333333333336,26.666666666666668,-26.666666666666668,False,그 세븐 플러스 지워 주세요,그 세븐 클럽 스토어 배워두세요,그 세븐 클러스 지원이세요
AIHub_LowQualityPhoneVoice_valid__27323,28.57142857142857,0.0,-28.57142857142857,False,네 감사합니다,감사합니다,네 감사합니다
AIHub_LowQualityPhoneVoice_valid__27325,8.333333333333332,0.0,-8.333333333333332,False,그때 받은 갤럭시 탭이,그때 받은 갤럭시 캡이,그때 받은 갤럭시 탭이
AIHub_LowQualityPhoneVoice_valid__27337,16.0,8.0,-8.0,False,그거를 이제 다시 해 주셔 가지고 들어 주시면,그거를 이제 다시 해주셔가지고 들어주시면은,그거를 이제 다시 해주셔 가지고 들어주시면
AIHub_LowQualityPhoneVoice_valid__27338,66.66666666666666,5.555555555555555,-61.1111111111111,False,아 그 뭐 듣는 거 상관없는 거죠,아 왜 뭐 들느가 단가를,아 그 뭐 듣는 건 상관없는 거죠
AIHub_LowQualityPhoneVoice_valid__27343,15.789473684210526,5.263157894736842,-10.526315789473685,False,그런데 뭐 이거를 뭐 어떻게 할 수 있는 방법이 없잖아요 그죠 이거는,그런데 뭐 이걸 뭐 어떻게 할 수 있는 방법이 없잖아요 그죠,그런데 뭐 이거를 뭐 어떻게 할 수 있는 방법이 없잖아요 그죠 이거 나
AIHub_LowQualityPhoneVoice_valid__27350,15.555555555555555,6.666666666666667,-8.88888888888889,False,그래서 연결이 잘 되시는 환경에서 원격을 진행해 주셔야 되는데 이 점 동의하시나요,그래서 연결이 잘 되시는 환경에서 원격을 진행해주셔야 되는데 이 정도면 좋으시나요,그래서 연결이 잘 되시는 환경에서 원격을 진행해주셔야 되는데 이 내용 동의하시나요
AIHub_LowQualityPhoneVoice_valid__27351,14.893617021276595,2.127659574468085,-12.76595744680851,False,그러면은 저희가 원격 예약 시간 접아드릴 텐데 혹시 연락받으실 분 번호 어떻게 되세요,그러면은 저희가 원장 예약 시간 잡아 드릴 텐데 혹시 연락 사주실 분 번호 어떻게 드세요,그러면은 저희가 원격 예약 시간 잡아드릴 텐데 혹시 연락받으실 분 번호 어떻게 되세요
AIHub_LowQualityPhoneVoice_valid__27359,40.0,0.0,-40.0,False,네 알겠습니다 지금은 전화하는 거네요,네 알겠습니다 찍으면 잘하는 사람아요,네 알겠습니다 지금은 전화하는 거네요
AIHub_LowQualityPhoneVoice_valid__27379,5.714285714285714,0.0,-5.714285714285714,False,네 그래서 어머님이나 아버님이 직접 전화 주실 수 있을까요 혹시,네 그래서 어머님이나 어머님이 직접 전화 주실 수 있을까요 혹시,네 그래서 어머님이나 아버님이 직접 전화 주실 수 있을까요 혹시
AIHub_LowQualityPhoneVoice_valid__27408,20.0,20.0,0.0,False,한 아이디 아니요 돼요 돼요,한 아이디 그냥 돼요 돼요,하나 아이디요 아니요 돼요 돼요
AIHub_LowQualityPhoneVoice_valid__27415,22.5,2.5,-20.0,False,제가 제 그걸로 안내를 해 드리는 게 제일 회원님도 그렇고 편하실 거예요,제 제 그걸로 아내를 해드린 게 제일 회장님도 그러고 흔하실 거에요,제가 제 그걸로 안내를 해드리는 게 제일 회원님도 그렇고 편하실 거예요
AIHub_LowQualityPhoneVoice_valid__27445,0.0,0.0,0.0,False,뭐를 설치해야 되는 거죠,뭐를 설치해야 되는 거죠,뭐를 설치해야 되는 거죠
AIHub_LowQualityPhoneVoice_valid__27463,0.0,0.0,0.0,False,뭐가 달라요,뭐가 달라요,뭐가 달라요
AIHub_LowQualityPhoneVoice_valid__27465,57.14285714285714,21.428571428571427,-35.71428571428571,False,지금 콜러스 플레이어하고요,지금 콜라스 풀로 이 이어 하구요,지금 콜러스 플로리하고요
AIHub_LowQualityPhoneVoice_valid__27479,0.0,0.0,0.0,False,그게 뭐라 그러셨죠,그게 뭐라 그러셨죠,그게 뭐라 그러셨죠
AIHub_LowQualityPhoneVoice_valid__27493,100.0,7.142857142857142,-92.85714285714286,False,이 부분 제가 한번 확인하고 다시 연락드려도 될까요,네,어 이 부분 제가 한번 확인하고 다시 연락드려도 될까요
AIHub_LowQualityPhoneVoice_valid__27497,60.0,60.0,0.0,False,아 정상 작동될까요,아 전화가 작성됐어요,아 전화로 작성됐어요
AIHub_LowQualityPhoneVoice_valid__27511,0.0,0.0,0.0,False,그러면 이제 매번 바꿀 때마다 연락 주셔야 돼요 저희 쪽에,그러면 이제 매번 바꿀 때마다 연락 주셔야 돼요 저희 쪽에,그러면 이제 매번 바꿀 때마다 연락 주셔야 돼요 저희 쪽에
AIHub_LowQualityPhoneVoice_valid__27533,10.869565217391305,8.695652173913043,-2.1739130434782616,False,알겠습니다 그런데 그러면요 어차피 음 어차피 근데 만일 기기 등록 하나 해 놨잖아요,알겠습니다 근데 그러면은 어차피 음 어차피 근데 만일 기기 등동 하나 해놨잖아요,알겠습니다 근데 그러면요 어차피 음 어차피 근데 만일 기기 등록을 하나 해놨잖아요
AIHub_LowQualityPhoneVoice_valid__27541,2.857142857142857,1.4285714285714286,-1.4285714285714286,False,어 그렇지만 다른 시간대 다르게 뭐 다르게 얘가 폰을 보고 다른 시간대 얘가 노트북 보고 이런 건 상관없다는 거죠 예를 들자면,어 그렇지만 다른 시간대 다르게 뭐 다르게 얘가 폰을 보고 다른 시간대 얘가 노트북을 보고 이런 건 상관없다는 거지 예를 들자면,어 그렇지만 다른 시간대 다르게 뭐 다르게 얘가 폰을 보고 다른 시간대 얘가 노트북을 보고 이런 건 상관없다는 거죠 예를 들자면
AIHub_LowQualityPhoneVoice_valid__27569,40.0,26.666666666666668,-13.333333333333332,False,일단은 해 지 해 뭐 어 네,일단은 이제 일곱 어 네,일단은 해제 해보고 어 네
AIHub_LowQualityPhoneVoice_valid__27582,0.0,0.0,0.0,False,네 그 문의하고 싶은 게 있는데요,네 그 문의하고 싶은 게 있는데요,네 그 문의하고 싶은 게 있는데요
AIHub_LowQualityPhoneVoice_valid__27591,50.0,8.823529411764707,-41.17647058823529,False,그 쏘니 그 더블유 에이치 씨 에이치 칠 일 공 엔이요 헤드폰,그 그 소니 그 wh ch 칠 일 공 애니야 헤드폰,그 그 그 더블유 에이치 씨 에이치 칠 일 공 엔이요 패드폰
AIHub_LowQualityPhoneVoice_valid__27601,7.6923076923076925,0.0,-7.6923076923076925,False,아 해제 원하시는 거예요,아 해제 원하시는 거에요,아 해제 원하시는 거예요
AIHub_LowQualityPhoneVoice_valid__27624,50.0,10.0,-40.0,False,아 그러세요 어 최대한 그렇게는 안내,아 그러세요 예 좀 예 좀,아 그러세요 어 최대한 그렇게는 네
AIHub_LowQualityPhoneVoice_valid__27637,0.0,0.0,0.0,False,네 감사합니다,네 감사합니다,네 감사합니다
AIHub_LowQualityPhoneVoice_valid__27644,0.0,0.0,0.0,False,여기 다니시나요,여기 다니시나요,여기 다니시나요
AIHub_LowQualityPhoneVoice_valid__27648,8.333333333333332,4.166666666666666,-4.166666666666666,False,네 지금 만약에 추후에 또 이렇게 차단되시면 저희 쪽에 문의를 주셔야 되고요 가능하시면 이제 등록된 기숙 주소지 사용 부탁드릴게요,네 지금 만약에 추후에 또 이렇게 차단지시면 저희 쪽에 문의를 주셔야 되구요 가능하시면 이제 주목된 주소 주소지 사용 부탁드릴게요,네 지금 만약에 추후에 또 이렇게 차단되시면 저희 쪽에 문의를 주셔야 되구요 가능하시면 이제 등록된 지수 주소지 사용 부탁드릴게요
AIHub_LowQualityPhoneVoice_valid__27656,0.0,0.0,0.0,False,그 아예 홈페이지에 로그인을 하면은,그 아예 홈페이지에 로그인을 하면은,그 아예 홈페이지에 로그인을 하면은
AIHub_LowQualityPhoneVoice_valid__27657,22.5,17.5,-5.0,False,그게 자꾸 이렇게 뜨더라고요 학습지원센터로 연락해야 등록 서비스 정지로요,그게 자꾸 이렇게 뜨더라고요 학습 지원 센터로 연락해야 된다고 서비스 전 지대로,그게 자꾸 이렇게 뜨더라고요 학습지원센터로 연락해야 된다고 서비스 전체를
AIHub_LowQualityPhoneVoice_valid__27671,4.166666666666666,4.166666666666666,0.0,False,메일 주소 한 번만 더 확인 부탁드리겠습니다,매일 주소 한 번만 더 확인 부탁드리겠습니다,메일 주소 한번만 더 확인 부탁드리겠습니다
AIHub_LowQualityPhoneVoice_valid__27680,40.0,0.0,-40.0,False,회원님 본인이시고요,아니 본인이시구요,회원님 본인이시고요
AIHub_LowQualityPhoneVoice_valid__27681,8.108108108108109,5.405405405405405,-2.7027027027027035,False,본인 확인해도 생년월일이랑 다니셨던 고등학교명 좀 말씀 부탁드릴게요,본인 확인해도 생년월일이랑 다니셨던 고등학교 명절 말씀 부탁드릴게요,네 본인 확인해도 생년월일이랑 다니셨던 고등학교명 좀 말씀 부탁드릴게요
AIHub_LowQualityPhoneVoice_valid__27686,27.027027027027028,8.108108108108109,-18.91891891891892,False,저 제가 횟수 한 번 없던 걸로 하고 차단 해제해 드릴 수 있는데요,저는 헬스 한 번 없던 걸로 하고 차단 해지 해드릴 수 있는 데야,일단 제가 횟수 한 번 없던 걸로 하고 차단 해제해드릴 수 있는데요
AIHub_LowQualityPhoneVoice_valid__27687,23.52941176470588,2.941176470588235,-20.588235294117645,False,아 예 이거 그러시면 엘지 거는 이용 안 하신다는 말씀이시고요,아이 이거 그거 지금 엘기 거는 이용 안 하신다는 말씀이시구요,아 네 이거 그러시면 엘지 거는 이용 안 하신다는 말씀이시고요
AIHub_LowQualityPhoneVoice_valid__27691,0.0,0.0,0.0,False,배송 그 변경 그걸로,배송 그 변경 그걸로,배송 그 변경 그걸로
AIHub_LowQualityPhoneVoice_valid__27705,16.470588235294116,10.588235294117647,-5.882352941176469,False,기기의 하 목록을 확인해 보니까 뭐 엘지 브이 시리즈라든가 삼성 갤럭시 아이패드 아이폰 등으로 여러 모델 이용되었는데 회원님이 다 쓰셨던 기계는 맞으세요,기계의 확 옹독을 확인해보니까 뭐 엘지 브이 시리즈라든가 삼성 갤럭시 아이패드 아이폰 등으로 여러 모델 이용이 되었는데 회화님이 다 세월 작 기간을 맞으세요,기기 하 공동을 확인해 보니까 뭐 엘지 브이 시리즈라든가 삼성 갤럭시 아이패드 아이폰 등으로 여러 모델이 이용되었는데 회원님이 다 설정 기간은 맞으세요
AIHub_LowQualityPhoneVoice_valid__27713,20.754716981132077,3.7735849056603774,-16.9811320754717,False,계정 보호 조치라서 본인 확인 후 해제해 드릴 텐데 생년월일과 졸업하신 고등학교가 어떻게 되세요,대정보호 조치라서 본인하기도 회장해 드릴 텐데 생년월일과 졸업하신 고등학교가 어떻게 되시냐,배송 보호 조치라서 본인 확인 후 해제해 드릴 텐데 생년월일과 졸업하신 고등학교가 어떻게 되세요
AIHub_LowQualityPhoneVoice_valid__27717,21.25,5.0,-16.25,False,네 회원 정보는 본인 확인 시 필요하니까 혹시라도 다른 정보 있으면 꼭 수정해 주시고요 가입 시 등록돼 있던 연락처 핸드폰 번호가 어떻게 되세요,네 해양 정보는 본인 하기 이제 필요하니까 혹시라도 다른 정보 있으면 꼭 수정해주실 거야 가입실 등록돼있다 연락처 핸드폰 번호가 어떻게 되지야,네 회원 정보는 본인 확인 시에 필요하니까 혹시라도 다른 정보 있으면 꼭 수정해주시고요 가입 시 등록되어있던 연락처 핸드폰 번호가 어떻게 되세요
AIHub_LowQualityPhoneVoice_valid__27726,23.076923076923077,0.0,-23.076923076923077,False,회원님 저희 교재 중고 판매라든가 대리 구매가 제약이 되어 있으시거든요,태현이 저희 교재에 중고폰내라든가 대리꾸매가 제약이 되어 있으시거든요,회원님 저희 교재 중고 판매라든가 대리 구매가 제약이 되어 있으시거든요
AIHub_LowQualityPhoneVoice_valid__27733,23.52941176470588,26.47058823529412,2.941176470588239,False,우선은 사용하셨던 엘지 기기는 지금 고장이 나신 거라고 하셨죠,우선은 스크녀소에 사용하셨던 엘지 기계는 지금 고장이 나신 거라고 하셨다,우선은 십 구 년도에 사용하셨던 엔지 기기는 지금 고장이 나신 거라고 하셨죠
AIHub_LowQualityPhoneVoice_valid__27740,11.594202898550725,2.898550724637681,-8.695652173913043,False,혹시라도 부득이하게 기기 변경을 했을 때 또 차단이 되었다 하면은 지금처럼 본인이 문의 다시 주셔야 되니까 참고 부탁드릴게요,혹시라도 부들부들하게 지기병경을 했을 때도 차단이 되었다 하면은 지금처럼 본인이 문의 다시 주셔야 되니까 참고 부탁드릴게요,혹시라도 부득이하게 기기 변경을 했을 때도 차단이 되었다 하면은 지금처럼 본인이 문의 다시 주셔야 되니까 참고 부탁드릴게요
AIHub_LowQualityPhoneVoice_valid__27749,58.333333333333336,0.0,-58.333333333333336,False,네 즐거운 저녁 되세요,네 직원 자격돼세요,네 즐거운 저녁 되세요
AIHub_LowQualityPhoneVoice_valid__27757,11.76470588235294,0.0,-11.76470588235294,False,확인 감사합니다 지금 다니고 있는 학교 이름이 어떻게 되실까요,하긴 감사한다 지금 다니고 있는 학교 이름이 어떻게 되실까요,확인 감사합니다 지금 다니고 있는 학교 이름이 어떻게 되실까요
AIHub_LowQualityPhoneVoice_valid__27758,16.666666666666664,4.166666666666666,-12.499999999999998,False,메일 주소 한 번만 더 확인 부탁드리겠습니다,매일 들어서 한 번만 더 확인 부탁드리겠습니다,메일 주소 한번만 더 확인 부탁드리겠습니다
AIHub_LowQualityPhoneVoice_valid__27772,18.367346938775512,8.16326530612245,-10.204081632653063,False,아 네 어머니 그럼 태블릿 구매 원하시는 게 저희 전용 태블릿으로 보세요 아니면 뭐 그냥,아 네 어머님 그럼 태블루 그면 원하시는 게 저희 전용 태블루 해주세요 아니면 뭐 그냥,아 네 어머니 그럼 태블릿 구매 원하시는 게 저희 전용 태블릿 있으세요 아니면 뭐 그냥
AIHub_LowQualityPhoneVoice_valid__27776,14.285714285714285,0.0,-14.285714285714285,False,그냥 전화만 드리는 거예요,그냥 전화만 드리는 거에,그냥 전화만 드리는 거예요
AIHub_LowQualityPhoneVoice_valid__27783,8.333333333333332,8.333333333333332,0.0,False,그래서 구매는 가능하구,그래서 구매는 가능하고,그래서 구매는 가능하고
AIHub_LowQualityPhoneVoice_valid__27793,76.92307692307693,15.384615384615385,-61.53846153846155,False,전화로 구매는 못 하구요,연하라고 고민은 못 하고 야,전화로 구매는 못하고요
AIHub_LowQualityPhoneVoice_valid__27795,20.634920634920633,7.936507936507936,-12.698412698412696,False,네 어머니 다 설치 배송하기 때문에 어머니가 별도로 뭐 설치를 할 수도 원래 없구요 어머니 할 할 필요도 없으세요,여행에 영어 다 설치해서 하기 때문에 어머니가 별도로 뭐 설치를 할 수도 원래 없고 영어니 할 할 필요도 없으세요,네 어머니 다 설치돼서 하기 때문에 어머니가 별도로 뭐 설치를 할 수도 원리 없고요 어머니 할 할 필요도 없으세요
AIHub_LowQualityPhoneVoice_valid__27800,36.36363636363637,23.636363636363637,-12.72727272727273,False,교재는 저희 쪽에서 나가는 거라 빠른데 그 태블릿은 업체 쪽에서 나가는 거라서 조금 늦어져요 어머니,소재는 거기서 나가는 거나 빠른데 그 태블릿으로 계속 그냥 나가는 거라서 쪼끔 늦어져요,교재는 결제 나가는 거라 빠른데 그 태블릿으로 계속 나가는 거라서 조금 늦어져요 어머니
AIHub_LowQualityPhoneVoice_valid__27833,17.894736842105264,5.263157894736842,-12.631578947368421,False,네 걍좌를 다운로드해서 와이파이 없는 데서 본다 하 하는 그 시점에서의 기기 등록은 이제부터는 한 대만 등록 가능하시고 그게 또 넘어가면 오늘처럼 차단이 되실 수 있으세요,데 경제를 다운로딩을 마이크가 염대서 본다 하는 그 시점에서의 기계 등록은 이제부터는 한 대만 등록 가능하시고 그게 또 넘어가면은 오늘처럼 차단이 되실 수 있으세요,네 강좌를 다운로드해서 와이파이 없는데서 본다 하는 그 시점에서의 기기 등록은 이제부터는 한 대만 등록 가능하시고 그게 또 넘어가면은 오늘처럼 차단이 되실 수 있으세요
AIHub_LowQualityPhoneVoice_valid__27837,18.0,8.0,-10.0,False,네 회원님 감사합니다 네 저희 쪽에서 이제 전용 탭 구매해서 이용해 주셨던 거 확인되셨구요,네 회원님 감사합니다 네 저희 쪽에서 네 전용 테코메에서 이용해주셨던 거 확인되셨고요,네 회원님 감사합니다 네 저희 쪽에서 네 전용 탭 구매해서 이용해주셨던 거 확인되셨고요
AIHub_LowQualityPhoneVoice_valid__27840,14.516129032258066,3.225806451612903,-11.290322580645164,False,그리고 초기화를 하게 되시면은 다운로드 받았던 강좌라던가 사진 이제 메모 같은 파일들은 다 삭제가 되기 때문에요,그리고 초기화를 하게 되시면은 단호도 받았던 강좌라던가 사진 이제 외모 같은 파일도 다 삭제가 되기 때문이야,그리고 초기화를 하게 되시면은 다운로드 받았던 강좌라던가 사진 이제 메모 같은 파일도 다 삭제가 되기 때문에요
AIHub_LowQualityPhoneVoice_valid__27845,2.4390243902439024,2.4390243902439024,0.0,False,만약에 이제 강좌를 다시 다 재수강을 원하시는 거 수강을 원하시는 거라면은,만약에 이제 강좌를 다시 다 재수강을 원하시는 그 수강을 원하시는 거라면은,만약에 이제 강좌를 다시 다 재수강을 원하시는 걸 수강을 원하시는 거라면은
AIHub_LowQualityPhoneVoice_valid__27847,0.0,0.0,0.0,False,예 알겠습니다 감사합니다,예 알겠습니다 감사합니다,예 알겠습니다 감사합니다
AIHub_LowQualityPhoneVoice_valid__27884,3.3333333333333335,10.0,6.666666666666666,False,그 모델인 경우에 저희 런처가 설정이 설치가 가능하고요,그 모델인 경우에 저희 런처가 설정이 설치가 가능하구요,그 모델된 경우에 저희 런처가 설정에 설치가 가능하구요
AIHub_LowQualityPhoneVoice_valid__27898,22.22222222222222,0.0,-22.22222222222222,False,만약에 안 되실 경우에를 말씀드리면 만약에 모델이 일치하지 않잖아요 그러면 방법은,이 안 되실 경우를 말해준 드리면 만약에 모델이 잇츠하지 않잖아요 그러면 방법을,만약에 안 되실 경우에를 말씀드리면 만약에 모델이 일치하지 않잖아요 그러면 방법은
AIHub_LowQualityPhoneVoice_valid__27911,0.0,0.0,0.0,False,지금 그러면,지금 그러면,지금 그러면
AIHub_LowQualityPhoneVoice_valid__27919,3.7037037037037033,3.7037037037037033,0.0,False,아 네 원래 아이폰으로는 사실 결제는 어려우시구요,아 네 원래 아이폰으로는 사실 결제를 어려우시구요,아 네 원래 아이폰으로는 사실 결제는 어려우시고요
AIHub_LowQualityPhoneVoice_valid__27923,12.857142857142856,2.857142857142857,-9.999999999999998,False,결제는 어머니 카드든 아무 아버 아버지 카드시든 그냥 전부 연동되시거든요 그래서 로그인만 학생 회원으로 무조건 해주셔야 되세요,절제는 어머니 카드든 아부 아버지 카드시든 그냥 전부 연동되시거든요 그래서 로그인만 학생 현으로 무조건 해주셔야 되시구요,결제는 어머니 카드든 아부 아부 아버지 카드시든 그냥 전부 연동되시거든요 그래서 로그인만 학생 회원으로 무조건 해주셔야 되세요
AIHub_LowQualityPhoneVoice_valid__27932,40.0,6.666666666666667,-33.333333333333336,False,전에 사용했던 저희 큰 애는,전에 사용했던 설칸에는,전에 사용했던 저희 큰애는
AIHub_LowQualityPhoneVoice_valid__27948,9.67741935483871,3.225806451612903,-6.451612903225807,False,이 모든 절차가 그냥 다 복잡하고 번거롭다 라고 하시면은 그냥 차라리 새로 가입을 해주시는 게 좋을 거 같습니다,이 모든 절차가 그냥 다 복잡하고 번거롭다라고 하시면은 그냥 차라리 새로 가위를 해주시는 게 좋을 거 같애,이 모든 절차가 그냥 다 복잡하고 번거롭다라고 하시면은 그냥 차라리 새로 가입을 해주시는 게 좋을 것 같습니다
AIHub_LowQualityPhoneVoice_valid__27982,0.0,0.0,0.0,False,아 네 그러면 저희가,아 네 그러면 저희가,아 네 그러면 저희가
AIHub_LowQualityPhoneVoice_valid__27987,0.0,0.0,0.0,False,아 네 알겠습니다,아 네 알겠습니다,아 네 알겠습니다
AIHub_LowQualityPhoneVoice_valid__27988,23.809523809523807,0.0,-23.809523809523807,False,네 혹시 다른 문의 사항 또 있으신가요,네 혹시 다른 분상 또 있으신가요,네 혹시 다른 문의 사항 또 있으신가요
AIHub_LowQualityPhoneVoice_valid__27990,42.857142857142854,28.57142857142857,-14.285714285714285,False,제가 결제일을,제가 절제를,제가 결제를
AIHub_LowQualityPhoneVoice_valid__28005,60.0,33.33333333333333,-26.66666666666667,False,고 이 학생들은 비환급되는데,고등학생들은 비환 받기 전에,고 이 학생들은 비환도 필요한데
AIHub_LowQualityPhoneVoice_valid__28020,4.3478260869565215,8.695652173913043,4.3478260869565215,False,메일 발송해 주시면 되시구요 사진 첨부해서,메일 발송해주시면 되시구요 사진 첨부해서,메일 발송해주시면 되시고요 사진 첨부해서
AIHub_LowQualityPhoneVoice_valid__28025,10.869565217391305,8.695652173913043,-2.1739130434782616,False,메일 보내실 때 제목 기재 잘 해주시구요 그다음에 요 대로 확인 잘 해주시면 되시고,일 보내실 때 제목 기지 잘 해주시고요 다음에 여 대로 확인 잘 해주시면 되시고,메일 보내주실 때 제목 기재 잘 해주시고요 그다음에 그대로 확인 잘 해주시면 되시고
AIHub_LowQualityPhoneVoice_valid__28031,8.333333333333332,0.0,-8.333333333333332,False,이거 어떻게 봐야 되지,이거 어트게 봐야 되지,이거 어떻게 봐야 되지
AIHub_LowQualityPhoneVoice_valid__28046,20.0,0.0,-20.0,False,아 그거 확실한 거죠 선생님,아 그거 확실한 거였어요 선생님,아 그거 확실한 거죠 선생님
AIHub_LowQualityPhoneVoice_valid__28056,16.666666666666664,0.0,-16.666666666666664,False,지금 태블릿 가지고 계세요 어머니,지금 세번에 가지고 계세요 어머니,지금 태블릿 가지고 계세요 어머니
AIHub_LowQualityPhoneVoice_valid__28059,31.03448275862069,27.586206896551722,-3.448275862068968,False,초기화 하면 그거 모두 유튜브나 이런 거 다 된다고 그러더라고요 그거 안 하고 학습만 할 수 있게 하려고,그거 뭐죠 유투브 이런 거 다 된다 그러드라고요 그거 안 하고 학습이 할 수 있게 알려줄까요,학습이요 하면 그거 뭐죠 유튜브 이런 거 다 된다 그러더라고요 그거 안 하고 학습을 공부할 수 있게 할려고 그러고
AIHub_LowQualityPhoneVoice_valid__28069,37.5,0.0,-37.5,False,전용 탭으로 사용하시는 거라서,전용 태도 태몽 하시는 거라서,전용 탭으로 사용하시는 거라서
AIHub_LowQualityPhoneVoice_valid__28082,37.5,0.0,-37.5,False,소중한 정보 확인 감사합니다 어떤 서비스 말씀하시는 거세요,수능은 정말 감사합니다 어떤 서비스 말씀하시는 것에 의한,소중한 정보 확인 감사합니다 어떤 서비스 말씀하시는 거세요
AIHub_LowQualityPhoneVoice_valid__28103,16.129032258064516,0.0,-16.129032258064516,False,그러시면 그 녹화 캡처 프로그램도 종료 한번 해보시겠어요,여덟 시면 그 녹화 캡처 프로그람도 종류 한번 해보시겠어요,그러시면 그 녹화 캡처 프로그램도 종료 한번 해보시겠어요
AIHub_LowQualityPhoneVoice_valid__28108,16.129032258064516,9.67741935483871,-6.451612903225806,False,지금 언더그라운드에서 활성화되었는지 혹시 확인 가능하세요,지금 언더그라운드에서 활성화가 되었는지 혹시 혼도 확인 가능하세요,지금 언더그라운드에서 활성화되어 있는지 혹시 확인 가능하세요
AIHub_LowQualityPhoneVoice_valid__28112,15.151515151515152,15.151515151515152,0.0,False,근데 저번에도 다른 브라우저 여러 개로 해봤는데 안 돼가지고,근데 저번에도 다른 거라고 해서 여러 개로 해봤는데 안 돼가지고,근데 저번에도 다른 거라고 해서 여러 개로 해봤는데 안 돼가지고
AIHub_LowQualityPhoneVoice_valid__28184,33.33333333333333,0.0,-33.33333333333333,False,어 크롬 설정에서,아 그럼 설정에서,어 크롬 설정에서
AIHub_LowQualityPhoneVoice_valid__28186,20.0,4.0,-16.0,False,네 회원님 기다려주셔서 감사합니다 그 크롬에서,네 형님 기다려 주셔서 감사합니다 그 크로음에서,네 회원님 기다려 주셔서 감사합니다 그 크롬에서
AIHub_LowQualityPhoneVoice_valid__28207,16.666666666666664,0.0,-16.666666666666664,False,아니시면 그냥 설정에서,아니지만 그냥 설정에서,아니시면 그냥 설정에서
AIHub_LowQualityPhoneVoice_valid__28209,31.428571428571427,17.142857142857142,-14.285714285714285,False,크롬 종료 후에도 백그라운드 앱을 계속 실행이라는 문구 있을까요,그럼 종영호에도 그런 도 앱을 계속 실행이라는 몽고 있을까요,크롬 종료 후에도 앱을 계속 실행이라는 문구 있을까요
AIHub_LowQualityPhoneVoice_valid__28219,25.0,25.0,0.0,False,아 줌 있으세요,어 좀 있으세요,아 주문 있으세요
AIHub_LowQualityPhoneVoice_valid__28221,8.333333333333332,8.333333333333332,0.0,False,어 줌도 혹시 완전히 종료 한번 해보시겠어요,어 짐도 혹시 완전히 종류 한번 해보시겠어요,어 주문도 혹시 완전히 종료 한번 해보시겠어요
AIHub_LowQualityPhoneVoice_valid__28225,0.0,14.285714285714285,14.285714285714285,False,네 그럼 저희가 그 지금은,네 그럼 저희가 그 지금은,네 그럼 혹 저희가 그 지금은
AIHub_LowQualityPhoneVoice_valid__28255,70.0,5.0,-65.0,False,탭이랑 뭐 핸드폰이랑 예 바꿨었나봐요,네 바꿨었나 봐요,탭이랑 뭐 핸드폰이랑 예 바꿨었나 봐요
AIHub_LowQualityPhoneVoice_valid__28262,18.181818181818183,0.0,-18.181818181818183,False,네 말씀하세요 어머니,빨리 말씀하세요 어머니,네 말씀하세요 어머니
AIHub_LowQualityPhoneVoice_valid__28266,85.71428571428571,71.42857142857143,-14.285714285714278,False,재원생 중에서,제번에 사는 중에서,주문 사항 중에서
AIHub_LowQualityPhoneVoice_valid__28278,0.0,0.0,0.0,False,네 안녕하세요,네 안녕하세요,네 안녕하세요
AIHub_LowQualityPhoneVoice_valid__28292,4.761904761904762,0.0,-4.761904761904762,False,어 저 플래너 신청하는 이벤트 있잖아요,어 저 클래너 신청하는 이벤트 있잖아요,어 저 플래너 신청하는 이벤트 있잖아요
AIHub_LowQualityPhoneVoice_valid__28297,6.666666666666667,0.0,-6.666666666666667,False,그 반에 참여를 하시는 거는,그 반을 참여를 하시는 거는,그 반에 참여를 하시는 거는
AIHub_LowQualityPhoneVoice_valid__28307,17.02127659574468,2.127659574468085,-14.893617021276595,False,갖고 있는 상태에서 재설치가 가능해요 거기에 또 설치해야 되는 것도 하나 있어가지고요,바꾸는 상태에서 제설치가 가능해요 거기에도 설치해야 되는 것도 하나 있어가지구요,받고 있는 상태에서 재설치가 가능해요 거기에 또 설치해야 되는 것도 하나 있어가지고요
AIHub_LowQualityPhoneVoice_valid__28325,33.33333333333333,0.0,-33.33333333333333,False,아 스마트 존이요,아 스마트 좋냐,아 스마트 존이요
AIHub_LowQualityPhoneVoice_valid__28335,0.0,0.0,0.0,False,네 아 그럼 제가 확인해보고 다시 연락할게요,네 아 그럼 제가 확인해보고 다시 연락할게요,네 아 그럼 제가 확인해보고 다시 연락할게요
AIHub_LowQualityPhoneVoice_valid__28371,35.294117647058826,17.647058823529413,-17.647058823529413,False,초기화해놓고 제가 몇 개 깔았죠,조교야 해놓고 내가 맻 개 깔았죠,조개해놓고 제가 몇 개 깔았죠
AIHub_LowQualityPhoneVoice_valid__28372,28.57142857142857,14.285714285714285,-14.285714285714285,False,아 그냥 아예 초기화를 해주셔야 되세요,아 그냥 아예 척연을 해주셔 드세요,아 그냥 아예 철거를 해주셔야 되세요
AIHub_LowQualityPhoneVoice_valid__28378,0.0,0.0,0.0,False,네 여보세요 안녕하세요,네 여보세요 안녕하세요,네 여보세요 안녕하세요
AIHub_LowQualityPhoneVoice_valid__28424,10.0,0.0,-10.0,False,그러시면은 아마 그,그러면은 아마 그,그러시면은 아마 그
AIHub_LowQualityPhoneVoice_valid__28429,6.25,0.0,-6.25,False,독서실을 지금 공부하러 갔는데,적서실을 지금 공부하러 갔는데,독서실을 지금 공부하러 갔는데
AIHub_LowQualityPhoneVoice_valid__28447,8.47457627118644,6.779661016949152,-1.6949152542372872,False,아 다른 걸로 만들면 근데 가입한 적이 있다고 나와버리면 어떻게 돼요 네 아 계속 붙어요 그러면 이렇게 그,아 다른 걸로 만들면 근데 가입한 적이 있다고 나와버리면 어떻게 돼요 네 아 해석부터요 그러면 이렇게 그,어 다른 걸로 만들면 근데 가입한 적이 있다고 나와버리면 어떻게 돼요 네 아 계속부터요 그러면 이렇게 그
AIHub_LowQualityPhoneVoice_valid__28449,5.714285714285714,8.571428571428571,2.8571428571428568,False,어 아뇨 배송비는 똑같이 붙구요 다만 그거는 교재 캐시로 배송비,어 아냐 배송비는 똑같이 붙구요 다만 그거는 교재 택시로 배송비,어 아니요 배송비는 똑같이 붙고요 다만 그거는 교재 캐시로 배송비
AIHub_LowQualityPhoneVoice_valid__28453,7.6923076923076925,7.6923076923076925,0.0,False,기다려 주셔서 감사합니다,기다려주셔서 감사합니다,기다려주셔서 감사합니다
AIHub_LowQualityPhoneVoice_valid__28458,15.384615384615385,0.0,-15.384615384615385,False,네 저 집중도 리포트 앱 제외하고는 네 큰 차이는 없는 거구요 그냥 기기 모델이 조금 다르구요,네 저 직장도 리포트 제외하고는 내일 큰 차이는 없는 거구요 그냥 길게 모델이 조금 다르구요,네 저 집중도 리포트 앱 제외하고는 네 큰 차이는 없는 거구요 그냥 기기 모델이 조금 다르구요
AIHub_LowQualityPhoneVoice_valid__28462,0.0,0.0,0.0,False,네 감사합니다,네 감사합니다,네 감사합니다
AIHub_LowQualityPhoneVoice_valid__28474,23.333333333333332,6.666666666666667,-16.666666666666664,False,그 이용하시는 기기 이제 사양을 한번 확인해 보셔가지고,그 이용하시는 기기에 사양을 한 번 확인해보시오가지고,그 이용하시는 기기 그 사양을 한번 확인해 보셔가지고
AIHub_LowQualityPhoneVoice_valid__28486,52.63157894736842,10.526315789473683,-42.10526315789473,False,문의를 한번 해주셔도 될 거 같구요,언니 일을 한번 해줄 수 없을 거 같구요,문의를 한번 해주셔도 될 것 같고요
AIHub_LowQualityPhoneVoice_valid__28490,10.714285714285714,0.0,-10.714285714285714,False,어플과 뭐 호환이 안 되시거나 그런 걸 수도 있어서,어플과 뭐 호환이 안 되시거나 그런 것들도 있어서,어플과 뭐 호환이 안 되시거나 그런 걸 수도 있어서
AIHub_LowQualityPhoneVoice_valid__28506,0.0,0.0,0.0,False,지금 이 시간대가 제일,지금 이 시간대가 제일,지금 이 시간대가 제일
AIHub_LowQualityPhoneVoice_valid__28518,7.894736842105263,2.631578947368421,-5.2631578947368425,False,아니면 어플도 한번 재설치를 해보시거나 그런 식으로 진행해 보셔야 될,아니면 어플도 한번 재설치를 해보시거나 그런 식으로 진행해보셔야,아니면 어플도 한번 재설치를 해보시거나 그런 식으로 진행해보셔야 될
AIHub_LowQualityPhoneVoice_valid__28520,0.0,0.0,0.0,False,아 네 저 패스 가입을 할려고 하는데요,아 네 저 패스 가입을 할려고 하는데요,아 네 저 패스 가입을 할려고 하는데요
AIHub_LowQualityPhoneVoice_valid__28523,2.7027027027027026,2.7027027027027026,0.0,False,아 그 명의가 상관없는 건가요 그럼 학생 회원으로 등록이 가능한가요,아 그 명의가 상관없는 건가요 그럼 학생회원으로 등록이 가능한가요,아 그 명의가 상관없는 건가요 그럼 학생회원으로 등록이 가능한가요
AIHub_LowQualityPhoneVoice_valid__28531,13.953488372093023,11.627906976744185,-2.325581395348838,False,한 해에만 적용이 되는 건지 아니면 영구적으로 가지는 건지 태블릿을 궁금해서요,한해에만 적용이 되는 건지 아니면 연구적으로 가진 건지 캐블릿을 궁금해서,한 해야만 적용이 되는 건지 아니면 연구적으로 가지고 있는 건지 태블릿을 궁금해서요
AIHub_LowQualityPhoneVoice_valid__28532,6.666666666666667,3.3333333333333335,-3.3333333333333335,False,태블릿같은 경우에는 네 회원님께서 구매를 하시는 거여서,태블릿 같은 경우에는 내 회원님께서 구매를 하시는 거여서,태블릿 같은 경우에는 네 회원님께서 구매를 하시는 거여서
AIHub_LowQualityPhoneVoice_valid__28533,11.11111111111111,0.0,-11.11111111111111,False,따로 반납을 하실 필요는 없으세요,바로 반납을 하실 필요는 없으니요,따로 반납을 하실 필요는 없으세요
AIHub_LowQualityPhoneVoice_valid__28558,46.15384615384615,0.0,-46.15384615384615,False,네 네 확인 감사드립니다,네 네 헌인 감정 회사입니다,네 네 확인 감사드립니다
AIHub_LowQualityPhoneVoice_valid__28559,24.242424242424242,6.0606060606060606,-18.18181818181818,False,네 회원님 임시 비밀번호 문자로 보내드렸는데 받아 보셨을까요,여명님 임시 변호 문자로 보내 드렸는데 받아 보셨을까요,네 회원님 임시 번호 문자로 보내드렸는데 받아 보셨을까요
AIHub_LowQualityPhoneVoice_valid__28564,0.0,0.0,0.0,False,네 감사합니다,네 감사합니다,네 감사합니다
AIHub_LowQualityPhoneVoice_valid__28573,3.225806451612903,0.0,-3.225806451612903,False,아 네 그러면 그 뒷면에 혹시 기기명 어떻게 확인되실까요,아 네 그러면 그 뒷면에 혹시 기기명 어떻게 확인 되실까요,아 네 그러면 그 뒷면에 혹시 기기명 어떻게 확인되실까요
AIHub_LowQualityPhoneVoice_valid__28577,0.0,0.0,0.0,False,어 사용을 해도 된다는 게 어떤 말씀이실까요,어 사용을 해도 된다는 게 어떤 말씀이실까요,어 사용을 해도 된다는 게 어떤 말씀이실까요
AIHub_LowQualityPhoneVoice_valid__28578,94.11764705882352,0.0,-94.11764705882352,False,아 저희 지금 탭을 원래는 인제,아,아 저희 지금 탭을 원래는 인제
AIHub_LowQualityPhoneVoice_valid__28581,41.37931034482759,10.344827586206897,-31.03448275862069,False,태블릿은 별도로 구매를 해야 되는 거예요 아님 그래요,헤블리스는 별 소리도 구매를 해야 되는 거 아냐 그게요,태블릿은 별도로 구매를 해야 되는 거예요 아니면 그게요
AIHub_LowQualityPhoneVoice_valid__28582,21.428571428571427,7.142857142857142,-14.285714285714285,False,맞아요 아니면 노트북이나 아니면 컴퓨터 그리고 휴대폰으로도 수강 가능하시구요,맞아요 아니면 노트북이나 아니면 컴퓨터 그 휴대폰으로도 수강,맞아요 아니면 노트북이나 아니면 컴퓨터 그 휴대폰으로도 수강 가능하시고요
AIHub_LowQualityPhoneVoice_valid__28588,24.242424242424242,9.090909090909092,-15.15151515151515,False,그 얼마예요 만약 내일 내일하려면 얼마가 인상이 되는 거예요,그럼 얼마예요 당연히 내일 내일 할려면 얼마가 인상이 되는 거지,그럼 얼마예요 만약 내일 내일 할려면 얼마가 인상이 되는 거예요
AIHub_LowQualityPhoneVoice_valid__28601,3.4482758620689653,1.7241379310344827,-1.7241379310344827,False,아 네 네 그러시면 저희가 오늘 날짜로 접수는 해드리고 실질적으로 내일 날짜로 저희가 전화를 드릴 거예요,아 네 네 그러시면 저희가 오늘날짜로 접수는 해드리고 실질적으로 내일 날짜로 저희가 전화를 드릴 거에요,아 네 네 그러시면 저희가 오늘 날짜로 접수를 해드리고 실질적으로 내일 날짜로 저희가 전화를 드릴 거예요
AIHub_LowQualityPhoneVoice_valid__28621,10.909090909090908,14.545454545454545,3.6363636363636367,False,잠시만요 또 보이는 거 같은데요 아니 이게 왜 안 되다가 또 통화가 되니까 보이나요 한참 기다렸는데,잠시 괜찮 지금 보이는 거 같은데요 아 이게 왜 안 되다가 또 통화가 되니까 보이나요 한참 기다렸는데,잠시만요 지금 보이는 거 같은데요 아 이게 왜 안 되다가 또 통화가 되니까 보이나요 한 두 개 다였는데
AIHub_LowQualityPhoneVoice_valid__28646,26.08695652173913,8.695652173913043,-17.391304347826086,False,네 네 직접 찾아서 이용해 주셔야 되시구요,요번에는 직접 찾아서 이용해주셔야 되시고요,네 네 직접 찾아서 이용해주셔야 되시고요
AIHub_LowQualityPhoneVoice_valid__28662,0.0,0.0,0.0,False,아 예 알겠습니다,아 예 알겠습니다,아 예 알겠습니다
AIHub_LowQualityPhoneVoice_valid__28672,34.0,0.0,-34.0,False,아 네 기다려주셔서 감사합니다 지금 전용 탭에 대해서 일반 탭처럼 사용 희망하신다라는 거죠,아 네 달 죄송합니다 지금 변형 태배에 대해서 일 단계처럼 사용이 망하신다라는 거죠,아 네 기다려주셔서 감사합니다 지금 전용 탭에 대해서 일반 탭처럼 사용 희망하신다라는 거죠
AIHub_LowQualityPhoneVoice_valid__28683,34.285714285714285,2.857142857142857,-31.428571428571427,False,확인 감사합니다 혹시 회원님 아이디를 어떻게 입력을 해주셨을까요,사긴 감사합니다 혹시 효연이 마음이 어떻게 있냐고 해주셨을까요,확인 감사합니다 혹시 회원님 아이디로 어떻게 입력을 해주셨을까요
AIHub_LowQualityPhoneVoice_valid__28693,23.684210526315788,15.789473684210526,-7.894736842105262,False,아 만약에 내일이었으면 내일도 가능한데 지금 내일까지 저희가 모르니까,아 만약에 내일이 있으면 내일이 또 가능한데 지금 매일까지 되니까 모르니까,아 만약에 내일이면 그면 내일이 또 가능한데 지금 내일까지 저희가 모르니까
AIHub_LowQualityPhoneVoice_valid__28703,9.210526315789473,7.894736842105263,-1.3157894736842097,False,서 이 부분 한번 어머니께서 뭐 학생 회원으로 가입을 하셔서 결제를 하시 하시는 방법도 있으시고 아니시면 이제 자녀분하고 확인을 해주시는,서 이번 한 뭐 어머니께서 뭐 학생회원으로 가입을 하셔서 결제를 하시 하시는 방법도 있으시고 아니시면 이제 자녀분하고 확인을 해주시,그래서 이 부분은 뭐 어머니께서 뭐 학생회원으로 가입을 하셔서 결제를 하시 하시는 방법도 있으시고 아니시면 이제 자녀분하고 확인을 해주시는
AIHub_LowQualityPhoneVoice_valid__28708,3.7037037037037033,0.0,-3.7037037037037033,False,네 감사합니다 혹시 추가적인 문의 사항 있으실까요,네 감사합니다 혹시 추가적인 문의사항 있으실까요,네 감사합니다 혹시 추가적인 문의 사항 있으실까요
AIHub_LowQualityPhoneVoice_valid__28712,4.0,0.0,-4.0,False,연결이요 어 혹시 어떤 연결 말씀하시는 걸까요,연결이요 엄 혹시 어떤 연결 말씀하시는 걸까요,연결이요 어 혹시 어떤 연결 말씀하시는 걸까요
AIHub_LowQualityPhoneVoice_valid__28732,0.0,0.0,0.0,False,어 혹시 지금 접속을 하신 게,어 혹시 지금 접속을 하신 게,어 혹시 지금 접속을 하신 게
AIHub_LowQualityPhoneVoice_valid__28748,0.0,0.0,0.0,False,어 아니요 삭제는 안 하셔도 되시고요,어 아니요 삭제는 안 하셔도 되시고요,어 아니요 삭제는 안 하셔도 되시고요
AIHub_LowQualityPhoneVoice_valid__28751,16.666666666666664,0.0,-16.666666666666664,False,아니면 저걸로 써도 상관이 없나요,아니네 저걸로 써도 순간이 없나요,아니면 저걸로 써도 상관이 없나요
AIHub_LowQualityPhoneVoice_valid__28760,4.761904761904762,0.0,-4.761904761904762,False,로고 맨 위에 로고 보시면 로고 아래에,로고 맨 위에 로고 보시냐 로고 아래에,로고 맨 위에 로고 보시면 로고 아래에
AIHub_LowQualityPhoneVoice_valid__28768,71.42857142857143,33.33333333333333,-38.0952380952381,False,전용탭을 따로 구매를 해 주셔야 하세요,어 저녁때는 따로 해주세요,전용 탭은 따로 해주셔야 하세요
AIHub_LowQualityPhoneVoice_valid__28777,0.0,0.0,0.0,False,아 그러시면 그,아 그러시면 그,아 그러시면 그
AIHub_LowQualityPhoneVoice_valid__28788,66.66666666666666,66.66666666666666,0.0,False,수정돼서 나오는데,수업을 자꾸 나오는데요,쓰고 자꾸 나오는데요
AIHub_LowQualityPhoneVoice_valid__28801,27.586206896551722,3.4482758620689653,-24.137931034482758,False,설치를 도움 드리려면 공장 초기화를 진행을 해야 돼요,컬츠를 도움 그리자면 공장 투교화를 진행해야 돼요,설치를 도움드리려면 공장 초기화를 진행을 해야 돼요
AIHub_LowQualityPhoneVoice_valid__28806,50.0,10.0,-40.0,False,네 해제 했어요 네,네 혜자 시켜 네,네 해제했어요 네
AIHub_LowQualityPhoneVoice_valid__28813,55.55555555555556,11.11111111111111,-44.44444444444444,False,기기 지금 모델요,기지 지금 뭐 되냐,기기 지금 모델명
AIHub_LowQualityPhoneVoice_valid__28829,52.38095238095239,23.809523809523807,-28.57142857142858,False,오늘은 조금 어려울 수 있어요 당일이라,오늘은 쪼끔 어릴 수도 있었나 봐 당일엔,오늘은 조금 어려울 수도 있어요 뭐 당일엔
AIHub_LowQualityPhoneVoice_valid__28835,0.0,0.0,0.0,False,네 동영상 재생이 안 돼서 그러는데요,네 동영상 재생이 안 돼서 그러는데요,네 동영상 재생이 안 돼서 그러는데요
AIHub_LowQualityPhoneVoice_valid__28841,0.0,0.0,0.0,False,강의실 들어가서 이렇게 강의가 안 열려요,강의실 들어가서 이렇게 강의가 안 열려요,강의실 들어가서 이렇게 강의가 안 열려요
AIHub_LowQualityPhoneVoice_valid__28847,32.35294117647059,20.588235294117645,-11.764705882352942,False,잠 저희가 자세히 알아보고 말씀드리겠습니다 잠시만 기다려주세요,저 저희가 자세히 알아보고 말씀두 있습니까 점심을 기다렸어요,잠 저희가 자세히 알아보고 말씀드릴 수 있으니까 잠시만 기다려주세요
AIHub_LowQualityPhoneVoice_valid__28866,50.0,0.0,-50.0,False,크롬 쓰지 말고,트럼프지 말고,크롬 쓰지 말고
AIHub_LowQualityPhoneVoice_valid__28873,0.0,0.0,0.0,False,저희가 일단은 그,저희가 일단은 그,저희가 일단은 그
AIHub_LowQualityPhoneVoice_valid__28894,5.769230769230769,3.8461538461538463,-1.923076923076923,False,아 그러면 잠깐만 기다려주세요 제가 지금 인터넷으로 한번 확인해볼게요 아 근데 폰이 지금 아이,어 그러면 잠깐만 기다려주세요 제가 지금 인터넷으로 한번 확인해 볼게요 아 근데 선이 지금 아이,어 그러면 잠깐만 기다려주세요 제가 지금 인터넷으로 한번 확인해 볼게요 아 근데 폰이 지금 아이
AIHub_LowQualityPhoneVoice_valid__28908,12.5,3.125,-9.375,False,그 탈퇴 같은 경우도 저희가 해드리는 사항이 아니라가지고요,그 탈퇴 같은 경우도 저희가 해드리는 상황이 아니라 가주고요,그 탈퇴 같은 경우도 저희가 해드리는 사항이 아니라 가지고요
AIHub_LowQualityPhoneVoice_valid__28935,0.0,0.0,0.0,False,아 예 알겠습니다,아 예 알겠습니다,아 예 알겠습니다
AIHub_LowQualityPhoneVoice_valid__28939,12.5,0.0,-12.5,False,네 수고하십시오,음 수고하십시오,네 수고하십시오
AIHub_LowQualityPhoneVoice_valid__28957,0.0,3.7037037037037033,3.7037037037037033,False,네 지금은 아직 안 했어요 근데 이거 해설 강의는 그냥 볼 수 있는 거 아니에요 수능 해설 강의는,네 지금은 아직 안 했어요 근데 이거 해설 강의는 그냥 볼 수 있는 거 아니에요 수능 해설 강의는,네 지금은 아직 안 했어요 근데 이거 해설강의는 그냥 볼 수 있는 거 아니에요 수능 해설강의는
AIHub_LowQualityPhoneVoice_valid__28958,3.7037037037037033,11.11111111111111,7.407407407407407,False,그 모의고사 해설 강의 같은 거 말씀하시는 건가요,그 모의고사 해설 강의 같은 거 말씀하시는 거가요,그 모의고사 해설 강의 같은 거 말씀하시는 거
AIHub_LowQualityPhoneVoice_valid__28962,9.433962264150944,1.8867924528301887,-7.547169811320755,False,혹시 회원님께서 그 저 인터넷 그 사이트에 방문해주실 때 사용하시는 브라우저가 혹시 어떤 거세요,혹시 선생님께서 그 저 인터넷 그 사이트에 방문해주실 때 사용하시는 보라오즈가 혹시 어떤 거세요,혹시 회원님께서 그 저희 인터넷 그 사이트에 방문해주실 때 사용하시는 브라우저가 혹시 어떤 거세요
AIHub_LowQualityPhoneVoice_valid__28973,13.636363636363635,9.090909090909092,-4.545454545454543,False,예 패스는 정상적으로 등록을 하셨고 이제 런처 재설치 제 제가 안내해드릴 텐데요,이 패스는 정상적으로 등록을 하셨고 이제 런처 제설치 제가 안내에 드릴 텐데요,이 패스는 정상적으로 등록을 하셨고 이제 런처 재설치 제외 거 제가 안내해드릴 텐데요
AIHub_LowQualityPhoneVoice_valid__28976,14.754098360655737,0.0,-14.754098360655737,False,네 그러면 제가 원격 가능 시간 확인해서 연락드릴 텐데 혹시 금일 중으로 어머니께서는 불가능하신 시간 있으세요,네 그러면 제가 원격 가능시관 확인해서 연락 드릴 텐데 금일 중으로 어머니께서는 불가능한 시원 있으세요,네 그러면 제가 원격 가능 시간 확인해서 연락드릴 텐데 혹시 금일 중으로 어머니께서는 불가능하신 시간 있으세요
AIHub_LowQualityPhoneVoice_valid__28980,0.0,0.0,0.0,False,네 그러면 확인하자마자 연락드리겠습니다,네 그러면 확인하자마자 연락드리겠습니다,네 그러면 확인하자마자 연락드리겠습니다
AIHub_LowQualityPhoneVoice_valid__28993,66.66666666666666,0.0,-66.66666666666666,False,확인 감사드리구요,사회 남자들이구요,확인 감사드리구요
AIHub_LowQualityPhoneVoice_valid__28999,51.06382978723404,8.51063829787234,-42.5531914893617,False,확인 감사드리구요 학생 회원분 현재 그 네 확인 감사드리구요 일단 잠시만 기다려주세요,아닌 남자들이구요 그때면 뭐 현대에 있구요 여한의 남자들이구요 일단 잠시만 기다려주세요,확인 감사드리구요 생년 분 현재 그 네 확인 감사드리구요 일단 잠시만 기다려주세요
AIHub_LowQualityPhoneVoice_valid__29003,9.090909090909092,0.0,-9.090909090909092,False,네 되네요 감사합니다,네 개네요 감사합니다,네 되네요 감사합니다
AIHub_LowQualityPhoneVoice_valid__29004,66.66666666666666,0.0,-66.66666666666666,False,좋은 하루 되세요,고나루세요,좋은 하루 되세요
AIHub_LowQualityPhoneVoice_valid__29017,18.181818181818183,0.0,-18.181818181818183,False,아 네 네 감사합니다,아 네 감사합니다,아 네 네 감사합니다
AIHub_LowQualityPhoneVoice_valid__29029,25.423728813559322,5.084745762711865,-20.338983050847457,False,네 플래너는 지금 현재 이벤트로만 지금 수령이 가능하신 거고요 추후에 저희가 다시 판매가 될 수도 있으세요,네 플래너는 주민대 이벤트로나는 임설량이 가능하신 거고요 최후에 저희가 다시 판매가 될 수도 있으시오,네 플래너는 지금 현재 이벤트로만 수령이 가능하신 거고요 추후에 저희가 다시 판매가 될 수도 있으세요
AIHub_LowQualityPhoneVoice_valid__29032,0.0,0.0,0.0,False,네 알겠습니다,네 알겠습니다,네 알겠습니다
AIHub_LowQualityPhoneVoice_valid__29033,22.22222222222222,5.555555555555555,-16.666666666666664,False,제가 그 로그인을 너무 하지 않아서 지금 휴면 상태라고 나오거든요,걔가 예 롤 공연을 너무 하지 않아서 지금 심한 상태라고 나오거든요,제가 그 로그인을 너무 하지 않아서 지금 신한 상태라고 나오거든요
AIHub_LowQualityPhoneVoice_valid__29036,33.33333333333333,0.0,-33.33333333333333,False,어 지금 바로 한번 해볼게요,어 지금 바로 한동해봇이야,어 지금 바로 한번 해볼게요
AIHub_LowQualityPhoneVoice_valid__29042,50.0,20.0,-30.0,False,어 네 알고 있어요,어 네 안녕하세요,어 네 안 있어요
AIHub_LowQualityPhoneVoice_valid__29058,28.57142857142857,57.14285714285714,28.57142857142857,False,네 어 왔어요,네 어 아세요,네 어 아 그래요
AIHub_LowQualityPhoneVoice_valid__29074,11.363636363636363,11.363636363636363,0.0,False,탈퇴를 하고 나서 이제 똑같은 아이디로 다 새로 가입을 할 수 이 탈퇴를 해도요,탈퇴를 하고 나서 이게 똑같은 아이디로 다 새로 가입을 할 수 있 아 탈퇴를 해줘요,탈퇴를 하고 나서 이제 똑같은 아이디로 다 새로 가입을 할 수 있 아 탈퇴를 해도 돼요
AIHub_LowQualityPhoneVoice_valid__29083,11.11111111111111,16.666666666666664,5.555555555555554,False,어 그니까 짐 연락처가 중복되셔서,어 그니까 지금 연락처가 중복되셔서,어 그러니까 지금 연락처가 중복되셔서
AIHub_LowQualityPhoneVoice_valid__29088,0.0,0.0,0.0,False,아 네 감사합니다,아 네 감사합니다,아 네 감사합니다
AIHub_LowQualityPhoneVoice_valid__29095,56.52173913043478,13.043478260869565,-43.47826086956522,False,그래서 필요하신 자료는 백업해 두시면 되시,필요하신 사이에 빽업해 두신 년 대신,그래서 필요하신 자리에 빽업해 두시면 되시
AIHub_LowQualityPhoneVoice_valid__29112,0.0,0.0,0.0,False,네 알겠습니다 감사합니다,네 알겠습니다 감사합니다,네 알겠습니다 감사합니다
AIHub_LowQualityPhoneVoice_valid__29151,18.181818181818183,0.0,-18.181818181818183,False,학습 교재 인강 교재,학습 교직 인강 교제,학습 교재 인강 교재
AIHub_LowQualityPhoneVoice_valid__29153,31.818181818181817,9.090909090909092,-22.727272727272727,False,교재를 수령하셨는데 파본이신 거 같다고요,교재를 추락하셨는데 파보내신 거 같다고 이야,교재를 추락하셨는데 파본이신 거 같다고요
AIHub_LowQualityPhoneVoice_valid__29156,21.428571428571427,0.0,-21.428571428571427,False,페이지가 없다라는 말씀이신,폐인지가 없다라는 말씀이시,페이지가 없다라는 말씀이신
AIHub_LowQualityPhoneVoice_valid__29177,39.130434782608695,26.08695652173913,-13.043478260869566,False,네 네 네 네 당연하죠 확인해 확인해보세요,네 당연하죠 확인해보세요 확인해보세요,네 네 네 네 당연하죠 확인해 보실 수 확인해 보세요
AIHub_LowQualityPhoneVoice_valid__29180,0.0,0.0,0.0,False,지금 안 들리세요 들리세요,지금 안 들리세요 들리세요,지금 안 들리세요 들리세요
AIHub_LowQualityPhoneVoice_valid__29186,25.0,0.0,-25.0,False,그 위탁 장소가,그 위탁 정수가,그 위탁 장소가
AIHub_LowQualityPhoneVoice_valid__29192,31.25,2.083333333333333,-29.166666666666668,False,완료되시면 학생님 계정 알림 창에 반송이 완료되었습니다 이렇게 알림 수신 쪽지가 오세요,완료되시면 석쇙림 개정 알림 사랑의 반전이 완료되었습니다 이렇게 알려주실 수는 적지가 없으세요,완료되시면 학생님 계정 알림창에 반송이 완료되었습니다 이렇게 알림 수신 쪽지가 오세요
AIHub_LowQualityPhoneVoice_valid__29193,0.0,0.0,0.0,False,네 감사합니다,네 감사합니다,네 감사합니다
AIHub_LowQualityPhoneVoice_valid__29200,28.07017543859649,10.526315789473683,-17.54385964912281,False,만약에 오늘 출고가 안되면 이제 토요일이나 아니면 다음 주 월요일에 출고가 됨 그러면 그다음 주에 받아,만약에 오늘 소가 안 되면 이제 토요일이나 아니면 다음 주 오래돼지거든 그러면 그다음 주에,만약에 오늘 출고가 안되면 이제 토요일이나 아니면 다음 주 월요일에 출고가 되면 그러면 그 다음 주에
AIHub_LowQualityPhoneVoice_valid__29201,12.5,6.25,-6.25,False,그러면 그 이후에 받아보실 것 같은데 출고가 언제 됐느냐에 따라 조금 상이하시긴 하신데,그러면 그 이후에 받아 보실 거 같은데 출고가 언제 됐냐에 따라 조금 상의하긴 하신대,그러면 그 이후에 받아보실 거 같은데 출고가 언제 됐냐에 따라 조금 상이하긴 하신데
AIHub_LowQualityPhoneVoice_valid__29203,11.76470588235294,0.0,-11.76470588235294,False,그러면 오늘 만약에 하면은 뭐 월요일이나 화요일에는 못 받나요,그면 오늘 만약에 하면은 뭐 월요일이나 화요일엔 못 봤나요,그러면 오늘 만약에 하면은 뭐 월요일이나 화요일에는 못 받나요
AIHub_LowQualityPhoneVoice_valid__29207,23.52941176470588,23.52941176470588,0.0,False,그럼 어떻게 어 일단 알겠습니다,어떻게 아 일단 알겠습니다,어떻게 아 일단 알겠습니다
AIHub_LowQualityPhoneVoice_valid__29218,0.0,0.0,0.0,False,좋은 하루 되세요,좋은 하루 되세요,좋은 하루 되세요
AIHub_LowQualityPhoneVoice_valid__29221,8.333333333333332,0.0,-8.333333333333332,False,그리고 나중에 이제 그,그리고 나중엔 이제 그,그리고 나중에 이제 그
AIHub_LowQualityPhoneVoice_valid__29225,23.684210526315788,13.157894736842104,-10.526315789473683,False,혹시 저희 쪽으로 저희 쪽에서 상담받은 적 받으신 적 있으시죠 어머니,저희 쪽으로 저희 쪽으로 성당 받친 적 받으신 적 있으시죠 어머니,저희 쪽에서 저희 쪽에서 상담받은 적 받으신 적 있으시죠 어머니
AIHub_LowQualityPhoneVoice_valid__29227,18.181818181818183,2.272727272727273,-15.90909090909091,False,어 어제는 근데 강좌만 상담을 받으신 거 같은데요 혹시 교재도 환불하시는 거예요,어 어제는 근데 강사만 상담을 받으신 거 같은데 야 혹시 교재도 환불화 치는 거이야,어 어제는 근데 강좌만 상담을 받으신 것 같은데요 혹시 교재도 환불하시는 거예요
AIHub_LowQualityPhoneVoice_valid__29239,0.0,0.0,0.0,False,네 감사합니다,네 감사합니다,네 감사합니다
AIHub_LowQualityPhoneVoice_valid__29241,10.638297872340425,8.51063829787234,-2.127659574468085,False,네 회원님께서 보내주신 메일 확인했을 때 이제 내지와 표지가 분리된 게 확인이 되어서,내 회원님께서 보내주신 메일 확인했을 때 이제 넷이서 표시가 분리된 게 확인이 되어서,네 회원님께서 보내주신 메일 확인했을 때 이제 네 시와 표시가 분리된 게 확인이 되어서
AIHub_LowQualityPhoneVoice_valid__29243,20.0,5.714285714285714,-14.285714285714285,False,교재는 버전을 잘못 구매하셨기 때문에 반송 환불을 원하시는 거죠,금세는 버전을 잘못 구매하셨기 때문에 반성 뭐 환부를 원하시는 거죠,교재는 버전을 잘못 구매하셨기 때문에 반송 그 환불을 원하시는 거죠
AIHub_LowQualityPhoneVoice_valid__29245,5.88235294117647,0.0,-5.88235294117647,False,아 네 네 그럼 저희가 다시 이제 회수로 진행을 해드릴 거고요,아 네 네 그럼 저희가 다시 인제 일수로 진행을 해드릴 거고요,아 네 네 그럼 저희가 다시 이제 회수로 진행을 해드릴 거고요
AIHub_LowQualityPhoneVoice_valid__29268,20.833333333333336,8.333333333333332,-12.500000000000004,False,어 불량 교재인데도 그렇게 환불이 들어가나요,어 분양 교생들도 그렇게 환불이 들어가나요,어 불량 교재도 그렇게 환불이 들어가나요
AIHub_LowQualityPhoneVoice_valid__29271,14.285714285714285,0.0,-14.285714285714285,False,반송비를 내셔가지고 저희 쪽에 반송을 해주셔야 돼요,반성비를 내셔가지고 저희 쪽에 반성으로 해주셔야 돼요,반송비를 내셔가지고 저희 쪽에 반송을 해주셔야 돼요
AIHub_LowQualityPhoneVoice_valid__29290,25.0,0.0,-25.0,False,구매를 했거든요,번호를 했거든요,구매를 했거든요
AIHub_LowQualityPhoneVoice_valid__29305,15.151515151515152,18.181818181818183,3.030303030303031,False,저 그 제가 반송 신청을 해 가지고 그 교재 팀에 그 문의를,저 그 제가 그 반송 신청을 해가지고 그 교재 지네 그 문의를,지금 그 제가 그 반송 신청을 해가지고 그 교재팀에 그 문의를
AIHub_LowQualityPhoneVoice_valid__29327,0.0,0.0,0.0,False,그럼 아직 없어요,그럼 아직 없어요,그럼 아직 없어요
AIHub_LowQualityPhoneVoice_valid__29381,36.666666666666664,20.0,-16.666666666666664,False,회원님 확인되셨고요 혹시 언제 그 주문하셨 아 주 어떤,네 확인 되셨고요 혹시 언제 결 그 중간 아 어떤,회원님 확인되셨고요 혹시 언제 결 그 주문하셨나 어떤
AIHub_LowQualityPhoneVoice_valid__29388,66.66666666666666,0.0,-66.66666666666666,False,네 여보세요,안데오세요,네 여보세요
AIHub_LowQualityPhoneVoice_valid__29408,3.9473684210526314,3.9473684210526314,0.0,False,그래서 지금 금요일은 어렵고 한 다음 주 월요일 정도 그 정도 쯤에 이제 그 정도 쯤이라고 보시면 되긴 하는데 우선 제일 정확한 거는 그,그래서 지금 금요일은 어렵고 한 다음 주 월요일 정도 그 정도쯤에 이제 그 정도쯤이라고 보시면 되긴 하는데 우선은 제일 정확한 거는 그,그래서 지금 금요일은 어렵고 한 다음 주 월요일 정도 그 정도쯤에 이제 그 정도쯤이라고 보시면 되긴 하는데 우선은 제일 정확한 거는 그
AIHub_LowQualityPhoneVoice_valid__29413,14.285714285714285,2.857142857142857,-11.428571428571427,False,음 그냥 음 그냥 환불 그냥 거기서 처리해 주셔서 전 잘 몰라요,음 그냥 음 그냥 환불 그냥 거기서 퇴화되셔서 전 잘 몰라요,음 그냥 음 그냥 환불 그냥 거기서 처리해주셔서 전 잘 몰라요
AIHub_LowQualityPhoneVoice_valid__29436,7.142857142857142,0.0,-7.142857142857142,False,이게 오늘 출고된 시점에서 확인이 가능하세요 회원님,이게 오늘 출고 된 시점에서 확인이 가능하세요 회원이,이게 오늘 출고된 시점에서 확인이 가능하세요 회원님
AIHub_LowQualityPhoneVoice_valid__29438,18.6046511627907,6.976744186046512,-11.627906976744187,False,다 예 그때 몇 개 샀는데 다 답안지가 들었는데 요거만 답안지가 지금 없다네요,다 예 그때 맻 개 샀는데 다 다반지가 드는데 요고만 다반지가 지금 없다네요,다 예 그때 몇 개 샀는데 다 답안지가 들어 있는데 요거만 답안지가 지금 없다네요
AIHub_LowQualityPhoneVoice_valid__29445,21.875,0.0,-21.875,False,예 예 아니면 그냥 답지만 메일로 저희가 받을 수는 없어요,이 아니면 그냥 탔지만 매일로 저희가 받을 순 없어요,예 예 아니면 그냥 답지만 메일로 저희가 받을 수는 없어요
AIHub_LowQualityPhoneVoice_valid__29450,7.142857142857142,0.0,-7.142857142857142,False,지금 바로 보낼게요 그러면,지금 바로 보낼게 그러면,지금 바로 보낼게요 그러면
AIHub_LowQualityPhoneVoice_valid__29451,0.0,0.0,0.0,False,네 감사합니다,네 감사합니다,네 감사합니다
AIHub_LowQualityPhoneVoice_valid__29459,12.5,0.0,-12.5,False,통화를 했습니다,영화를 했습니다,통화를 했습니다
AIHub_LowQualityPhoneVoice_valid__29481,12.903225806451612,6.451612903225806,-6.451612903225806,False,그냥 현관 앞에다가 놓으시면 되기는 하거든요 그거 싸인을,그냥 현관 앞에다가 노시면 계기는 하거든요 그거 사인을,그냥 현관 앞에다가 놓으시면 되긴 하거든요 그거 싸인을
AIHub_LowQualityPhoneVoice_valid__29487,0.0,4.0,4.0,False,아 네 여기 제가 그 그 프리패스를 끊었거든요,아 네 여기 제가 그 그 프리패스를 끊었거든요,아 네 저기 제가 그 그 프리패스를 끊었거든요
AIHub_LowQualityPhoneVoice_valid__29494,12.82051282051282,7.6923076923076925,-5.128205128205127,False,아 네 그러시면 교재 자체에서는 아제 아예 미사용 하신 상태는 맞으시죠,아 네 그러시면 교재 자체에서는 아 네 아예 미사일용 하신 상들은 맞으시죠,아 네 그러시면 교재 자체에서는 아직 아예 미사용하신 상태면 맞으시죠
AIHub_LowQualityPhoneVoice_valid__29495,50.0,0.0,-50.0,False,네 네 잠깐만요,네 네 안녕,네 네 잠깐만요
AIHub_LowQualityPhoneVoice_valid__29498,31.818181818181817,0.0,-31.818181818181817,False,그 쪽지 쪽지가 한 며칠 후에 도착하나요,똑질 똑지가 한 며칠 후에 부탁하나요,그 쪽지 쪽지가 한 며칠 후에 도착하나요
AIHub_LowQualityPhoneVoice_valid__29510,10.416666666666668,1.0416666666666665,-9.375000000000002,False,예 근데 저희 반송 같은 경우에는 이제 그 선불 그 배송비를 거기 그 안에다 다 안에다가 동봉하는 게 아니라 이제 선불배송비를 선 회원님이 지불을 먼저 하시는 거예요 그래서,네 근데 저 반송 같은 경우에는 이제 그 선불 그 배송비를 거기 그 안에다가 안에다가 동보원 하는 게 아니라 이제 선불 배송비를 선 회원님이 집을 먼저 하시는 거예요 그래서,예 근데 저희 반송 같은 경우에는 이제 그 선불 그 배송비를 거기 그 안에다 다 안에다가 동봉하는 게 아니라 이제 선불 배송비를 선 회원님이 지불을 먼저 하시는 거예요 그래서
AIHub_LowQualityPhoneVoice_valid__29518,32.857142857142854,7.142857142857142,-25.71428571428571,False,아 고객님 조금 전에 주문하셨기 때문에 아직 교재 출고되지 않았거든요 그래서 요거는 언제 도착한다고 확답드리긴 조금 어려우세요,어 형님 조금 전에 주문하셨기 때문에 아직 그저 추후가 되지 않을냐 요건은 언제 도착한다고 확답드리긴 쪼끔 어려우지,어 회원님 조금 전에 주문하셨기 때문에 아직 교재 출고가 되지 않았거든요 그래서 요거는 언제 도착한다고 확답드리긴 조금 어려우세요
AIHub_LowQualityPhoneVoice_valid__29533,100.0,18.0,-82.0,False,네 네 그 수능까지 재연해주셔야 됩니다 글고 알림 참고 하셔가지고 자문 진행 부탁 드릴게요,아,네 네 그 수능까지 진행해주셔야 됩니다 그거 알림 참고하셔 가지고 잠을 진행 부탁드릴게요
AIHub_LowQualityPhoneVoice_valid__29538,62.5,12.5,-50.0,False,출발하는 곳이 용인이다 보니까,며칠 만 원이 영인이 쩔 갈까,그 출발하는 곳이 용인이다 보니까
AIHub_LowQualityPhoneVoice_valid__29549,0.0,0.0,0.0,False,아 뭐라고요 출발하는 곳이,아 뭐라고요 출발하는 곳이,아 뭐라고요 출발하는 곳이
AIHub_LowQualityPhoneVoice_valid__29555,22.727272727272727,13.636363636363635,-9.090909090909092,False,네 네 저희가 출력에서 쓰면 되는 거니까,네 네 네 여기가 출력이서 쓰면 되는 거니까,네 네 네 저희가 출력해서 쓰면 되는 거니까
AIHub_LowQualityPhoneVoice_valid__29564,19.230769230769234,3.8461538461538463,-15.384615384615387,False,일단은 그러면 제가 한번 확인해서 연락 드릴게요,일단은 그러면 제가 뭐 확인해서 연락드릴께,일단은 그러면 제가 한번 확인해서 연락드릴게요
AIHub_LowQualityPhoneVoice_valid__29588,46.666666666666664,26.666666666666668,-19.999999999999996,False,그래서 방법은 퀵밖에 없는데,그래서 방법은 피했다 할 데 없는데,그래서 단과 문 퀵밖에 없는데
AIHub_LowQualityPhoneVoice_valid__29596,63.63636363636363,27.27272727272727,-36.36363636363636,False,지금 생각이 났거든요,되게 생각이 났고 있으용,그게 생각이 맞거든요
AIHub_LowQualityPhoneVoice_valid__29602,21.428571428571427,21.428571428571427,0.0,False,만약에 금일 수령 원하시면,만약에 금요일 날 원하시면,만약에 금일을 원하시면
AIHub_LowQualityPhoneVoice_valid__29616,7.6923076923076925,3.8461538461538463,-3.8461538461538463,False,그럼 주소는 아까 말씀하셨던 그 주소 맞는 거죠,그 주소는 아까 말씀하셨던 그 주소 맞는 거자,그 주소는 아까 말씀하셨던 그 주소 맞는 거죠
AIHub_LowQualityPhoneVoice_valid__29620,45.45454545454545,0.0,-45.45454545454545,False,제가 통화해 가지고 이체하는 걸로 할게요,저 상하이 가지고 위치하는 걸 하께요,제가 통화해 가지고 이체하는 걸로 할게요
AIHub_LowQualityPhoneVoice_valid__29648,25.925925925925924,11.11111111111111,-14.814814814814813,False,번호 어떻게 되실까요 네 네 잠시만 기다려 주세요,뭐는 어떻게 되실까요 네 네이드만 시만 기다려주세요,번호 어떻게 되실까요 네 잠시만 기다려주세요
AIHub_LowQualityPhoneVoice_valid__29649,14.285714285714285,0.0,-14.285714285714285,False,네 혹시 문자 받으셨을까요,네 혹시 문자 받았었을까요,네 혹시 문자 받으셨을까요
AIHub_LowQualityPhoneVoice_valid__29651,25.0,10.0,-15.0,False,반송된 주소 거기 적혀 있는 주소로 반송하신 선불로 다 반송하신 다음에요,방송된 주소 거기 적용 주소로 방송하신 선블러 다 방송하신 다음에,반송된 주소 거기 적은 주소로 반송하신 선불로 다 반송하신 다음에요
AIHub_LowQualityPhoneVoice_valid__29661,0.0,0.0,0.0,False,지금 열 두 시 전에 혹시 배송 주문을 하면,지금 열 두 시 전에 혹시 배송 주문을 하면,지금 열 두 시 전에 혹시 배송 주문을 하면
AIHub_LowQualityPhoneVoice_valid__29672,37.5,0.0,-37.5,False,어 네 잠시만요,아우 잠시만요,어 네 잠시만요
AIHub_LowQualityPhoneVoice_valid__29677,45.0,20.0,-25.0,False,어 신용 카드는 안 쓰는데 아 그래요,아 시설커버 안 했었는데 아 그래요,어 신용카드가 안 왔었는데 아 그래요
AIHub_LowQualityPhoneVoice_valid__29686,11.11111111111111,11.11111111111111,0.0,False,본인 되시는 거죠,본인 되시는 거자,본인되시는 거죠
AIHub_LowQualityPhoneVoice_valid__29694,23.076923076923077,7.6923076923076925,-15.384615384615383,False,아 그 혹시 언제 결제하신 건지 알 수 있을까요,아 혹시 언제 결제하실 분 잘 수 있을까요,아 혹시 언제 결제하신 건지 알 수 있을까요
AIHub_LowQualityPhoneVoice_valid__29697,22.22222222222222,0.0,-22.22222222222222,False,환불하시려는 사유가 어떻게 되세요,한불 하시려나는 서유가 어떻게 되세요,환불하시려는 사유가 어떻게 되세요
AIHub_LowQualityPhoneVoice_valid__29702,20.0,20.0,0.0,False,잠시만 기다려주세요,네 잠시만 기다려주세요,네 잠시만 기다려주세요
AIHub_LowQualityPhoneVoice_valid__29704,56.666666666666664,30.0,-26.666666666666664,False,그 주소 참 주소 해당 주소에다 보 보내주시면 되시고요,이거 저 그 드서 저 저 해장서에다가 보 보내신 되시고요,이거 저 그 주소 주소 해당 주소에다가 보내주시면 되시고요
AIHub_LowQualityPhoneVoice_valid__29706,58.82352941176471,0.0,-58.82352941176471,False,네 소중한 정보 확인 감사합니다,예를 들어서 감사합니다,네 소중한 정보 확인 감사합니다
AIHub_LowQualityPhoneVoice_valid__29716,77.77777777777779,11.11111111111111,-66.66666666666667,False,좋은 하루 되세여,전원으 계세요,좋은 하루 되세요
AIHub_LowQualityPhoneVoice_valid__29718,44.0,28.000000000000004,-15.999999999999996,False,예 안녕하세요 그 교재 환불 좀 하려고 하는데,안녕하세요 그 저기 교재 한 한 볼 좀 할려고 하는데,네 안녕하세요 그 저기 교재 환 환불 좀 할려고 하는데
AIHub_LowQualityPhoneVoice_valid__29732,37.5,0.0,-37.5,False,그게 묶여있나요,그게 문대 있나요,그게 묶여있나요
AIHub_LowQualityPhoneVoice_valid__29734,11.428571428571429,0.0,-11.428571428571429,False,우선 그렇게 되면 이 두 권 그럼 사용 안 하시는 거 맞으신가요,우선 그렇게 되면 이 대 몇 번 그럼 사용 안 하시는 거 맞으신가요,우선 그렇게 되면 이 두 권 그럼 사용 안 하시는 거 맞으신가요
AIHub_LowQualityPhoneVoice_valid__29736,27.27272727272727,22.727272727272727,-4.545454545454543,False,에 예 래핑은 따로 그 제거 안 하셨나요,진의하네 에 에핑은 따로 그 제거 안 하셨나요,비닐 안에 랩핑은 따로 그 제거 안 하셨나요
AIHub_LowQualityPhoneVoice_valid__29755,18.51851851851852,1.8518518518518516,-16.666666666666668,False,네 첫 번째로 반송 주소 나와있습니다 그쪽으로 저희 쪽으 쪽 주소로 저희 쪽으로 보내주시면 되구요,네 첫 번째로 관성주서 나와 있습니다 그쪽으로 저희 쪽으로 저희 쪽으로 보내주시면 되구요,네 첫 번째로 반송 주소 나와있습니다 그쪽으로 저희 쪽으로 쪽 주소로 저희 쪽으로 보내주시면 되구요
AIHub_LowQualityPhoneVoice_valid__29756,6.896551724137931,0.0,-6.896551724137931,False,그리고 두 번째 메모 사항이 있습니다 메모 사항 이제,그리고 두 번째 네모 사항이 있습니다 네모 사항 이제,그리고 두 번째 메모 사항이 있습니다 메모 사항 이제
AIHub_LowQualityPhoneVoice_valid__29758,14.285714285714285,0.0,-14.285714285714285,False,메모 사항이요,외모 사항이요,메모 사항이요
AIHub_LowQualityPhoneVoice_valid__29773,2.1739130434782608,4.3478260869565215,2.1739130434782608,False,어 저희가 그렇게 당일 출고가 지정되는 시간은 따로 없구요 그냥 보통 적으로는 이제,어 저희가 그렇게 당일 출고가 지정되는 시간은 따로 없구요 그냥 보통적으로는 이제,어 저희가 그렇게 당일 출고가 지정되는 시간은 따로 없고요 그냥 보통적으로는 이제
AIHub_LowQualityPhoneVoice_valid__29779,24.444444444444443,11.11111111111111,-13.333333333333332,False,아니요 한건지 아니면 요거는 인제 입고 될 때까지 기다려야 되는지 확인이 되는지요,아 난 한 번대 아니면 요번은 인제 입꼬대 때까지 기다려야 되는지 확인이 되는뎀요,가능한 건지 아니면 요거는 인제 입고될 때까지 기다려야 되는지 확인이 되는지요
AIHub_LowQualityPhoneVoice_valid__29794,90.9090909090909,54.54545454545454,-36.36363636363637,False,네 받을 수 있으세요,네,네 받아오실 거예요
AIHub_LowQualityPhoneVoice_valid__29795,0.0,0.0,0.0,False,아 알겠습니다,아 알겠습니다,아 알겠습니다
AIHub_LowQualityPhoneVoice_valid__29798,17.24137931034483,3.4482758620689653,-13.793103448275865,False,네 언제든지 문의 주셔서 현금 환불 요청하시면 되고요,그래 언제든지 문의 주셔서 현금업을 요청하시면 되고요,네 언제든지 문의주셔서 현금 환불 요청하시면 되고요
AIHub_LowQualityPhoneVoice_valid__29803,12.903225806451612,3.225806451612903,-9.677419354838708,False,문자로 보내주시면 제가 인터 인터넷 뱅킹으로 바로 할게요,문자로 보내주시면 제가 인터넷 인터넷뱅크용으로 바로 할게요,문자로 보내주시면 제가 인터넷 인터넷 뱅킹으로 바로 할게요
AIHub_LowQualityPhoneVoice_valid__29808,50.0,50.0,0.0,False,그런 부분이 있어요 예,한 부분 있어요 아니면,방법은 있어요 예
AIHub_LowQualityPhoneVoice_valid__29818,25.0,15.0,-10.0,False,잠깐만요 그럼 문자로 보내셨다는 거죠,그럼 문자로 보내셨다는 거죠,그러면요 그럼 문자로 보내셨다는 거죠
AIHub_LowQualityPhoneVoice_valid__29841,22.22222222222222,0.0,-22.22222222222222,False,아 네 네 잠시만,아 네 네 몇십만,아 네 네 잠시만
AIHub_LowQualityPhoneVoice_valid__29847,0.0,0.0,0.0,False,근데 지금 교재,근데 지금 교재,근데 지금 교재
AIHub_LowQualityPhoneVoice_valid__29857,14.814814814814813,3.7037037037037033,-11.11111111111111,False,아 완료는 되었구요 혹시 입금자명은 어떻게 되세요,아 완료는 되었구요 혹시 끝화면은 어떻게 되세요,아 완료는 되었고요 혹시 입금자명은 어떻게 되세요
AIHub_LowQualityPhoneVoice_valid__29879,0.0,0.0,0.0,False,네 감사합니다,네 감사합니다,네 감사합니다
AIHub_LowQualityPhoneVoice_valid__29886,0.0,0.0,0.0,False,네 그대로 있어요 네,네 그대로 있어요 네,네 그대로 있어요 네
AIHub_LowQualityPhoneVoice_valid__29896,42.30769230769231,9.615384615384617,-32.69230769230769,False,네 여기에 반송 주소 메모 사항 같은 경우에는 그 교재 받으신 봉투 혹시 파란색 봉투 맞으세요,매져돼 반성 주소 메모상 같은 경우에는 그 교재 받으시 보고 저거지 팔아시 보고도 받으세요,네 네 네 반송 주소 메모 사항 같은 경우에는 그 교재 받으신 부분 혹시 파란색 봉투 맞으세요
AIHub_LowQualityPhoneVoice_valid__29920,18.84057971014493,4.3478260869565215,-14.492753623188408,False,네 또 월요일 같은 경우에는 또 그만큼 물량이 쌓이는 걸 배송을 진행을 해 주시다 보니까 조금 더 더 지연이 될 수는 있어요,근데 또 월요일 날 또 그만큼 물량이 쌓이는 거 배송을 진행을 해주시다 보니까 쪼끔 더 더 지연이 될 수는 있어요,근데 또 월요일 같은 경우에는 또 그만큼 물량이 쌓이는 걸 배송을 진행을 해주시다 보니까 조금 더 더 지연이 될 수는 있어요
AIHub_LowQualityPhoneVoice_valid__29943,71.42857142857143,0.0,-71.42857142857143,False,네 감사합니다,네 남자는,네 감사합니다
AIHub_LowQualityPhoneVoice_valid__29946,9.803921568627452,0.0,-9.803921568627452,False,네 아 네 지금 교재가 이제 주소도 일치하지 않고 연락처도 일치하지 않는다는 말씀 맞으실까요,에이 아 네 지금 교제가 이제 주소도 일치하지 않고 연락처도 일치하지 않는다는 말씀 아시실까요,네 아 네 지금 교재가 이제 주소도 일치하지 않고 연락처도 일치하지 않는다는 말씀 맞으실까요
AIHub_LowQualityPhoneVoice_valid__29958,43.75,37.5,-6.25,False,연락을 주시던지 하세요 그전에,연락을 주시던 게 아,연락을 주시던 게 아니에요 그 전에
AIHub_LowQualityPhoneVoice_valid__29962,41.66666666666667,12.5,-29.16666666666667,False,그럼 확인 후 다시 연락 드리도록 하겠습니다,어 확인을 다시 제대로록 하겠습니다,잠깐 확인 후 다시 연락드리도록 하겠습니다
AIHub_LowQualityPhoneVoice_valid__29985,42.857142857142854,14.285714285714285,-28.57142857142857,False,아 롯데택배요,아 롯데트페어,아 롯데 택배요
AIHub_LowQualityPhoneVoice_valid__29996,71.42857142857143,0.0,-71.42857142857143,False,미니 배치표요,미니 백지 교회요,미니 배치표요
AIHub_LowQualityPhoneVoice_valid__29998,44.0,28.000000000000004,-15.999999999999996,False,홍익대 누르면 자연 계열 자연 계열 누르시면요,거기 때문에 자연계약 자연계약을 누르시면요,거기 뜨그면 자연계열 자연계열 누르시면요
AIHub_LowQualityPhoneVoice_valid__29999,35.714285714285715,28.57142857142857,-7.142857142857146,False,자연 계열 누르셨어요 혹시,사장님 누르셨어요 혹시,자녀 회원님 누르셨어요 혹시
AIHub_LowQualityPhoneVoice_valid__30007,85.71428571428571,0.0,-85.71428571428571,False,네 네 하셨죠,내내 하자 쳐,네 네 하셨죠
AIHub_LowQualityPhoneVoice_valid__30014,13.88888888888889,5.555555555555555,-8.333333333333334,False,두 번째 물어보는 거는 여기 배치 점수가 나온 거 보시죠 보이시죠,두 번째 물어보는 거는 여기 배치장수가 나온 거 보시자 보시냐,두 번째 물어보는 거는 여기 배치 정수가 나온 거 보이시죠 보이시죠
AIHub_LowQualityPhoneVoice_valid__30015,57.14285714285714,42.857142857142854,-14.285714285714285,False,치 점수요 네,시점수요,시 점수요
AIHub_LowQualityPhoneVoice_valid__30018,0.0,0.0,0.0,False,네 네 네 네 그렇게 반영이 된 겁니다,네 네 네 네 그렇게 반영이 된 겁니다,네 네 네 네 그렇게 반영이 된 겁니다
AIHub_LowQualityPhoneVoice_valid__30026,11.666666666666666,10.0,-1.666666666666666,False,그냥 저희가 일단 백분위 기준으로 그냥 대학들 서열로 따로 막 이렇게 의미를 부여를 하지는 않는 거다 보니까,그냥 좋아요 일단 백분위 기준으로 그냥 새하테 서울로 따로 막 이렇게 의미를 부여를 하지는 않는 거다 보니까,그냥 저희가 일단 백분위 기준으로 그냥 제약된 서울로 따로 왜 이게 의미를 부여를 하지는 않는 거다 보니까
AIHub_LowQualityPhoneVoice_valid__30039,10.0,0.0,-10.0,False,지정을 하라는 게 아니라 대략 혹시나,직용을 하라는 게 아니라 대략 혹시나,지정을 하라는 게 아니라 대략 혹시나
AIHub_LowQualityPhoneVoice_valid__30053,18.181818181818183,18.181818181818183,0.0,False,그럼 확인하고 연 연락 주시면 안 될까요,아 확인하고 연락 주시면 안 될까요,아 확인하고 연락 주시면 안 될까요
AIHub_LowQualityPhoneVoice_valid__30057,71.42857142857143,50.0,-21.42857142857143,False,저 한 가지 문의하겠는데요,이거 하려니 모르겠는데,제가 문의해야겠는데요
AIHub_LowQualityPhoneVoice_valid__30062,42.857142857142854,22.857142857142858,-19.999999999999996,False,우체국이라고 해서 뭐 특별히 빠른 뭐 배송 같은 거 안 되는군요,으 최고로 치마 특별히 빠른 뭐 배송 같은 것도 안 되는 거네요,우체국으로서 뭐 특별히 빠른 뭐 배송 같은 것도 안되는군요
AIHub_LowQualityPhoneVoice_valid__30064,50.0,27.77777777777778,-22.22222222222222,False,우체국으로 빠르면 우체국으로 하고,유체고로 빠른 유체고를 하고,우체국으로 빠르면 저거 하고
AIHub_LowQualityPhoneVoice_valid__30071,19.444444444444446,13.88888888888889,-5.555555555555557,False,정확한 배상 기간 확답만 어려운 점 그 점만 좀 참조 부탁드릴게요,정확한 얘기가 확답만 어려운 점 그 전만 지금 참조 부탁드릴게요,정확한 회수가 확답만 어려운 점 그 점만 좀 참조 부탁드릴게요
AIHub_LowQualityPhoneVoice_valid__30095,61.53846153846154,30.76923076923077,-30.76923076923077,False,어떤 교재세요 그 속에서,어떤 곳에서 이야 그쪽에서,어떤 곳이세요 그 소리에서
AIHub_LowQualityPhoneVoice_valid__30099,43.90243902439025,7.317073170731707,-36.585365853658544,False,요거 부모님께서 오늘 연락을 주셔야 될 것 같애요 고객님 저녁에라도 밤이나,요고 보험 회사 오늘 일 나고 치셔야 될 거 같애요 저녁에 나도 밤이나,요거 부모님께서 오늘 연락을 주셔야 될 것 같아요 회원님 저녁에라도 밤이나
AIHub_LowQualityPhoneVoice_valid__30105,22.727272727272727,11.363636363636363,-11.363636363636363,False,앗 아 그런가요 아 그러면은 지금 이제 엄마한테 좀 얘기해서 연락 드리라고 하겠,아 그런가요 박씨 형은 지금 내 엄마한테 좀 얘기해서 연락드리라고 하겠,아 그런가요 아 그러면은 지금 네 엄마한테 좀 얘기해서 연락드리라고 하겠
AIHub_LowQualityPhoneVoice_valid__30122,14.285714285714285,7.142857142857142,-7.142857142857142,False,저한테 지금 환불을 어떻게 절차를 해야 되는 거예요,저한테 재검 환부를 어떻게 절차를 해야 되는 거예요,저한테 제가 환불을 어떻게 절차를 해야 되는 거예요
AIHub_LowQualityPhoneVoice_valid__30124,5.555555555555555,5.555555555555555,0.0,False,교재를 회원님 측에서 저희 쪽으로 한 번 반송을 해 주셔야 됩니다,교대를 회원님 측에서 저희 쪽으로 한 번 반성을 해 주셔야 됩니다,교재를 회원님 측에서 저희 쪽으로 한번 반송을 해주셔야 됩니다
AIHub_LowQualityPhoneVoice_valid__30151,44.44444444444444,33.33333333333333,-11.111111111111114,False,아이디는 모르는데,뭐라는지는 모르는데,내일에는 모르는데
AIHub_LowQualityPhoneVoice_valid__30157,17.647058823529413,29.411764705882355,11.764705882352942,False,비닐 봉지 뜯지 않았고요 네 네,미면 봉지 끄지 않았고요 네 네,비밀 봉지 뜯지 않았고요
AIHub_LowQualityPhoneVoice_valid__30161,45.0,10.0,-35.0,False,제가 이 회사에 묶여 있어서 못 해요,제가 현실에 몇 개씩 못 해요,제가 이 회사에 묶여있어서 못해요
AIHub_LowQualityPhoneVoice_valid__30170,26.47058823529412,14.705882352941178,-11.764705882352942,False,예 예 이거 문자 참고해 주시면서 반송 진행해 주시면 되시구요,에 에 에 문자 참고해주시면 또 반영 진행해주시면 되시구요,네 네 문자 참고해 주시면서 반송 진행해 주시면 되시구요
AIHub_LowQualityPhoneVoice_valid__30178,12.5,15.625,3.125,False,네 지금 현재 확인 중에 있으니까 잠시만 더 기다려 주세요,네 저 남자 확인 중에 있으니까 잠시만 더 기다려 주세요,네 지원자 확인 중에 있으니까 잠시만 더 기다려주세요
AIHub_LowQualityPhoneVoice_valid__30187,3.8461538461538463,3.8461538461538463,0.0,False,저녁이나 저녁 이후에 사이트 확인해 주셔야 돼요,저녁이나 저녁 이후에 사이트 확인해주셔야 돼요,저녁이나 저녁 이후에 사이트 확인해주셔야 돼요
AIHub_LowQualityPhoneVoice_valid__30193,22.22222222222222,22.22222222222222,0.0,False,송장 나온 다음에,성자 나온 다음에,상자 나온 다음에
AIHub_LowQualityPhoneVoice_valid__30201,42.857142857142854,0.0,-42.857142857142854,False,네 일단 알겠습니다 일단은,네 네 일단 알겠습니다,네 일단 알겠습니다 일단은
AIHub_LowQualityPhoneVoice_valid__30206,0.0,0.0,0.0,False,네 감사합니다,네 감사합니다,네 감사합니다
AIHub_LowQualityPhoneVoice_valid__30210,13.20754716981132,7.547169811320755,-5.660377358490566,False,음 네 네 근데 저희가 이렇게 단순히 산출한 점수기 때문에요 참고 자료로만 활용 부탁드리겠습니다,근데 네 근데 저희가 이렇게 단순히 함출한 점수기 때문에 이야 참고 자료로만 활용 부탁드리겠습니다,음 네 네 근데 저희가 이렇게 단순히 한 줄 한 점수기 때문에요 참고 자료로만 활용 부탁드리겠습니다
AIHub_LowQualityPhoneVoice_valid__30214,46.15384615384615,3.8461538461538463,-42.30769230769231,False,당연히 아니깐요 그건 자꾸 말하실 필요는 없고요,전형이 아니깐요 거 자꾸 말할 수 있음 없고,당연히 아니깐요 그건 자꾸 말하실 필요 없고요
AIHub_LowQualityPhoneVoice_valid__30219,8.333333333333332,2.7777777777777777,-5.5555555555555545,False,기준은 일단 절대 아니구요 저희가 일단 말씀 드린 대로 이전 동안 계속 누적한 데이터와 관련해서 저희가 진행을 해 드리고 있습니다,기준은 일단 절대 아니고요 저희가 일단 말씀드린데도 이전 동안 계속 누적한 데이터와 관련해서 저희가 진행을 해드리고 있습니다,기준은 일단 절대 아니구요 저희가 일단 말씀드린 대로 이전 동안 계속 누적한 데이터와 관련해서 저희가 진행을 해드리고 있습니다
AIHub_LowQualityPhoneVoice_valid__30227,14.285714285714285,14.285714285714285,0.0,False,예 감사합니다,네 감사합니다,네 감사합니다
AIHub_LowQualityPhoneVoice_valid__30229,52.38095238095239,9.523809523809524,-42.85714285714286,False,그 배송이 언제 되는 지 알고 싶어서요,그면 이제 어느중에 되는지 알고 싶어 봐요,그 배송 언제 되는지 알고 싶어서요
AIHub_LowQualityPhoneVoice_valid__30234,43.75,18.75,-25.0,False,오후 중에는 출고 되실 거예요,보호중에는 최고 될 거에요,오 호 중에는 출고되실 거예요
AIHub_LowQualityPhoneVoice_valid__30285,45.45454545454545,0.0,-45.45454545454545,False,그 해당 교재는 재입고될 예정이 없으세요,그 회장 재정은 제일 꼬달 예정이 없으세요,그 해당 교재는 재입고될 예정이 없으세요
AIHub_LowQualityPhoneVoice_valid__30305,18.51851851851852,0.0,-18.51851851851852,False,네 감사합니다 혹시 추가적인 문의 사항 있으실까요,네 감사합니다 후식주가적인 문의사항 있으실까요,네 감사합니다 혹시 추가적인 문의 사항 있으실까요
AIHub_LowQualityPhoneVoice_valid__30308,0.0,0.0,0.0,False,네 감사합니다,네 감사합니다,네 감사합니다
AIHub_LowQualityPhoneVoice_valid__30309,28.57142857142857,28.57142857142857,0.0,False,이거 어떡하지,뭐 어떡하지,뭐 어떡하지
AIHub_LowQualityPhoneVoice_valid__30327,29.166666666666668,29.166666666666668,0.0,False,그 그 강의 강의가 새로 나오면 그거는 어차피 다른 강의기 때문에 예 구매 가능합니다 어 아 지금 근데 수거하셔야 될 거 같습니다,그 강의 강의가 새로 나오면 그건 어차피 강의 때문에 예 국내 강의다 어 아 지금 근데 꼭 하셔야 될 거,그 강의 강의가 새로 나오면 그건 어차피 다른 강의 때문에 예 구매가 아직은 근데 꼭 하셔야 될 것 같
AIHub_LowQualityPhoneVoice_valid__30333,38.70967741935484,6.451612903225806,-32.25806451612903,False,혹시 다음 주 월요일쯤 확인 더 연락 연락 드려도 될까요,다음 주 월요일쯤 확인돼요 연락결과 될까요,혹시 다음 주 월요일쯤 확인 후 연락 연락드려도 될까요
AIHub_LowQualityPhoneVoice_valid__30335,0.0,0.0,0.0,False,아 저희 아이가 책을 주문했었는데요,아 저희 아이가 책을 주문했었는데요,아 저희 아이가 책을 주문했었는데요
AIHub_LowQualityPhoneVoice_valid__30337,11.11111111111111,3.7037037037037033,-7.407407407407407,False,오늘 제가 잘못 시켰다고 그러는데 혹시 반품되나요,오늘은 걔가 잘못 시켰다고 그러는데 혹시 반품 되나요,오늘 걔가 잘못 시켰다고 그러는데 혹시 반품되나요
AIHub_LowQualityPhoneVoice_valid__30371,16.666666666666664,8.333333333333332,-8.333333333333332,False,아니요 그냥 그대로에요,아니요 그냥 그대로,아니요 그냥 그대로예요
AIHub_LowQualityPhoneVoice_valid__30372,17.647058823529413,0.0,-17.647058823529413,False,아 그러실까요 그러면 환불 안내,아 그러실까요 그러면 환불한,아 그러실까요 그러면 환불 안내
AIHub_LowQualityPhoneVoice_valid__30377,8.695652173913043,0.0,-8.695652173913043,False,어 아직 안 오셨을까요 어려우실 수 있으세요 아니면 그냥 유선상으로 말씀을 드릴까요,어 아직 안 오셨을까요 어려우실 수 있으세요 아니면 그냥 유성정으로 말씀드릴까요,어 아직 안 오셨을까요 어려우실 수 있으세요 아니면 그냥 유선상으로 말씀을 드릴까요
AIHub_LowQualityPhoneVoice_valid__30381,25.0,0.0,-25.0,False,메모 하나 동봉,예모 하나 동,메모 하나 동봉
AIHub_LowQualityPhoneVoice_valid__30388,0.0,0.0,0.0,False,네 감사합니다,네 감사합니다,네 감사합니다
AIHub_LowQualityPhoneVoice_valid__30392,77.77777777777779,0.0,-77.77777777777779,False,어 네 네 회원님,허대대위원님,어 네 네 회원님
AIHub_LowQualityPhoneVoice_valid__30393,9.523809523809524,0.0,-9.523809523809524,False,그 그 반 교재가 오는 포장지 있잖아요,그 그 반 도대가 오는 포장지 있잖아요,그 그 반 교재가 오는 포장지 있잖아요
AIHub_LowQualityPhoneVoice_valid__30409,16.0,0.0,-16.0,False,안녕하세요 저 그 답 그 모의고사 답지를 잃어버렸는데 문의하니깐 여기로 전화하라고 해가지고,안녕하세요 저 그 답 그 모의고사 답집이 이러고 그랬는데 문의하니깐 여기로 전화하라고 해가지고,안녕하세요 저 그 답 그 모의고사 답지를 잃어버렸는데 문의하니깐 여기로 전화하라고 해가지고
AIHub_LowQualityPhoneVoice_valid__30419,10.256410256410255,0.0,-10.256410256410255,False,이제 육 단원에서 십 단원 강의를 결제를 해가지고 오늘 책을 받았는데요,이제 일 단원씩 십 단원 강의를 결제를 해가지고 오늘 침을 받았는데요,이제 육 단원에서 십 단원 강의를 결제를 해가지고 오늘 책을 받았는데요
AIHub_LowQualityPhoneVoice_valid__30422,8.333333333333332,8.333333333333332,0.0,False,요거 말씀하시는 걸까여,요거 말씀하시는 걸까요,요거 말씀하시는 걸까요
AIHub_LowQualityPhoneVoice_valid__30428,6.666666666666667,3.3333333333333335,-3.3333333333333335,False,네 맞아요 그래서 구매하신 교재는 이제 강좌 외적으로 회원님이 복습용으로 문제 풀이용으로 이용하시는 용도세여,네 맞아요 그래서 구매하신 교재는 이제 강사 외적으로 회원님이 복습용으로 문제풀이용으로 이용하시는 정도세요,네 맞아요 그래서 구매하신 교재는 이제 강좌 외적으로 회원님이 복습용으로 문제풀이용으로 이용하시는 용도세요
AIHub_LowQualityPhoneVoice_valid__30451,13.821138211382115,8.130081300813007,-5.691056910569108,False,그러시면 제가 몇 가지 정보 확인하고 결제 진행해 드릴려고 하 환불 진행해 드릴려고 하는데 지금 저희가 어 그 환불을 해드릴려면 신용카드 취소를 해드려야 되고 저희가 부분 취소가 안 되고 어 전체 취소만 가능하다 보니깐요,그러시면 제가 몇 개 정보 하긴 하고 결제 진행해드리려고 한 환불 진행해드리려고 하는데 지금 저희가 어 그 환불 해드릴려면은 신용카드 취소를 해드려야 되고 제가 좀 부근 취소가 안 되고 어 전체 취소만 가능하다 보니깐요,그러시면 제가 몇 가지 정보 확인하고 결제 진행해 드리려고 한 환불 진행해 드리려고 하는데 지금 저희가 어 그 환불해 드리려면은 신용카드 취소를 해 드려야 되고 저희가 좀 부분 취소가 안 되고 어 전체 취소만 가능하다 보니깐요
AIHub_LowQualityPhoneVoice_valid__30454,19.51219512195122,4.878048780487805,-14.634146341463413,False,네 장바구니 들어가시면 아래쪽에 빨간색 버튼으로 재결제 버튼이 있을 거예요,장바구니 들어가신 마래쪽에 빨간색 버튼으로 제설제 버튼이 있을 거에요,장바구니 들어가시면 아래쪽에 빨간색 버튼으로 재결제 버튼이 있을 거예요
AIHub_LowQualityPhoneVoice_valid__30466,44.44444444444444,0.0,-44.44444444444444,False,반송료는 얼마예요,안정년 얼마예요,반송료는 얼마예요
AIHub_LowQualityPhoneVoice_valid__30470,23.25581395348837,9.30232558139535,-13.953488372093021,False,출고 처리 하신 시 얼마 안 됐으면 그래도 혹시 모르니까 한번 확인해 주실래요,실고실이 얼는데 얼마 안 됐으면 그래도 혹시 모르니까 한 번 확인해주실래요,출고처리하신 지 얼마 안 됐으면 그래도 혹시 모르니까 한번 확인해주실래요
AIHub_LowQualityPhoneVoice_valid__30471,14.912280701754385,7.894736842105263,-7.017543859649122,False,어 아니 어머님 죄송하지만 이게 터미널에 들어 네 가게 되면은 사실 이게 저희 딱 한 건만 들어가는 게 아니라 엄청나게 많은 택배가 들어가서 그거를 찾을 수가 없다라고 하세여 그래서 회수가 안 되는 겁니다,어 아니 오늘 죄송하지만 이게 터미널에 들어가게 되면은 사실 이게 저희 딱 한꺼번에 들어가는 게 아니라 엄청나게 많은 대회가 들어가서 그거를 사줄 수가 없다라고 하세요 그래서 회수가 안 되는 거구요,어 아니요 어머니 죄송하지만 이게 터미널에 들어가게 되면은 사실 이게 저희 딱 한 건만 들어가는 게 아니라 엄청나게 많은 택배가 들어가서 그거를 찾을 수가 없다라고 하세요 그래서 회수가 안 되는 거고요
AIHub_LowQualityPhoneVoice_valid__30497,20.0,9.230769230769232,-10.769230769230768,False,예 왜냐면은 어차피 다른 걸 하나 주문을 더 해야 되는데 그렇게 하면 배송비가 붙으니까 어차피 여기서 반송 처리할 때,이 왜냐면은 어째트 따른 거 하나 주문을 더 해야 되는데 그러면은 배송비라 붙으니까 어짜피 여기서 반성 처리할 때,예 왜냐면은 어차피 다른 거 하나 주문을 더 해야 되는데 그러면은 배송비가 붙으니까 어차피 여기서 반송 처리할 때
AIHub_LowQualityPhoneVoice_valid__30500,18.75,6.25,-12.5,False,아 네 그렇게 해주셔도 되세여,아 네 그렇게 해주셔서 대세야,아 네 그렇게 해주셔도 되세요
AIHub_LowQualityPhoneVoice_valid__30509,14.285714285714285,14.285714285714285,0.0,False,네 나오셨어여,네 나오셨어요,네 나오셨어요
AIHub_LowQualityPhoneVoice_valid__30519,14.285714285714285,14.285714285714285,0.0,False,지 저기 좀 전에 전화해서 저기 뭐지 취소 처리가 안 돼서 그 화 반송처리 하기로 했는데,이 저기 일찍 전에 전화해서 저기 뭐지 취소 처리가 안 돼서 그 반송 처리하기로 했는데,이게 저기 좀 전에 전화해서 저기 뭐지 취소 처리가 안돼서 그 반송 처리하기로 했는데
AIHub_LowQualityPhoneVoice_valid__30533,6.25,0.0,-6.25,False,아 네 네 잠시만요 그러시면은,아 네 네일 잠시만요 그러시면은,아 네 네 잠시만요 그러시면은
AIHub_LowQualityPhoneVoice_valid__30541,12.82051282051282,3.8461538461538463,-8.974358974358973,False,네 네 그래서 그 부분 확인해 주시면 되시고 그리고 오늘 결제해주신 어 교재 두 권은 정상적으로 저희 쪽으로 선불 발송 진행해 주시면 되세여,네 네 그담서 그 부분 확인해주시면 되시고 그리고 오늘 결제해주신 어 교제 주관은 정상적으로 저희 쪽으로 선물 발생 진행해주시면 되세요,네 네 그래서 그 부분 확인해주시면 되시고 그리고 오늘 결제해주신 어 교재 두 권은 정상적으로 저희 쪽으로 선불 발송 진행해주시면 되세요
AIHub_LowQualityPhoneVoice_valid__30561,0.0,0.0,0.0,False,네 여보세요,네 여보세요,네 여보세요
AIHub_LowQualityPhoneVoice_valid__30597,50.0,30.0,-20.0,False,문의사항은 싶으세여,우리 사항은 없으세요,문의 사항은 없으세요
AIHub_LowQualityPhoneVoice_valid__30602,14.285714285714285,7.142857142857142,-7.142857142857142,False,두 둘 다 취소 부탁드려요,둘 다 취소 부탁드려요,그 둘 다 취소 부탁드려요
AIHub_LowQualityPhoneVoice_valid__30614,0.0,0.0,0.0,False,그러면 지금은 뭐 이렇게 취소나 뭐 반품 이런 거 신청이 된 건 아니네요 지금,그러면 지금은 뭐 이렇게 취소나 뭐 반품 이런 거 신청이 된 건 아니네요 지금,그러면 지금은 뭐 이렇게 취소나 뭐 반품 이런 거 신청이 된 건 아니네요 지금
AIHub_LowQualityPhoneVoice_valid__30617,0.0,0.0,0.0,False,네 알겠습니다,네 알겠습니다,네 알겠습니다
AIHub_LowQualityPhoneVoice_valid__30624,8.571428571428571,5.714285714285714,-2.8571428571428568,False,한번 저희 조회 한번 해보시면 좋을 거 같아요 문자 보내드렸어여,한 번 저희 조회 한 번 해보시면 좋을 거 같아요 문자 보내드렸어요,한번 저희 조회 한번 해보시면 좋을 것 같아요 문자 보내드렸어요
AIHub_LowQualityPhoneVoice_valid__30674,0.0,0.0,0.0,False,네 알겠습니다,네 알겠습니다,네 알겠습니다
AIHub_LowQualityPhoneVoice_valid__30676,50.0,0.0,-50.0,False,네 여보세요,네 옆에요,네 여보세요
AIHub_LowQualityPhoneVoice_valid__30685,19.35483870967742,0.0,-19.35483870967742,False,아 회원님 지금 교재 상태를 확인해 보니까 전 단계거든요,아 혜연이 지금 교재 상태를 확인을 보니까 전 따개거든요,아 회원님 지금 교재 상태를 확인해 보니까 전 단계거든요
AIHub_LowQualityPhoneVoice_valid__30688,33.33333333333333,0.0,-33.33333333333333,False,아 네 회원님 잠시만요,아니 형님 잠시만요,아 네 회원님 잠시만요
AIHub_LowQualityPhoneVoice_valid__30696,12.307692307692308,4.615384615384616,-7.6923076923076925,False,네 네 안내해 드리면 이제 교재 받으시면 랩핑 개봉하지 마시고 제가 보내드린 주소지로 주소 어 교재를 보내주시면 돼요,그래 내 안내를 드리면 일단 교재받으시면 레핑 개봉하지 마시고 제가 보내드린 주소지로 주소 어 교재를 보내주시면 돼요,네 네 안내를 드리면 일단 교재 받으시면 랩핑 개봉하지 마시고 제가 보내드린 주소지로 주소 어 교재를 보내주시면 돼요
AIHub_LowQualityPhoneVoice_valid__30701,36.11111111111111,19.444444444444446,-16.66666666666666,False,그러면은 지금 전화드리는 시점이 현금 환불로 해달라고 하는 시점이,그러면은 또 변화되는 시점이 실제에도 현금 공포로 시달라고 하는 시점이,그러면은 제가 전화드리는 시점이 피씨에도 현금 환불로 해달라고 하는 시점이
AIHub_LowQualityPhoneVoice_valid__30720,17.647058823529413,8.823529411764707,-8.823529411764707,False,네 어머니 지금 교재에 랩핑이 되어있는데 랩핑 제거 하셨을까여,네 어머니 지금 교제에 레핑이 되어 있는데 레핑 제거하셨을까요,네 어머니 지금 교재에 랩핑이 되어 있는데 랩핑 제거하셨을까요
AIHub_LowQualityPhoneVoice_valid__30727,38.095238095238095,14.285714285714285,-23.80952380952381,False,네 아 벗겨진 비닐 벗겨지면 안 되나요,아 벚꽃이 비닐 벚꽃이면 안 되나요,아 벗겨진 비닐을 벗겨지면 안 되나요
AIHub_LowQualityPhoneVoice_valid__30728,9.75609756097561,2.4390243902439024,-7.317073170731707,False,네 그 교재 자체에 이렇게 포장되어 있는 랩핑이 벗겨지면 환불이 어려우세여,네 그 교대 자체에 이렇게 포장되어 있는 래핑이 벗겨지면 환불이 어려우셔요,네 그 교재 자체에 이렇게 포장되어 있는 랩핑이 벗겨지면 환불이 어려우세요
AIHub_LowQualityPhoneVoice_valid__30741,30.76923076923077,7.6923076923076925,-23.076923076923077,False,네 회원님 제가 메세지로,에 혜연이 제가 메세지로,네 회원님 제가 메시지로
AIHub_LowQualityPhoneVoice_valid__30749,45.45454545454545,18.181818181818183,-27.27272727272727,False,한 번 찍어주 찍어보,그서 한번 찍어 주 찍어 보,한 번 찍어 주 찍어 보
AIHub_LowQualityPhoneVoice_valid__30751,24.285714285714285,7.142857142857142,-17.142857142857142,False,네 네 이제 저희 파손되신 부분들을 찍어주시면 일단 보내주시면 저희 담당 부서 측에서 한번 판단을 해볼 거예요 이게 파손 사항,근데는 이제 저 파손 대신 부분들을 찍어주시면 일단 찍어서 보내시면 저희 담당 측에서 한 번 판단을 해 볼 거예요 이게 파손 사,네 네 이제 저희 파손되신 부분들을 찍어주시면 일단 찍어서 보내주시면 저희 담당부서 측에서 한번 판단을 해볼 거예요 이게 파손 사항
AIHub_LowQualityPhoneVoice_valid__30752,8.51063829787234,0.0,-8.51063829787234,False,확인이 된다 하면 이제 재발송을 도와드리는 거고 아니면 제가 다시 연락을 드릴 거예요,허긴이 된다 하면 이제 재발송을 저어드리는 거고 아니면 제가 다시 연락을 드릴 거예요,확인이 된다 하면 이제 재발송을 도와드리는 거고 아니면 제가 다시 연락을 드릴 거예요
AIHub_LowQualityPhoneVoice_valid__30780,6.976744186046512,6.976744186046512,0.0,False,저 이번 그 모의고사 두 개를 시켰는데 그게 아직까지 배송이 안 되고 있어서요,자 이번 그 모의고사 두 개를 시켰는데 그게 아직까지 배송이 안 되고 있었어요,제가 이번 그 모의고사 두 개를 시켰는데 그게 아직까지 배송이 안되고 있어서요
AIHub_LowQualityPhoneVoice_valid__30782,5.0,5.0,0.0,False,모의고사 교재 이렇게 두 권 맞으세여,모의고사 교재 이렇게 두 권 맞으세요,모의고사 교재 이렇게 두 권 맞으세요
AIHub_LowQualityPhoneVoice_valid__30790,81.81818181818183,54.54545454545454,-27.272727272727288,False,피디에프론 못 받나요,cdf 그거는 못 봤나야,씨제이 프로는 못 받나요
AIHub_LowQualityPhoneVoice_valid__30811,11.11111111111111,11.11111111111111,0.0,False,네 방금 전화를 하셨다구여 네 네,네 방금 전화를 하셨다고요 네 네,네 방금 전화를 하셨다고요 네 네
AIHub_LowQualityPhoneVoice_valid__30812,31.818181818181817,9.090909090909092,-22.727272727272727,False,안 했다고 하는데요 지가 받은 거 없다고,안 했다고 하는데요 제가 사생겼다고,안 했다고 하는데요 지급 받은 게 없다고
AIHub_LowQualityPhoneVoice_valid__30818,27.77777777777778,22.22222222222222,-5.555555555555557,False,아 수능 전에 받아보시려는 거세요,아 신랑 전에 받아보시야 하는 거세요,아 수능 전에 받아보셔야 하는 거세요
AIHub_LowQualityPhoneVoice_valid__30837,84.61538461538461,69.23076923076923,-15.384615384615387,False,말해주던데 그렇지 않아요,많이 지든대 음 글찮아요,많이 되던데 음 그렇잖아요
AIHub_LowQualityPhoneVoice_valid__30844,26.08695652173913,17.391304347826086,-8.695652173913043,False,어 제가 아는 또 그런 것만은 아니시거든여,어 대관은 또 그런 것만은 아니시거든요,어 제가 또 그런 것만은 아니시거든요
AIHub_LowQualityPhoneVoice_valid__30850,50.0,66.66666666666666,16.666666666666657,False,그렇 그렇게 일을 해요,그럴 때 그럴 때 일을 해요,그러지 그러지 이래요
AIHub_LowQualityPhoneVoice_valid__30855,33.33333333333333,11.11111111111111,-22.222222222222218,False,수능을 봐야 되는데 목요일날 봐야 되는데 이제 수요일날 와 버릴 수 있잖아요 그게,신용을 봐야 되는데 목욜라 봐야 되는데 이제 키울 바가 올 수가 있잖아요 되게,신용을 봐야 되는데 목요일 날 봐야 되는데 이제 수요일 날 와 버릴 수가 있잖아요 그게
AIHub_LowQualityPhoneVoice_valid__30863,66.66666666666666,72.22222222222221,5.555555555555557,False,오늘날 받아볼 수 있으면 다행인데,야 우리나라 바다 볼 수 있을 땐 다행인데,어 우리가 받아볼 수 있을 수 있는 사유인데
AIHub_LowQualityPhoneVoice_valid__30866,47.72727272727273,43.18181818181818,-4.545454545454547,False,그러니까 출하해야지 우체국은 또 주말에 그래서 오늘 데릴러 올 수도 있다 했는데,그래도 불안해야지 우리 책은 또 주말에 또 어느 날 되죠 올 수 있겠는데,그래도 불안해가지고 주말에 그래서 오늘 되기로 올 수도 있었는데
AIHub_LowQualityPhoneVoice_valid__30873,16.666666666666664,16.666666666666664,0.0,False,아니 파일로도 못 받으니까 그거를,아니 타려도 못 받으니까 그거를,아니 태료도 못 받으니까 그거를
AIHub_LowQualityPhoneVoice_valid__30879,28.57142857142857,7.142857142857142,-21.428571428571427,False,돈을 더 드릴 수도 있어요,저는 다 드릴 수 있어요,돈을 더 드릴 수가 있어요
AIHub_LowQualityPhoneVoice_valid__30881,24.0,16.0,-8.0,False,생각해 줘보세요 지금 에 시간이 급박해 가지고,생각해보세요 지금 몇 시간이 빡빡해가지고,생각해보세요 지금 몇 시간이 급박해가지고
AIHub_LowQualityPhoneVoice_valid__30890,27.27272727272727,0.0,-27.27272727272727,False,지금 주문해도 네 네,지금 주문해도 내내,지금 주문해도 네 네
AIHub_LowQualityPhoneVoice_valid__30894,14.814814814814813,7.4074074074074066,-7.4074074074074066,False,받고 싶어가지고 그 위치가 어디세요 배송한 위치가,갖고 싶어가지고 그 위치가 해주세요 죄송한 위치가,받고 싶어 가지고 그 위치가 어디세요 죄송한 위치가
AIHub_LowQualityPhoneVoice_valid__30899,9.090909090909092,11.363636363636363,2.2727272727272716,False,까 오늘 출고 준비가 돼도 이제 아무리 빨라도 이제 월요일날 배송이 되실 거예요,그까 오늘 출근 준비가 돼도 이제 아무리 빨라도 이제 월요일 날 배송이 되실 거에요,오늘 출고 준비가 돼도 아무리 빨라도 이제 월요일날 배송이 되실 거예요
AIHub_LowQualityPhoneVoice_valid__30911,37.5,12.5,-25.0,False,가있으면 어쨌든,가 있으면 어젯,가 있으면 어쨌든
AIHub_LowQualityPhoneVoice_valid__30939,41.66666666666667,16.666666666666664,-25.000000000000007,False,어 학원엔 없는 거예여,어 사고는 없는 거에요,어 학원은 없는 거예요
AIHub_LowQualityPhoneVoice_valid__30954,0.0,0.0,0.0,False,어 근데 그거는,어 근데 그거는,어 근데 그거는
AIHub_LowQualityPhoneVoice_valid__30962,41.66666666666667,0.0,-41.66666666666667,False,아니 그니까 퀵으로 예,아니 그니까 힐,아니 그니까 퀵으로 예
AIHub_LowQualityPhoneVoice_valid__30968,10.714285714285714,7.142857142857142,-3.571428571428571,False,이거는 확인하고 말씀드릴 수 있을 거 같애요 어머니,이거는 확인하고 말씀 드릴 수 있을 거 같애요 언니,이거는 확인하고 말씀드릴 수 있을 것 같아요 어머니
AIHub_LowQualityPhoneVoice_valid__30987,0.0,0.0,0.0,False,네 감사합니다,네 감사합니다,네 감사합니다
AIHub_LowQualityPhoneVoice_valid__30997,31.73076923076923,22.115384615384613,-9.615384615384617,False,그니까 제가 얘기해도 되고 아니면 취소해주시면 되니까 예 예 저는 자료가 저한테 있으니까 정황상으로 제가 그래서 맨 처음에 분명히 얘기했잖아요 안 보인다 받아서 확인하고 그거 보내도 된다,그니까 제가 지금 얘기했다고 아니면 취득하시면 되겠다 예 저는 어제 자료가 저한테 있으니까 돈 호사장으로 제가 그래서 맨 처음에 분명히 얘기했잖아요 안 보인다 다룬 사람 하긴 하고 글고 보내도 되나,그니까 제가 그럼 얘기해서 아니면 취소해주시면 되니까 예 저는 어차피 자료가 저한테 있으니까 동영상으로 제가 그래서 맨 처음에 두 명이 얘기했잖아요 안 보인다 바로서 확인하고 글고 보내도 되나
AIHub_LowQualityPhoneVoice_valid__31009,14.285714285714285,0.0,-14.285714285714285,False,그럼 일단은 그 제가 방금 말씀드린 부분 한 장만 다시 보내주실 수 있을까요,그럼 일단은 그 제가 방금 말씀드린 부분 한 장만 다시 보내주시실까요,그럼 일단은 그 제가 방금 말씀드린 부분 한 장만 다시 보내주실 수 있을까요
AIHub_LowQualityPhoneVoice_valid__31010,2.941176470588235,0.0,-2.941176470588235,False,그럼 카톡으로 보내주세요 차라리 카톡으로 왜냐하면 이게 두 번,그럼 카톡으로 보내주세요 차라리 카톡으로 왜냐면 이게 두 번,그럼 카톡으로 보내주세요 차라리 카톡으로 왜냐하면 이게 두 번
AIHub_LowQualityPhoneVoice_valid__31020,19.51219512195122,7.317073170731707,-12.195121951219512,False,제가 꾸기 꾸기기 손으로 더 꾸기기 싫어서 그냥 보낸 거예요 잘 안 보여도,제가 꼬기 꼬기기에도 손으로 더 꼬기기 싫어하고 그냥 보는 거예요 잘 안 보여도,제가 꾸기 꾸기기도 손으로 더 꾸기기 싫어하고 그냥 보낸 거예요 잘 안 보여도
AIHub_LowQualityPhoneVoice_valid__31021,9.090909090909092,0.0,-9.090909090909092,False,이해를 못하시네 진짜,이해를 못 하시네 진짜,이해를 못하시네 진짜
AIHub_LowQualityPhoneVoice_valid__31030,6.756756756756757,5.405405405405405,-1.3513513513513518,False,그게 아니라구요 그게 아니에요 아니에요 제가 아까 뭐 아까 맨 처음에 오라 뭐라 그랬어 겉엔 멀쩡하다 겉에는 하나도 구겨진 게 없어요,그렇게 아니라구요 그게 아니에요 아니에요 제가 아까 뭐 아까 맨 처음에 뭐라그 뭐라 그랬어요 겉엔 멀쩡하다 겉에는 하나도 꾸겨진 게 없어요,그렇게 아니라구요 그게 아니에요 아니에요 제가 아까 뭐 아까 맨 처음에 뭐라 뭐라 그랬어요 겉엔 멀쩡하다 겉에는 하나도 꾸겨진 게 없어요
AIHub_LowQualityPhoneVoice_valid__31042,29.629629629629626,18.51851851851852,-11.111111111111107,False,아니 그러니까 당연한 거예요 생각해보세요 그러니까,에 아 이까 당연한 거예요 생각해보세요 까,예 아 그니까 당연한 거예요 생각해보세요 그니까
AIHub_LowQualityPhoneVoice_valid__31054,20.0,10.0,-10.0,False,예 알겠습니다 예 아니 동일한 거요 동일은 말이 안 되는데 그럼 똑같이 안에가 꾸겨져있으면 잘못이 아니잖아요,네 더 예 알겠습니다 예 아니 아니 동일한 거야 동일은 말이 안 되는데 그럼 똑같이 아내가 뿌겨져 있으면 잘못이 아니잖아요,예 더 예 알겠습니다 예 아니 동일한 거요 동일한 말이 안 되는데 그럼 똑같이 안에가 꾸겨져 있으면 잘못이 아니잖아요
AIHub_LowQualityPhoneVoice_valid__31057,9.090909090909092,7.2727272727272725,-1.8181818181818192,False,사진으로만 봤을 때는 저희가 이제 회원님 같은 경우에는 일반 파손에서 충분히 가할 수 있는 파손이랑,사진으로만 봤을 때는 저희가 이제 선생님 같은 경우에는 일반 파손에서 충분히 일 일할 수 있는 파손이랑,사진으로만 봤을 때는 저희가 이제 회원님 같은 경우에는 일반 파손에서 충분히 이 가능할 수 있는 파손이란
AIHub_LowQualityPhoneVoice_valid__31058,14.432989690721648,0.0,-14.432989690721648,False,판단이 되어서 재발송을 도와드릴 수 있는데 그래서 일반적으로 이제 발생할 수 있는 정도의 파손이라면 이제 추후에는 이제 재발송을 도움드리기 어렵다라는 걸 안내를 드리는 거구요,환단이 돼서 재발성은 더 될 수 있는데 그래서 일반적으로 이제 발생할 수 있는 정도의 파손이라면 이제 추후에는 이제 재발성을 더 흔들기 어렵다라는 걸 안내를 드리는 거구요,판단이 되어서 재발송을 도와드릴 수 있는데 그래서 일반적으로 이제 발생할 수 있는 정도의 파손이라면 이제 추후에는 이제 재발송을 도움드리기 어렵다라는 걸 안내를 드리는 거구요
AIHub_LowQualityPhoneVoice_valid__31063,38.46153846153847,38.46153846153847,0.0,False,아 그래서 알겠습니다 아,아 네 알겠습니다,아 우선 알겠습니다
AIHub_LowQualityPhoneVoice_valid__31091,36.36363636363637,0.0,-36.36363636363637,False,이런 게 나와있거든요,이러고 나와 있거든요,이런 게 나와있거든요
AIHub_LowQualityPhoneVoice_valid__31096,14.285714285714285,0.0,-14.285714285714285,False,예 감사합니다,네 감사합니다,예 감사합니다
AIHub_LowQualityPhoneVoice_valid__31102,0.0,0.0,0.0,False,혹시 배송이 안 하 안 하시나요,혹시 배송이 안 하 안 하시나요,혹시 배송이 안 하 안 하시나요
AIHub_LowQualityPhoneVoice_valid__31104,52.94117647058824,17.647058823529413,-35.294117647058826,False,아 그 수요일날 오겠네요 빨라야,아 그럼 그 씌울하고 있네요 빨라야,아 그러면 수요일 날 오겠네요 빨라야
AIHub_LowQualityPhoneVoice_valid__31110,13.333333333333334,6.666666666666667,-6.666666666666667,False,환불처리는 할 수 있는 거죠,함불 처리는 할 수 있는 거죠,환불 처리는 할 수 있는 거죠
AIHub_LowQualityPhoneVoice_valid__31120,19.444444444444446,13.88888888888889,-5.555555555555557,False,또 해당 서비스에서 구매를 해야서 구매가 안된다 이 말씀이신 거죠,해당 서비스에서 구매를 구매가 안 된다 이 말씀이신 거죠,해당 서비스에서 구매를 하면 구매가 안된다 이 말씀이신 거죠
AIHub_LowQualityPhoneVoice_valid__31121,32.142857142857146,7.142857142857142,-25.000000000000004,False,네 상담원 분하고 다 뭐 확인 절차 거치고 했거든요,네 당라맘분하고 다 뭐 확인자고치고 했거든요,네 상담원분하고 다 뭐 확인 절차 고치고 했거든요
AIHub_LowQualityPhoneVoice_valid__31144,0.0,0.0,0.0,False,아마 그 장바구니가 잠시만요,아마 그 장바구니가 잠시만요,아마 그 장바구니가 잠시만요
AIHub_LowQualityPhoneVoice_valid__31147,70.0,75.0,5.0,False,가능하시다면 제가 확인 네 네 네 네,가능하시다면 제가 확인을 확인하면 네 네 네 네 네 네 네 네,가능하시다면 제가 확인하고 다시 전화 드리겠습니다 네네 네네
AIHub_LowQualityPhoneVoice_valid__31151,0.0,0.0,0.0,False,근데 이게 저희가 지금 바로 픽업 쪽으로 된 건지 아니면 일반 구매처럼 된 건지를 또 확인해야 돼서,근데 이게 저희가 지금 바로 픽업 쪽으로 된 건지 아니면 일반 구매처럼 된 건지를 또 확인해야 돼서,근데 이게 저희가 지금 바로 픽업 쪽으로 된 건지 아니면 일반 구매처럼 된 건지를 또 확인해야 돼서
AIHub_LowQualityPhoneVoice_valid__31173,0.0,0.0,0.0,False,좋은 하루 되세요,좋은 하루 되세요,좋은 하루 되세요
AIHub_LowQualityPhoneVoice_valid__31176,15.384615384615385,0.0,-15.384615384615385,False,교재 환불한다고 하셨는데,교장 환불한다고 하셨는,교재 환불한다고 하셨는데
AIHub_LowQualityPhoneVoice_valid__31183,11.11111111111111,0.0,-11.11111111111111,False,네 워크북 빼고요,네 워크복 빼고요,네 워크북 빼고요
AIHub_LowQualityPhoneVoice_valid__31185,0.0,0.0,0.0,False,저 책이 다 찢어져가지고,저 책이 다 찢어져가지고,저 책이 다 찢어져가지고
AIHub_LowQualityPhoneVoice_valid__31186,20.689655172413794,0.0,-20.689655172413794,False,교재 상태가 많이 훼손되셔서 재구매를 하시려는 걸까요,교재 상태가 많이 훼손되셔서 체검해 란시아는 걸까요,교재 상태가 많이 훼손되셔서 재구매를 하시려는 걸까요
AIHub_LowQualityPhoneVoice_valid__31189,30.555555555555557,0.0,-30.555555555555557,False,회원님 지금 장바구니 담아드려서 구매하셔서 이용을 해주시면 되는데,금요일 아침 장포가기 도마뜨려서 구매하셔서 이용을 해주시면 되는데,회원님 지금 장바구니 담아드려서 구매하셔서 이용을 해주시면 되는데
AIHub_LowQualityPhoneVoice_valid__31195,23.25581395348837,2.3255813953488373,-20.930232558139533,False,네 네 월요일은 제가 쫌 이게 딱 확답을 드리기가 어려운 부분이 있어요 회원님,어려워 이런 차가 쫌 이게 딱 확답을 드리기가 어려운 부분이 있어요 회장님이,네 네 월요일은 제가 좀 이게 딱 확답을 드리기가 어려운 부분이 있어요 회원님
AIHub_LowQualityPhoneVoice_valid__31197,13.541666666666666,7.291666666666667,-6.249999999999999,False,네 반품하실 과목두 만약에 택배가 쫌 늦게 와서 교재를 이제 수능 때문에 사용을 원치 않으신다 하시면은 교재 수령하시고 저희 쪽으로 문의를 한번 주셔야 될 거 같애요 회원님,네 반품하실 거면 좀 만약에 택배가 좀 늦게 와서 교재를 이제 선호 때문에 사용을 왠지 안 하신다 하시면은 교재 수령하시고 저희 쪽으로 문의를 한번 주셔야 될 거 같애요 회원이,네 반품하실 거면 좀 만약에 택배가 좀 늦게 와서 교재를 이제 수능 때문에 사용을 원치 않으신다 하시면은 교재 수령하시고 저희 쪽으로 문의를 한번 주셔야 될 것 같아요 회원님
AIHub_LowQualityPhoneVoice_valid__31205,41.17647058823529,19.11764705882353,-22.05882352941176,False,네 아니면은 어 이게 혹시 택배 말고 뭐 퀵 이런 거 빠르게 이렇게 배송하신 받을 수 있는 방법이 있나 싶어서 연락드렸어요,네 나는 어 이케 혹시 그때 말해서 뭐 취끼리는 거 빠르게 이케 배송하심 받으신 방법이 있나 싶어서요,예 아니면은 어 이게 혹시 택배 만들믄 뭐 책 이런 거 빠르게 이렇게 배송할 수 받으신 방법이 있나 싶어서 연락드렸어요
AIHub_LowQualityPhoneVoice_valid__31210,27.450980392156865,15.686274509803921,-11.764705882352944,False,또 오후에 출고 작업이 또 있을 수 있어서 일단은 빨리 주문해 주시는게 좋으실 거예요 회원님,오후에 출구 작업이 될 수 있어서 일단은 빨리 주문해주시오 좋으실 거예요 영애언니,오후에 출고 작업이 될 수 있어서 일단은 빨리 주문해주시는 게 좋으실 거예요 회원님
AIHub_LowQualityPhoneVoice_valid__31211,20.792079207920793,19.801980198019802,-0.990099009900991,False,네 네 이제 내일로 넘어가면 오늘 있었던 건 오늘 주문해 주셨던 건들 내일 일한다 해도 오늘 있었던 건들이 먼저 출고 준비가 돼서 일찍 주 주문해 주시는 게 좋으실 거 같애요 회원님,네 네 이제 내일로 넘어가면 오늘 있었던 건 오늘 주문에 있었던 껀들을 내일 일한다 해도 오늘 있었던 껀들이 먼저 실적으로 철거 준비가 돼서 얘는 일찍 주문해 주시는 게 좋으실 거 같애요,네 네 이제 내일로 넘어가면 오늘 있었던 건 오늘 주문해 있었던 건들을 내일 이란다 해도 오늘 있었던 건들이 먼저 순차적으로 출고 준비가 돼서 네 네 그 일찍 주문 주문해 주시는 게 좋으실 것 같아요 회원님
AIHub_LowQualityPhoneVoice_valid__31212,100.0,33.33333333333333,-66.66666666666667,False,아 일찍이요,음,아 일주일이요
AIHub_LowQualityPhoneVoice_valid__31223,17.647058823529413,17.647058823529413,0.0,False,아 그래요 아 선생님 알겠습니다,아 그래요 아 네 알겠습니다,아 그래요 아 네 알겠습니다
AIHub_LowQualityPhoneVoice_valid__31230,9.090909090909092,0.0,-9.090909090909092,False,그런 거 같은데 아이한테 한번 물어볼게요,그런 거 같은데 아예 한테 한번 물어볼게요,그런 거 같은데 아이한테 한번 물어볼게요
AIHub_LowQualityPhoneVoice_valid__31231,15.0,15.0,0.0,False,네 이거만 그런 건지 물어보고 어 명 교재명 알아서 연락 주시면 되시구요,네 이거 마 그러고 물어보고 어 명 교재명 알아서 연락 주시면 되시구요,네 이거 막 그러고 물어보고 어 명 교재명 알아서 연락 주시면 되시구요
AIHub_LowQualityPhoneVoice_valid__31234,0.0,0.0,0.0,False,네 알겠습니다,네 알겠습니다,네 알겠습니다
AIHub_LowQualityPhoneVoice_valid__31265,36.36363636363637,27.27272727272727,-9.090909090909097,False,책을 분실하신 거예요,갑자기 분실하신 거에요,경찰로 분실하신 거예요
AIHub_LowQualityPhoneVoice_valid__31268,25.0,21.875,-3.125,False,그래서 보관 및 분실에 유의를 해 주시면 감사할 거 같애요,그래서 보가 네 네 실위 유일해 주시면 감사할 거 같애요,그래서 보관 동일하게 유의를 해주시면 감사할 것 같애요
AIHub_LowQualityPhoneVoice_valid__31269,0.0,0.0,0.0,False,아 네 감사합니다,아 네 감사합니다,아 네 감사합니다
AIHub_LowQualityPhoneVoice_valid__31300,42.857142857142854,14.285714285714285,-28.57142857142857,False,그 하나가 네,으 하나가,그 하나가 예
AIHub_LowQualityPhoneVoice_valid__31335,12.5,6.25,-6.25,False,아 다시 받은 건 집에서 받은,아 다시 받은 건 집에서 받았네,아 다시 받은 건 집에서 받았
AIHub_LowQualityPhoneVoice_valid__31347,8.695652173913043,0.0,-8.695652173913043,False,이거 확인하고 연락드릴 수 있을 것 같고요,이거 확인하고 연락드릴 수 있을 거 같구요,이거 확인하고 연락드릴 수 있을 것 같고요
AIHub_LowQualityPhoneVoice_valid__31350,27.77777777777778,24.074074074074073,-3.703703703703706,False,그 도대체 뭔말인지 이해를 못하는 제가 어제 전화로 한번만 한 게 아닌데 혹시 뒤에 전화를 분들이,음 대체 뭔 말인지 이해는 못 하는 아 제가 어제 전화를 한 번만 한 게 아니고 혹시 뒤에 전화를,그 대체 뭔 말인지 일은 못하네 아 제가 어제 전화를 한 번만 한 게 아닌데 혹시 뒤에 전화를 안드래
AIHub_LowQualityPhoneVoice_valid__31358,21.73913043478261,17.391304347826086,-4.347826086956523,False,그거 남은 모의고사 네 권은 어떻게 하는데,그거 남은 모의고사 네 분은 어떻게 하면 되지,그거 남은 모의고사 네 권은 어떻게 하면 되죠
AIHub_LowQualityPhoneVoice_valid__31368,9.090909090909092,9.090909090909092,0.0,False,월요일까지 기다릴 수 있는 상황이 아닌데,월요일까지 기다릴 수 있는 경향이 아닌데,월요일까지 기다릴 수 있는 서명이 아닌데
AIHub_LowQualityPhoneVoice_valid__31379,37.5,25.0,-12.5,False,받을 순 없나요,할 순 없나,할 순 없나요
AIHub_LowQualityPhoneVoice_valid__31390,0.0,0.0,0.0,False,혹시 교재 언제 주문하셨을까요,혹시 교재 언제 주문하셨을까요,혹시 교재 언제 주문하셨을까요
AIHub_LowQualityPhoneVoice_valid__31393,16.0,0.0,-16.0,False,어제 주문하신 교재 여섯 권 말씀하시는 거세요,어회 주문하신 것에 여섯권 말씀하시는 거세요,어제 주문하신 교재 여섯 권 말씀하시는 거세요
AIHub_LowQualityPhoneVoice_valid__31398,31.03448275862069,6.896551724137931,-24.13793103448276,False,재구매 원하시는 거면 지금 다시 담아드릴게요 잠시만요,네 지금에 원하시는 거면 지금 다시 담아 드리께요 잠시면요,네 재구매 원하시는 거면 지금 다시 담아드릴게요 잠시만요
AIHub_LowQualityPhoneVoice_valid__31409,4.545454545454546,4.545454545454546,0.0,False,혹시 기사님이랑은 직접 연락해 보셨을까요,혹시 기사님이랑은 직접 연락해보셨을까요,혹시 기사님이랑은 직접 연락해보셨을까요
AIHub_LowQualityPhoneVoice_valid__31425,0.0,0.0,0.0,False,아 그러세요,아 그러세요,아 그러세요
AIHub_LowQualityPhoneVoice_valid__31443,34.78260869565217,21.73913043478261,-13.043478260869563,False,안하면 제가 받을 수가 없잖아요 책을 지금,안 하면 제가 받을 수 뵙잖아요 재미직이,안 하면 제가 받을 수가 없어요 지금 지금
AIHub_LowQualityPhoneVoice_valid__31447,11.11111111111111,11.11111111111111,0.0,False,아 제가 제가 그냥 학원으로 따로,제가 제가 그냥 학원으로 따로,제가 제가 그냥 학원으로 따로
AIHub_LowQualityPhoneVoice_valid__31454,34.61538461538461,3.8461538461538463,-30.769230769230766,False,네 네 회원님 아직 반송 보내 주신 건 맞으시죠,내는 회원님 와재 감성 보내주신 건 맞으시자,네 네 회원님 아직 반송 보내주신 건 맞으시죠
AIHub_LowQualityPhoneVoice_valid__31481,0.0,0.0,0.0,False,수학 원 맞으실까요,수학 원 맞으실까요,수학 원 맞으실까요
AIHub_LowQualityPhoneVoice_valid__31489,34.285714285714285,5.714285714285714,-28.57142857142857,False,회원님께서 반송 하시고 반송이 완료 되었다는 알림이 뜨실 거예요,서한이 계속 반송하지고 반송이 완료됐다는 알림이 뜨실 거에요,회원님께서 반송하시고 반송이 완료되었다는 알림이 뜨실 거예요
AIHub_LowQualityPhoneVoice_valid__31517,13.636363636363635,0.0,-13.636363636363635,False,아 제가 책을 환불 신청을 해야 하는데요,아 제가 책을 환불 신청을 해오는데요,아 제가 책을 환불 신청을 해야 하는데요
AIHub_LowQualityPhoneVoice_valid__31530,27.659574468085108,8.51063829787234,-19.148936170212767,False,네 기다려 주셔서 감사합니다 혹시 제가 발송해 주신 해 해 드린 그 문자 확인하셨나요,네 기다리셔서 감사합니다 혹시 제가 발송 해주시 해 해 해 드리는 그 문자 하긴 하셨나요,네 기다려 주셔서 감사합니다 혹시 제가 발송해주시 해지해드린 그 문자 확인하셨나요
AIHub_LowQualityPhoneVoice_valid__31537,0.0,0.0,0.0,False,네 네 아 그래요 네,네 네 아 그래요 네,네 네 아 그래요 네
AIHub_LowQualityPhoneVoice_valid__31555,14.285714285714285,7.142857142857142,-7.142857142857142,False,그죠 저희는 따로 박스를 안 넣고 보통은 받으러 오면 저희는 그냥 뜯어보고 바로 그냥 다시 붙여서 뭐,그때 저희는 따로 박스를 안 놓고 보통을 받으려면 저희는 그냥 뜯어보고 바로 그냥 다시 끼쳐서 뭐,그죠 저희는 따로 박스를 안 놓고 보통 받으러면 저희는 그냥 뜯어보고 바로 그냥 다시 붙여서 뭐
AIHub_LowQualityPhoneVoice_valid__31556,26.76056338028169,5.633802816901409,-21.12676056338028,False,그냥 바로 네 아 그러세요 그 대신에 그러면 거기 넣어 안에 이제 포스트잇으로 이제 이거를 적어서 넣어 놔라 이 말이잖아요 그죠,그냥 바로 네 아 그러대요 그 대신에 그러면 거기 너 안에 인제 포스잎스러운 이거를 적어서 넣어 놔놀아jmr이잖아요,그냥 바로 네 아 그러세요 그 대신에 그러면 거기 넣은 안에 이제 포스트잇스로 인제 이거를 적어서 넣어놔라 이 말이잖아요 그죠
AIHub_LowQualityPhoneVoice_valid__31557,0.0,0.0,0.0,False,네 맞습니다,네 맞습니다,네 맞습니다
AIHub_LowQualityPhoneVoice_valid__31565,44.0,20.0,-24.0,False,아 보내고 바로 전화 드리면 되나요 택배를 오늘 보내면 오늘 저녁에라 보내 저녁 일 되나요,아 보내고 바로 전화드리도록 되나요 그럼 특별히 오늘 보냐면 오늘 전화해야 오늘 전화드리도록 되나요,아 보내고 바로 전화드리면 되나요 택배를 오늘 보내면 오늘 저녁에나 오늘 전화를 드리면 되나요
AIHub_LowQualityPhoneVoice_valid__31566,2.857142857142857,0.0,-2.857142857142857,False,아 그래요 보내고 난 뒤에 일주일 뒤에 연락을 달라 이 말인가요,아 그래 보내고 난 뒤에 일주일 뒤에 연락을 달라 이 말인가요,아 그래요 보내고 난 뒤에 일주일 뒤에 연락을 달라 이 말인가요
AIHub_LowQualityPhoneVoice_valid__31586,4.761904761904762,0.0,-4.761904761904762,False,강좌 교재가 분실이 되셨다는 말씀이세요,강좌 교제가 분실이 되셨다는 말씀이세요,강좌 교재가 분실이 되셨다는 말씀이세요
AIHub_LowQualityPhoneVoice_valid__31592,8.108108108108109,2.7027027027027026,-5.405405405405406,False,보기를 처음에 제가 여기다 등록을 했나요 처음에 발 등 저기 할 때,보기를 처음에 제가 여기다 등록을 했나요 처음에 갈 그 저기할 때,거기를 처음에 제가 여기다 등록을 했나요 처음에 발 등 저기 할 때
AIHub_LowQualityPhoneVoice_valid__31595,31.25,37.5,6.25,False,어 재구매 이력 없으시고 강좌,어 지금에 이력 없으시고 강좌 수,어 최근에 이력 없으시고 강좌 수강
AIHub_LowQualityPhoneVoice_valid__31596,22.916666666666664,4.166666666666666,-18.75,False,강좌 수강하신 거 확인되시고 교재 구매하신 거 확인되셔서 제가 장바구니에 담아 드렸구요,그럼서 수강하신 거 확인 되시고 교재 구매하신 거 확인 되셔서 제 화장 빠군에 담아드렸구요,강좌 수강하신 거 확인되시고 교재 구매하신 거 확인되셔서 제가 장바구니에 담아드렸고요
AIHub_LowQualityPhoneVoice_valid__31604,0.0,4.545454545454546,4.545454545454546,False,네 거기서 장바구니에서 확인 가능하시구요,네 거기서 장바구니에서 확인 가능하시구요,네 거기서 장바구니에서 확인 가능하시고요
AIHub_LowQualityPhoneVoice_valid__31607,18.181818181818183,18.181818181818183,0.0,False,어머니 그러면 로그인 먼저 해 주셨을까요,아이 그러면 로그인 먼저 해주셨을까요,아 예 그러면 로그인 먼저 해주셨을까요
AIHub_LowQualityPhoneVoice_valid__31612,26.666666666666668,0.0,-26.666666666666668,False,아 내일이면 일요일인데 선생님 일요일도 발송이 가능해요,아 내일이면 일요일인데 선생님 일요일 다섯 명이 아니에요,아 내일이면 일요일인데 선생님 일요일도 발송이 가능해요
AIHub_LowQualityPhoneVoice_valid__31619,0.0,0.0,0.0,False,네 감사합니다 좋은 하루 되세요,네 감사합니다 좋은 하루 되세요,네 감사합니다 좋은 하루 되세요
AIHub_LowQualityPhoneVoice_valid__31623,7.142857142857142,0.0,-7.142857142857142,False,반품을 해야 할 것 같아요,반품을 해야 할 거 같아요,반품을 해야 할 것 같아요
AIHub_LowQualityPhoneVoice_valid__31631,9.565217391304348,4.3478260869565215,-5.217391304347826,False,네 고 상태로 저희가 이제 문자를 하나 보내 드릴 건데 거기에 이제 메모 사항을 반송을 해 주시면 되시는데 저희가 그 문자로 보내 드린 그 그 메모 사항 기재를 하시고 같이 동봉하셔서 보내 주시면 되시거든요,에 고상태로 저희가 이제 문자를 하나 보내드릴 건데 거기에 이제 메모사항을 반송을 해주시면 되시는데 우리가 그 문자로 보내드린 그 그 메모사항 기대를 하시고 같이 동봉하셔서 보내주시면 되시거든요,예 고 상태로 저희가 이제 문자를 하나 보내드릴 건데 거기에 이제 메모 사항을 반송을 해주시면 되시는데 저희가 그 문자로 보내드린 그 그 메모 사항 기재를 하시고 같이 동봉하셔서 보내주시면 되시거든요
AIHub_LowQualityPhoneVoice_valid__31646,7.6923076923076925,0.0,-7.6923076923076925,False,아 네 확인 감사드립니다,아 네 확인 감사하드립니다,아 네 확인 감사드립니다
AIHub_LowQualityPhoneVoice_valid__31655,10.344827586206897,0.0,-10.344827586206897,False,그러니까 이게 지금 수능 보기 전에 해야 되는 거라서,그러니까 이게 지금 트놈보기 전에 해야 되는 거라서,그러니까 이게 지금 수능 보기 전에 해야 되는 거라서
AIHub_LowQualityPhoneVoice_valid__31671,11.11111111111111,11.11111111111111,0.0,False,네 그러니까 나는,응 그러니까 나는,음 그러니까 나는
AIHub_LowQualityPhoneVoice_valid__31684,4.761904761904762,0.0,-4.761904761904762,False,네 월요일날 오전에 연락은 주세요 근데,네 월요일 날 오전에 연락은 주세요 근데,네 월요일날 오전에 연락은 주세요 근데
AIHub_LowQualityPhoneVoice_valid__31686,14.285714285714285,0.0,-14.285714285714285,False,하신 다음에 지금 저한테 연락을 주신다는 이야기인가,하신 다음에 지금 저한테 연락을 주신단 이야긴가,하신 다음에 지금 저한테 연락을 주신다는 이야기인가
AIHub_LowQualityPhoneVoice_valid__31695,7.142857142857142,2.380952380952381,-4.761904761904761,False,아 그래요 음 일단 그러면 내일 그게 문자로는 발송을 해 주시는 거예요 내일,아 그래요 음 일단 그러면 내일 그게 문자로는 발송을 해주시는 거예요 네,아 그래요 음 일단 그러면 내일 그게 문자로는 발송을 해주시는 거예요 내일
AIHub_LowQualityPhoneVoice_valid__31697,16.666666666666664,8.333333333333332,-8.333333333333332,False,네 그러니까 네 네 네,네 그러니까 예 예 네,네 그러니까 예 네 네
AIHub_LowQualityPhoneVoice_valid__31703,11.11111111111111,0.0,-11.11111111111111,False,네 네 안 되세요,네 네 안 드세요,네 네 안 되세요
AIHub_LowQualityPhoneVoice_valid__31735,21.73913043478261,8.695652173913043,-13.043478260869566,False,네 네 저희가 급발송이라고 그 빠르게 배송,네 네 저희가 그 발송이라고 그 빠르게,네 네 저희가 그 발송이라고 그 빠르게 배송
AIHub_LowQualityPhoneVoice_valid__31736,7.4074074074074066,14.814814814814813,7.4074074074074066,False,그거를 해달라고요 그런 빠른 배송 요청을 해달라고,그거를 해달라구요 그런 빠른 배송 요청을 해달라,그거를 해달라구요 그럼 빠른 배송 요청을 해달라구요
AIHub_LowQualityPhoneVoice_valid__31746,14.285714285714285,8.928571428571429,-5.357142857142856,False,물량이 없을 경우에는 회원님께서 빨리 받아보실 수가 있는 부분이고 물량이 많을 경우에는 시간이 쫌 더,불량이 없을 경우에는 회원이께서 빨리 받아 보실 수가 있는 부분이고 불량이 많을 경우에는 시선이 좀,불량이 없을 경우에는 회원님께서 빨리 받아보실 수가 있는 부분이고 불량이 많을 경우에는 시간이 좀
AIHub_LowQualityPhoneVoice_valid__31754,11.666666666666666,8.333333333333332,-3.333333333333334,False,그럼 빠른 배송을 요청해서 하여튼 내가 빨리 받았어요 금요일날 해서 토요일날 받았음 빨리 받은 거잖아요 이게,그럼 빠른 배송을 요청을 해서 하여튼 내가 빨리 받았어요 금요일 날도 해서 토요일 날 받았으면 빨리 받은 거잖아요 이게,그럼 빠른 배송을 요청을 해서 하여튼 내가 빨리 받았어요 금요일날도 해서 토요일날 받았으면 빨리 받은 거잖아요 이게
AIHub_LowQualityPhoneVoice_valid__31762,11.76470588235294,0.0,-11.76470588235294,False,당연한 거죠 근데 그거를 갖다가,응 당연한 거죠 근데 그거를 갖다가,당연한 거죠 근데 그거를 갖다가
AIHub_LowQualityPhoneVoice_valid__31769,0.0,0.0,0.0,False,이게 전달은 도와드리지만,이게 전달은 도와드리지만,이게 전달은 도와드리지만
AIHub_LowQualityPhoneVoice_valid__31778,13.333333333333334,0.0,-13.333333333333334,False,음 네 전달 도와드리겠습니다,음 네 전달 드리겠습니다,음 네 전달 도와드리겠습니다
AIHub_LowQualityPhoneVoice_valid__31779,12.82051282051282,7.6923076923076925,-5.128205128205127,False,아휴 이게 제대로 상담원이 쫌 뭔가 미숙해요 제가 지금 통화를 하면서도,아이 이게 제대로 상담원이 좀 뭐가 비슷해요 제가 지금 통화를 하면서도,아유 이 제대로 상담원이 좀 뭔가 미숙해요 제가 지금 통화를 하면서도
AIHub_LowQualityPhoneVoice_valid__31788,0.0,0.0,0.0,False,아 안 썼는데요,아 안 썼는데요,아 안 썼는데요
AIHub_LowQualityPhoneVoice_valid__31798,12.5,6.25,-6.25,False,네 그래서 어머니 그 위에를 윗부분을 뜯으셨다고 하셨잖아요,네 그래서 엄마 그 위에 윗부분을 뜯으셨다고 하셨잖아요,네 그래서 어머 그 위에 윗부분을 뜯으셨다고 하셨잖아요
AIHub_LowQualityPhoneVoice_valid__31804,83.33333333333334,66.66666666666666,-16.666666666666686,False,아이 됐어요,알겠어,알겠어요
AIHub_LowQualityPhoneVoice_valid__31809,11.11111111111111,0.0,-11.11111111111111,False,아 네 알겠습니다,어 네 알겠습니다,아 네 알겠습니다
AIHub_LowQualityPhoneVoice_valid__31810,0.0,0.0,0.0,False,아 저 그 배송을 시켰는데 그 배송이 네 네 모의고사를 시켰는데 그 배송이 온다고 문자가 왔는데 배송이 안 왔어요,아 저 그 배송을 시켰는데 그 배송이 네 네 모의고사를 시켰는데 그 배송이 온다고 문자가 왔는데 배송이 안 왔어요,아 저 그 배송을 시켰는데 그 배송이 네 네 모의고사를 시켰는데 그 배송이 온다고 문자가 왔는데 배송이 안 왔어요
AIHub_LowQualityPhoneVoice_valid__31840,0.0,11.11111111111111,11.11111111111111,False,어 예 알겠습니다,어 예 알겠습니다,어 네 알겠습니다
AIHub_LowQualityPhoneVoice_valid__31841,21.052631578947366,7.894736842105263,-13.157894736842103,False,그 전에 인제 책을 모두 다 저희 쪽으로 그 반송을 다 해 주셔야겠죠,그리고 저는 인제 책을 모두 저희 쪽으로 그 반성을 다 해주셔야겠죠,그 전에 인제 책을 모두 저희 쪽으로 그 반송을 다 해주셔야겠죠
AIHub_LowQualityPhoneVoice_valid__31857,16.666666666666664,0.0,-16.666666666666664,False,네 없습니다,네 였습니다,네 없습니다
AIHub_LowQualityPhoneVoice_valid__31860,4.761904761904762,4.761904761904762,0.0,False,혹시 그 그쪽에서 전화가 온 것 같은데,혹시 그 그쪽에서 전화가 온 거 같은데,혹시 그 그쪽에서 전화가 온 거 같은데
AIHub_LowQualityPhoneVoice_valid__31865,0.0,0.0,0.0,False,혹시 지금 가능하시면요 통화 끊지 마시고,혹시 지금 가능하시면요 통화 끊지 마시고,혹시 지금 가능하시면요 통화 끊지 마시고
AIHub_LowQualityPhoneVoice_valid__31874,24.444444444444443,11.11111111111111,-13.333333333333332,False,저 혹시 오래 걸리면 제가 독서실이라 쫌 있다 집 갈 때 다시 전화 드려도 될까요,저 혹시 오래 걸린 만한 데가 독서실에서 토닉터 집 갈 때 다시 전화 드려도 될까요,저 혹시 오래 걸리면 제가 독서실이랑 좀 이따 집 갈 때 다시 전화드려도 될까요
AIHub_LowQualityPhoneVoice_valid__31883,39.130434782608695,2.1739130434782608,-36.95652173913044,False,사회 두 개 온 걸로 확인이 돼서요 아까 안내 드렸다시피 아까 이제 확인했던 주소로,사회에 이게 온 걸로 확인되서요 아까 안내대로 따시피 아까 확인됐어 주서,사회 두 개 온 걸로 확인이 돼서요 아까 안내드렸다시피 아까 이제 확인했던 주소로
AIHub_LowQualityPhoneVoice_valid__31891,0.0,0.0,0.0,False,네 감사합니다,네 감사합니다,네 감사합니다
AIHub_LowQualityPhoneVoice_valid__31896,4.25531914893617,6.382978723404255,2.127659574468085,False,어 그 만약에 뭐 지금 수능은 인제 목요일날 보실 거면은 이 부분 같은 경우에는 아마,어 그 만약에 뭐 지금 수능은 인제 목요일 날 보실 거면은 이 분 같은 경우에는 아마,어 그 만약에 뭐 지금 수능을 이제 목요일날 보실 거면은 이 분 같은 경우에는 아마
AIHub_LowQualityPhoneVoice_valid__31897,7.4074074074074066,3.7037037037037033,-3.7037037037037033,False,수능 전에 인제 뭐 수요일날 받아보실 수도 있어서,수능 전에 인제 뭐 수요일날 받아 보실 수 있어서,수능 전에 인제 뭐 수요일날 받아보실 수 있어서
AIHub_LowQualityPhoneVoice_valid__31903,23.943661971830984,15.492957746478872,-8.450704225352112,False,보통은 저희가 수요일로 안내를 드리고 더 늦게 되는 경우도 있어서 혹시나 그 부분은 참고하시고 만약에 환불하실 거면 환불하시든가,보통은 제가 수요를 안 내드리고 더 늦게 되는 경우도 있어서 그 시에 인제 그거 오는 참고하시고 만약에 환불하실 거면 환불하시든가,보통은 제가 수요일날 안내해드리고 더 늦게 되는 경우도 있어서 하시면 이제 그 부분을 참고하시고 만약에 환불하실 거면 환불하시든가
AIHub_LowQualityPhoneVoice_valid__31906,40.0,4.444444444444445,-35.55555555555556,False,그 택배사 측에서 하다 보니까 저희도 그 부분은 쫌 정확하게 안내 드리기 어려워요,특별사업들도 하다 보니깐 저희도 그거 보면 좀 정확하게 안 느끼기 어려워,그 택배사 측에서 하다 보니까 저희도 그 부분은 좀 정확하게 안내 드리기 어려워
AIHub_LowQualityPhoneVoice_valid__31913,21.428571428571427,10.714285714285714,-10.714285714285714,False,내일 안으로 연락 주셔야지 이게 환불이 가능하거든요,메일 안으로 연락이 되셔가지게 환불이 가능하거든요,내일 안으로 연락 주셔야지 환불이 가능하거든요
AIHub_LowQualityPhoneVoice_valid__31914,5.454545454545454,5.454545454545454,0.0,False,저희가 인제 보통은 교재 출고가 많으면은 이제 일요일도 출근을 하셔서 발송은 할 수가 있어요 그래서,저희가 인제 보통은 교재 출고가 많으면은 이제 이 월도 출근을 하셔서 발송은 할 수가 있어요 그래서,저희가 인제 보통은 교재 출고가 많으면은 이제 이 월도 출근을 하셔서 발송은 할 수가 있어요 그래서
AIHub_LowQualityPhoneVoice_valid__31928,0.0,0.0,0.0,False,그 그리고 혹시 지금 만약에 그 그거를,그 그리고 혹시 지금 만약에 그 그거를,그 그리고 혹시 지금 만약에 그 그거를
AIHub_LowQualityPhoneVoice_valid__31945,9.876543209876543,4.938271604938271,-4.938271604938271,False,네 저희가 오후 다섯 시 이전으로 연락 그 메일 발송을 해 주시면 어머니께서 따로 별도로 연락 없으셔도 저희 쪽에서 재발송 처리가 되겠 될 거구요,네 저희가 오후 다섯 시 이전으로 연락 그 메일 발송을 해주시면 어머니께서 따로 별 데 연락 없으셔서 저희 쪽에서 대발손 처리가 되겠 될 거 같구요,네 저희가 오후 다섯 시 이전으로 연락 그 메일 발송을 해주시면 어머니께서 따로 별도의 연락 없으셔서 저희 쪽에서 재발송 처리가 되게 될 거구요
AIHub_LowQualityPhoneVoice_valid__31948,78.57142857142857,28.57142857142857,-50.0,False,그 메일 주소 보내 주세요,네시카 끊으세요,네 메일 주소 좀 보내주세요
AIHub_LowQualityPhoneVoice_valid__31949,15.384615384615385,0.0,-15.384615384615385,False,네 문제가 좀 생겼는데요,이 문제가 좀 생겼는데,네 문제가 좀 생겼는데요
AIHub_LowQualityPhoneVoice_valid__31958,9.30232558139535,6.976744186046512,-2.325581395348838,False,일단 한번 알아 볼게요 알아 보고 전화 드릴게요 아직 저기 답은 안 주신 거죠,일단 뭐 알아볼게요 알아보고 전화 드릴게요 아직 저기 답은 안 주신 거죠,일단 한번 알아볼게요 알아보고 전화드릴게요 아직 저기 답은 안 주신 거죠
AIHub_LowQualityPhoneVoice_valid__31971,21.951219512195124,9.75609756097561,-12.195121951219514,False,가능하다 이랬었다가 거기에서 다행히 쫌 연계되는 퀵 업체가 있다 하더라고요,가능하다고 말했었다가 거기도 다행히 좀 연계되는 식업체가 있다고 하더라고요,가능하다가 이랬었다가 거기에서 다행히 좀 연계되는 기기 업체가 있다 하더라고요
AIHub_LowQualityPhoneVoice_valid__31972,12.903225806451612,0.0,-12.903225806451612,False,예 그래서 연락처는 지금 어머니 연락처로 진행하면 될까요,예 그서 연락처는 지금 어머니 연락처로 진행하면 안 돼요,예 그래서 연락처는 지금 어머니 연락처로 진행하면 될까요
AIHub_LowQualityPhoneVoice_valid__31975,43.47826086956522,34.78260869565217,-8.695652173913047,False,저녁 시간대에는 쫌 양해를 쫌 부탁드리구요,여덟 시간 때임 좀 야간히 좀 부탁드리구요,저녁 시간 때문에 좀 양해 좀 부탁드리고요
AIHub_LowQualityPhoneVoice_valid__31999,57.14285714285714,35.714285714285715,-21.428571428571423,False,어떻게 해야 되는지 해서요,여기 그거 어떻게 해야 되는지 알아요,여기 그 어떻게 해야 되는지 해서요
AIHub_LowQualityPhoneVoice_valid__32005,23.076923076923077,17.307692307692307,-5.76923076923077,False,그냥 포장을 뜯는 건 상관 없으신데 교재 자체에 있는 랩핑을 개봉하면 그거는 재판매가 어려워서,그냥 포장을 뜨는 건 상관없을 수 있는데 교대 자체는 래핑을 개봉하면 그거는 재판매가 어려워서,그냥 포장을 뜯는 건 상관없을 수 있는데 교재 자체는 랩핑을 개봉하면 그거는 재판매가 어려워서
AIHub_LowQualityPhoneVoice_valid__32040,41.17647058823529,0.0,-41.17647058823529,False,음 회원님 우선은 저희가 별도로,일단이 우선은 저희가 될도록,음 회원님 우선은 저희가 별도로
AIHub_LowQualityPhoneVoice_valid__32061,25.0,6.666666666666667,-18.333333333333332,False,근데 교재 이 카드 취소를 위해서는 반송 안 하시는 교재 재결제 한 번 하고 카드 전체 취소하는 방법 아니면,근데 우리가 카드 취소 위해서는 단순 안 하시면 그게 되글쎄 한 번 하고 카드 단체 취소하는 방법 아니냐,근데 교재가 카드 취소 위해서는 반송 안 하시면 교재 재결제 한 번 하고 카드 전체 취소하는 방법 아니면
AIHub_LowQualityPhoneVoice_valid__32062,31.70731707317073,2.4390243902439024,-29.26829268292683,False,캐쉬 환불이나 현금 환불로 가능하세요 어떤 방법으로 환불 도와드리면 될까요,특수연부나 혁은 함부로 가면 하세요 어떤 방법으로 함불 도와드리면 될까요,캐시 환불이나 현금 환불로 가능하세요 어떤 방법으로 환불 도와드리면 될까요
AIHub_LowQualityPhoneVoice_valid__32069,28.846153846153843,9.615384615384617,-19.230769230769226,False,아 네 그럼 문자 확인해 주실 때 거기 주소하고 지금 메모 사항 다 확인되고 있는 거 맞을까요,아 네 그럼 일단 확인을 지었을 때 되게 주소하고 지금 메모사항 다 확인되고 있는 거 맞지 다 아예요,아 네 그럼 문자 확인해주셨을 때 거기 주소하고 지금 메모 사항 다 확인되고 있는 거 맞으실까요
AIHub_LowQualityPhoneVoice_valid__32082,0.0,0.0,0.0,False,네 감사합니다,네 감사합니다,네 감사합니다
AIHub_LowQualityPhoneVoice_valid__32087,0.0,0.0,0.0,False,네 아 네 확인 감사드리구요,네 아 네 확인 감사드리구요,네 아 네 확인 감사드리구요
AIHub_LowQualityPhoneVoice_valid__32106,29.166666666666668,4.166666666666666,-25.0,False,네 네 이걸로 구매해 주시면 될 것 같으세요,네 이걸로 그만 해주시면 될 거 같으세요,네 네 이걸로 구매해주시면 될 것 같으세요
AIHub_LowQualityPhoneVoice_valid__32108,70.58823529411765,0.0,-70.58823529411765,False,네 감사합니다 좋은 하루 되세요,네 강선희도 전화해주세요,네 감사합니다 좋은 하루 되세요
AIHub_LowQualityPhoneVoice_valid__32118,17.857142857142858,0.0,-17.857142857142858,False,관련해서 다 지금 확인을 하고 있는 거예요 가능한지,관련소 다 지금 확인을 하고 있는 거에 약 가능한지,관련해서 다 지금 확인을 하고 있는 거예요 가능한지
AIHub_LowQualityPhoneVoice_valid__32129,20.0,0.0,-20.0,False,아 네 수능 전에 쓰셔야 되시는 거 맞으실까요,아 네 수능 전에서 쉬셔야 되시는가 말으실까요,아 네 수능 전에 쓰셔야 되시는 거 맞으실까요
AIHub_LowQualityPhoneVoice_valid__32136,6.0606060606060606,6.0606060606060606,0.0,False,어 둘 다 혹시 주소를 바꿀 수 있을까요 같은 동네이긴 한데,어 둘 다 혹시 주소로 바꿀 수 있을까요 같은 동네긴 한데,어 둘 다 혹시 주소로 바꿀 수 있을까요 같은 동네긴 한데
AIHub_LowQualityPhoneVoice_valid__32143,13.333333333333334,6.666666666666667,-6.666666666666667,False,금 저희가 교재를 확인했는데,짐 저희가 교대를 확인했는데,지금 저희가 교재를 확인했는데
AIHub_LowQualityPhoneVoice_valid__32148,27.27272727272727,0.0,-27.27272727272727,False,네 회원님 감사합니다,네 네 감사합니다,네 회원님 감사합니다
AIHub_LowQualityPhoneVoice_valid__32151,0.0,6.666666666666667,6.666666666666667,False,아 그러면은 바꿀 수 있어요,아 그러면은 바꿀 수 있어요,아 그러면은 바꿀 수는 있어요
AIHub_LowQualityPhoneVoice_valid__32157,7.6923076923076925,0.0,-7.6923076923076925,False,아 네 확인 감사드립니다,아 네 확인 검사드립니다,아 네 확인 감사드립니다
AIHub_LowQualityPhoneVoice_valid__32165,24.489795918367346,6.122448979591836,-18.36734693877551,False,그 저희 쪽에서 저희가 이제 회수 접수 진행을 하면서 혹시 고객님 교재만 받아가신 걸까요,그 더위 쪽에서 더위가 이제 회사 독서 진행을 하면서 고객님 도제만 받아가신 걸까요,그 저희 쪽에서 저희가 이제 회수 접수 진행을 하면서 고객님 교재만 받아가신 걸까요
AIHub_LowQualityPhoneVoice_valid__32168,14.285714285714285,14.285714285714285,0.0,False,아 근데 그게 큰 돈이라서,아 근데 그 큰돈이라서,아 근데 그 큰돈이라서
AIHub_LowQualityPhoneVoice_valid__32196,10.0,0.0,-10.0,False,아 혹시 회원님 답지만 메일로 전송해드려도 괜찮으신가요,아 혹시 만약에 답지만 메일로 전송해드려도 괜찮으신가요,아 혹시 회원님 답지만 메일로 전송해드려도 괜찮으신가요
AIHub_LowQualityPhoneVoice_valid__32204,0.0,0.0,0.0,False,확인하고 메일로,확인하고 메일로,확인하고 메일로
AIHub_LowQualityPhoneVoice_valid__32207,4.761904761904762,0.0,-4.761904761904762,False,어 받으실 메일 주소가 어떻게 되실까요,어 받으실 매일 주소가 어떻게 되실까요,어 받으실 메일 주소가 어떻게 되실까요
AIHub_LowQualityPhoneVoice_valid__32209,63.63636363636363,0.0,-63.63636363636363,False,아 네 확인 도와드리,아 내가 확인,아 네 확인 도와드리
AIHub_LowQualityPhoneVoice_valid__32220,28.125,6.25,-21.875,False,아 네 회원님 제가 확인해 볼 텐데 잠시만 기다려 주십시오,아 네 렌즈가 확인해볼 땐데 잠시만 기다려주십시,아 네 회원님 제가 확인해볼 텐데 잠시만 기다려주십시오
AIHub_LowQualityPhoneVoice_valid__32223,10.0,5.0,-5.0,False,표지에 자 밑에 작은 글씨로 있었어요,효시에 자 밑에 작은 글씨로 있었어요,표시에 자 밑에 작은 글씨로 있었어요
AIHub_LowQualityPhoneVoice_valid__32225,28.000000000000004,4.0,-24.000000000000004,False,경로 확인 중이구요 조금만 더 기다려 주십시오,경로화 빙증이구요 조금만 더 기다려주십시,경로 확인 중이고요 조금만 더 기다려 주십시오
AIHub_LowQualityPhoneVoice_valid__32236,24.242424242424242,21.21212121212121,-3.030303030303031,False,제가 조금 전에 해설 강의가 다운 안 된다고 전화를 드렸더니,제가 쪼금 전에 해다가야 싸운 안 된다고 전화를 드렸다니,제가 조금 전에 회사가 아니라 다운 안된다고 전화를 드렸더니
AIHub_LowQualityPhoneVoice_valid__32239,14.754098360655737,1.639344262295082,-13.114754098360656,False,근데 막 해설 강의가 다운을 받게 한 적이 없다고 막 그러시 근데 제가 방금 다시 찾아가지고 다운을 받았거든요,근데 막 해석한 게 다운을 받게 한 적이 없어 다운 막 그러실 근데 제가 방금 다시 찾아가지고 다운을 받았거든요,근데 막 해설 강의 다운을 받게 한 적이 없다고 막 그러시 근데 제가 방금 다시 찾아가지고 다운을 받았거든요
AIHub_LowQualityPhoneVoice_valid__32243,56.25,31.25,-25.0,False,그거 좀 제대로 안내를 하던지,재료만 안 내가 하던지,금 제대로 안내가 하던지
AIHub_LowQualityPhoneVoice_valid__32247,11.904761904761903,2.380952380952381,-9.523809523809522,False,안 된다 해 놓고는 제가 원래 다 됐는데 왜 갑자기 올해는 안 되냐 이러니까,안 된다 해놓고는 쟤가 원래 딱 됐는데 왜 갑자기 올핸 안 되냐 이러니까,안 된다 해놓고는 제가 원래 다 됐는데 왜 갑자기 올해는 안 되냐 이러니까
AIHub_LowQualityPhoneVoice_valid__32255,29.411764705882355,0.0,-29.411764705882355,False,그럼 알겠습니다 회원님 말씀하신 내용 전달 도와드릴게요 회원님,그럼 알겠습니다 형님 말씀하신대요 전달 도와 드리께요 형님,그럼 알겠습니다 회원님 말씀하신 내용 전달 도와드릴게요 회원님
AIHub_LowQualityPhoneVoice_valid__32256,27.27272727272727,18.181818181818183,-9.090909090909086,False,그니까 아까부터 제가,그니까 아까 아까 제가,그니까 아까 그 제가
AIHub_LowQualityPhoneVoice_valid__32266,31.57894736842105,0.0,-31.57894736842105,False,환불하시려는 사유가 어떻게 되실까요,헌프란시아는 사회업 어떻게 되실까요,환불하시려는 사유가 어떻게 되실까요
AIHub_LowQualityPhoneVoice_valid__32276,7.5,2.5,-5.0,False,아니요 회원님께서 그리고 그 알림 받으시고 다시 한 번 문의를 주셔야지만,아니요 회원님께서 그리고 그 알림 받으시고 다시 한번 문의를 주시지만,아니요 회원님께서 그리고 그 알림 받으시고 다시 한번 문의를 주셔야지만
AIHub_LowQualityPhoneVoice_valid__32287,4.3478260869565215,4.3478260869565215,0.0,False,어 이렇게 메모를 하면 기사님께서 아실까요,아 이렇게 메모를 하면 기사님께서 아실까요,아 이렇게 메모를 하면 기사님께서 아실까요
AIHub_LowQualityPhoneVoice_valid__32298,0.0,4.761904761904762,4.761904761904762,False,다시 전화 달라고 하셔가지고 전화했어요,다시 전화 달라고 하셔가지고 전화했어요,다시 전화 달라고 하셔 가지고 전화했어요
AIHub_LowQualityPhoneVoice_valid__32308,0.0,0.0,0.0,False,네 최대한 빠르게 부탁드려요,네 최대한 빠르게 부탁드려요,네 최대한 빠르게 부탁드려요
AIHub_LowQualityPhoneVoice_valid__32312,68.75,6.25,-62.5,False,메모 전달해드리면 되는 걸까요,왜 뭐 준다 해드리며 대는 뭘까 해,메모 전달해 드리면 되는 걸까요
AIHub_LowQualityPhoneVoice_valid__32339,7.6923076923076925,2.564102564102564,-5.128205128205129,False,제가 담당부서 쪽으로 우선 요청드려야 돼서 말씀해주신 부분 전달드리겠고,가 담당 부서 쪽으로 우선 요청드려야 돼서 말씀해 주신 부분 전달드리겠고,제가 담당부서 쪽으로 우선 요청드려야 돼서 말씀해주신 부분 전달 드리겠고
AIHub_LowQualityPhoneVoice_valid__32347,0.0,0.0,0.0,False,그 전에 봤던 게,그 전에 봤던 게,그 전에 봤던 게
AIHub_LowQualityPhoneVoice_valid__32355,0.0,0.0,0.0,False,신청해주신 교재가,신청해주신 교재가,신청해주신 교재가
AIHub_LowQualityPhoneVoice_valid__32356,7.6923076923076925,7.6923076923076925,0.0,False,고거 지금 어 배송상태가,고거 지금 어 배송 상태가,고거 지금 어 배송 상태가
AIHub_LowQualityPhoneVoice_valid__32381,0.0,0.0,0.0,False,오전에 나간 거잖아요,오전에 나간 거잖아요,오전에 나간 거잖아요
AIHub_LowQualityPhoneVoice_valid__32384,62.5,37.5,-25.0,False,그쵸 아무래도요,백 회 아무래도 돼요,그게 아무래도 돼요
AIHub_LowQualityPhoneVoice_valid__32385,7.142857142857142,0.0,-7.142857142857142,False,네 기다려주셔서 감사합니다,네 기다려 주셔서 감사합니다,네 기다려주셔서 감사합니다
AIHub_LowQualityPhoneVoice_valid__32394,15.151515151515152,6.0606060606060606,-9.090909090909092,False,호 혹시 그러면 반송하실 때 다시 재문의를 주시겠어요 아니면,어 혹시 그러면 방송하실 때 다시 재무늬를 주시겠어요 아니면은,어 혹시 그러면 반송하실 때 다시 재문의를 주시겠어요 아니면은
AIHub_LowQualityPhoneVoice_valid__32398,14.285714285714285,0.0,-14.285714285714285,False,예 감사합니다,네 감사합니다,예 감사합니다
AIHub_LowQualityPhoneVoice_valid__32420,42.857142857142854,28.57142857142857,-14.285714285714285,False,아 이게 이게 핸드폰이 통화중일 때는 지금 문자 확인이 안돼서 끊어야지 이게 가능하거든요,아 이게 핸드폰에 통화점에서는 냉면 사기 안 돼서 포나야지 이게 가능하고,아 이게 이 핸드폰에 통화중때는 xx 확인이 안돼서 폰으로 해야지 이게 가능하거든요
AIHub_LowQualityPhoneVoice_valid__32426,0.0,0.0,0.0,False,네 알겠습니다,네 알겠습니다,네 알겠습니다
AIHub_LowQualityPhoneVoice_valid__32434,70.0,0.0,-70.0,False,잠시만 기다려주세요,미지방 따라 해주세요,잠시만 기다려주세요
AIHub_LowQualityPhoneVoice_valid__32459,0.0,0.0,0.0,False,저희가 바꿔드려도 될까요,저희가 바꿔드려도 될까요,저희가 바꿔드려도 될까요
AIHub_LowQualityPhoneVoice_valid__32461,20.0,10.0,-10.0,False,어디로 바꿔드릴까요,어딜로 바꿔 드릴까요,어딜로 바꿔드릴까요
AIHub_LowQualityPhoneVoice_valid__32486,11.11111111111111,0.0,-11.11111111111111,False,아니요 새 거예요,아니야 새 거예요,아니요 새 거예요
AIHub_LowQualityPhoneVoice_valid__32493,0.0,0.0,0.0,False,아 네 이거 어제 그 여기 온라인 서점에서 책을 시켰는데,아 네 이거 어제 그 여기 온라인 서점에서 책을 시켰는데,아 네 이거 어제 그 여기 온라인 서점에서 책을 시켰는데
AIHub_LowQualityPhoneVoice_valid__32502,75.0,0.0,-75.0,False,아 네 여보세요,아 내일 없으면,아 네 여보세요
AIHub_LowQualityPhoneVoice_valid__32527,32.6530612244898,2.0408163265306123,-30.612244897959183,False,정확한 안내를 위해서 회원님의 정보가 필요합니다 실례지만 회원님의 성함이 어떻게 되십니까,정확한 안내를 위해서 회장님이 참 뭐가 필요합니다 슬레즈만 회장님이 함각시 되십니까,정확한 안내를 위해서 회원님의 정보가 필요합니다 실례지만 회원님 성함이 어떻게 되십니까
AIHub_LowQualityPhoneVoice_valid__32531,14.285714285714285,0.0,-14.285714285714285,False,이 교재를 환불 원하신다는 말씀이시고요,이 주제에 환불 원하신다는 말씀이시고요,이 교재를 환불 원하신다는 말씀이시고요
AIHub_LowQualityPhoneVoice_valid__32535,14.285714285714285,14.285714285714285,0.0,False,어 잠깐만요 어 감사합니다,어 잠깐만요 어 네 감사합니다,어 잠깐만요 어 네 감사합니다
AIHub_LowQualityPhoneVoice_valid__32553,14.606741573033707,8.98876404494382,-5.617977528089886,False,문자 한 번 확인해주시면 저희 반송 주소 나와있습니다 그쪽으로 우선 반송을 보내주시고 그리고 두 번째 메모사항이라는 적혀있는 사항 있을 거예요 보내주시면 되고요,문자 한 번 확인해 주시면 저희 반송 투어 나와 있습니다 그쪽으로 우선 반송을 보내주시고 그리고 두 번째에 외모사항이라고 적혀 있는 부분이 있을 거에요 보내주시면 되구요,문자 한번 확인해주시면 저희 반송 주소로 나와있습니다 그쪽으로 우선 반송을 보내주시고 그리고 두 번째 메모 사항이라고 적혀있는 부분이 있을 거예요 보내주시면 되구요
AIHub_LowQualityPhoneVoice_valid__32568,22.857142857142858,0.0,-22.857142857142858,False,회원님께 문자로 메일 주소 하나 보내드릴게요 잠시만 기다려주세요,그럼 이렇게 문자로 메일 주소나 보내드릴게요 잠시만 기다려주세요,회원님께 문자로 메일 주소 하나 보내드릴게요 잠시만 기다려주세요
AIHub_LowQualityPhoneVoice_valid__32574,6.896551724137931,3.4482758620689653,-3.4482758620689653,False,그 기다리는 동안 그냥 그 파분된 교재로 학습 가능하다고 해서 했는데 혹시 그때 들었을 때는 이게 배송되면은 그냥 버려준다고 들었거든요 그래서 필기한 부분 한 두 페이지만 뜯어내도 되나 해가지고 연락드렸거든요,그 기다리는 동안 그냥 그 파분된 그제로 학습 가능하다고 해서 했는데 혹시 그때 들었을 때는 이게 배송되면은 그냥 버려진다고 들었거든요 그래서 필기한 부분 한 두 페이지만 뜯어은 해도 되나 해가지고 연락됐거든요,그 기다리는 동안 그냥 그 파본된 교재로 학습 가능하다고 해서 했는데 혹시 그때 들었을 때는 이게 배송되면은 그냥 버려진다고 들었거든요 그래서 필기한 부분 한 두 페이지만 뜯어내도 되나 해가지고 연락됐거든요
AIHub_LowQualityPhoneVoice_valid__32580,8.695652173913043,4.3478260869565215,-4.3478260869565215,False,혹시 배송비 때문에 동봉하신 거예요 아머니,혹시 배송비 때문에 동봉하신 거에요 어머니,혹시 배송비 때문에 동봉하신 거예요 어머니
AIHub_LowQualityPhoneVoice_valid__32589,40.0,30.0,-10.0,False,제가요 제 핸드폰은,어 걔 핸드폰은,어 제 핸드폰은
AIHub_LowQualityPhoneVoice_valid__32605,31.818181818181817,18.181818181818183,-13.636363636363633,False,그니까 택배 보관함이 있다는 말씀이신거죠,그 택시에 보관하면 있다는 말씀이신 거죠,그 택배 보관함에 있다는 말씀이신 거죠
AIHub_LowQualityPhoneVoice_valid__32607,29.411764705882355,7.8431372549019605,-21.568627450980394,False,예 그냥 고기 아마 그 배송 완료됐다고만 제가 문자를 받았거든요 그러면 뭐 어떻게 해야 되죠,예 그냥 고개 안 와 그 배송을 알려도 했다고만 제가 문자로 받았거든요 그럼 어머 어떻게 해야 되죠,예 그냥 고게 아마 그 배송 완료됐다고만 제가 문자로 받았거든요 그럼 뭐 어떻게 해야 되죠
AIHub_LowQualityPhoneVoice_valid__32612,18.181818181818183,27.27272727272727,9.090909090909086,False,아 십 일이 아 네 알겠습니다 감사합니다,아씨도 이제 아 네 알겠습니다 감사합니다,십 일 이 일쯤에 아 네 알겠습니다 감사합니다
AIHub_LowQualityPhoneVoice_valid__32617,21.428571428571427,14.285714285714285,-7.142857142857142,False,되는 교재가 따로 있고 아,계능 교제가 따로 있고 아,되는 교재가 따로 있고
AIHub_LowQualityPhoneVoice_valid__32619,20.754716981132077,20.754716981132077,0.0,False,아 그냥 따로 따로 주문하는 거는 뭐 어떻게 합산되거나 뭐 이렇게 자동 적용되는 게 없는 거고요,아 그냥 따로 따로 주문하는 거는 어떻게 뭐 합정되거나 뭐 이렇게 다 조금 전송되는 게 없는 거고요,아 그냥 따로따로 주문하는 거는 어떻게 뭐 합산되거나 뭐 이렇게 아 조금 조정되는 게 없는 거고요
AIHub_LowQualityPhoneVoice_valid__32630,42.857142857142854,11.428571428571429,-31.428571428571423,False,아니요 저희는 그 따로 빠 빠른 배송이 따로 진행되지는 않으세요,운영 조회는 그 따로 빠르 빠른 배송은 바로 진행되드는 안 해도 돼요,아니요 저희는 따로 빠른 빠른 배송이 바로 진행되지는 않으세요
AIHub_LowQualityPhoneVoice_valid__32644,13.978494623655912,7.526881720430108,-6.451612903225804,False,우선은 그 부분 확인되셨고요 그리고 제가 이제 알려드릴 부분은 우선 이전에 저희 전화 주셨던 이제 그 본인이죠 학생분 학생 회원님이 저희 저희 쪽으로 전화를 주셨었어요,우선은 그 부분은 확인되셨고요 그리고 제가 이제 안 된 부분은 우선 이른에 저희 전화 주셨던 이제 그분이 이제 학생분 학생회원님이 저희 저희 쪽 전화를 주셨었어요,우선은 그 부분 확인되셨고요 그리고 제가 이제 안내해드릴 부분은 우선 이전에 저희 전화 주셨던 이제 그 분이 이제 학생분 학생 회원님이 저희 저희 쪽으로 전화를 주셨었어요
AIHub_LowQualityPhoneVoice_valid__32645,7.6923076923076925,5.982905982905983,-1.7094017094017095,False,그때 이제 어 반송 관련해서 안내를 드렸는데 저희는 지금 선불 선불 반송으로 저희쪽으로 보내주셔야지 저희가 받습니다 그래서 처음에 그 제대로 안되셨던 것 같애요 예 우선은 이제 제가 그러면 메모사항 한 번 이제,그때 이제 어 반송 관련해서 안내를 드렸는데 저희는 지금 그 선불 선불 반송으로 저희 쪽으로 보내주셔야지 저희가 봤습니다 그래서 처음에 그 제대로 안 되셨던 거 같애요 우선은 이제 제가 그러면 메모사 한 번 이제,그때 이제 어 반송 관련해서 안내를 드렸는데 저희는 지금 그 선불 선불 반송으로 저희 쪽으로 보내주셔야지 저희가 받습니다 그래서 처음에 그 제대로 안 되셨던 것 같애요 네 우선은 이제 제가 그러면 메모 사항 한번 이제
AIHub_LowQualityPhoneVoice_valid__32647,17.346938775510203,11.224489795918368,-6.1224489795918355,False,네 반송검수 마이페이지 이제 마이페이지에서 이 알림쪽지가 가실 거예요 그럼 알림쪽지 수신하신 후에 전화를 다시 주시면 저희측에서 이제 그 처음에 전체 취소로 도와드릴 예정이예요,반송검수 나이페이지 이제 나이페이지에서 이제 알림 쪽지가 가실 거예요 그럼 알림 쪽지 수용할 후에 전화를 다시 주시면 저희 집에서 이제 그 처음에 전제치도로 도와드릴 예정이에요,반송 검수 마이페이지 이제 마이페이지에서 이제 알림 쪽지가 가실 거예요 그럼 알림 쪽지 수신한 후에 전화를 다시 주시면 저희 쪽에서 이제 그 처음에 전체 취소로 도와드릴 예정이에요
AIHub_LowQualityPhoneVoice_valid__32662,19.101123595505616,8.98876404494382,-10.112359550561795,False,제가 드린 말씀은 그 혹시 어머니 어머니랑 자녀분이랑 같이 자택에서 이제 확인하시는 게 가능하시면 그렇게 하시면 되는데 혹시나 이제 어 자녀분이랑 같은 공간에서 설명이 그 시청이 좀 어려우시면 그 어머니 정보로 학생 회원으로 가입이 필요하실 것 같아요 어미니 지금 가입 돼있는 거 말고 외적으로 하나 더 필요하실 거예요,제가 드린 말씀은 그 혹시 어머니 어머니랑 그 자네 분이랑 같이 자택에서 이제 확인하시는 게 가능하시면 그렇게 하시면 되는데 혹시나 이제 어 자네 분이랑 같은 공간에서 그 설명이 시청 중 어려우시면 그 어머니 공부로 학생연후로 가야 되면 필요하실 거 같애요 뭐 지금 갈 때는 거 말고 외적으로 하나도 필요하실 거에요,제가 드린 말씀은 그 혹시 어머니께 어머니랑 그 자녀분이랑 같이 자택에서 이제 확인하시는 게 가능하시면 그렇게 하시면 되는데 혹시나 이제 어 자녀분이랑 같은 공간에서 그 설명이 이제 시청이 좀 어려우시면 그 어머니 가정보로 학생회원으로 가입이 한번 필요하실 것 같아요 어머니 지금 가입되는 거 말고 외적으로 하나 더 필요하실 거예요
AIHub_LowQualityPhoneVoice_valid__32679,25.581395348837212,20.930232558139537,-4.651162790697676,False,아 아 아이 그걸 네 그렇게 만약에 아 아 아 제가 알려드리면 어떻게 처리되는,어 어 아이 그 그 롤 네 그렇게 만약에 아 아 제가 알려드리면 어떻게 되는지,아 아 아니 그 그 를 네 그렇게 만약에 아 아 제가 알려드리면 어떻게 처리를
AIHub_LowQualityPhoneVoice_valid__32687,9.090909090909092,0.0,-9.090909090909092,False,아 네 네 알겠습니다,어 네 네 알겠습니다,아 네 네 알겠습니다
AIHub_LowQualityPhoneVoice_valid__32691,15.254237288135593,5.084745762711865,-10.169491525423728,False,교재값이 싼 것도 아니고 이거 이렇게 되어있으면 공부를 하다가 어제 주말에 공부할려고 하다가 하지도 못하고,그 색깔씩 딴 것도 아니고 이거 이렇게 되어 있으면 공부를 하다가 어제 주말에 공부할려고 하다가 하드도 못 하고,교재값이 싼 것도 아니고 이거 이렇게 되어 있으면은 공부를 하다가 어제 주말에 공부하려고 하다가 하지도 못하고
AIHub_LowQualityPhoneVoice_valid__32702,50.0,0.0,-50.0,False,어떻게 찍죠 그러면 사진이 없는 거를,스토케익 측정으로는 사진이 없는 거를,어떻게 찍죠 그러면 사진이 없는 거를
AIHub_LowQualityPhoneVoice_valid__32709,83.33333333333334,0.0,-83.33333333333334,False,네 여보세요,여기 옆에요,네 여보세요
AIHub_LowQualityPhoneVoice_valid__32715,30.0,10.0,-20.0,False,어 지방퀵은 없나요,어 취강식은 없나요,어 지방 퀵은 없나요
AIHub_LowQualityPhoneVoice_valid__32716,18.96551724137931,6.896551724137931,-12.068965517241379,False,네 네 진행하고 있는게 지금 현재 수도권 현재가 아니라 앞으로도 뭐 수도권 퀵 밖에 없습니다 저희가 퀵은,네 네 진행하고 있는데 지금 현재 수도권 현재가 아니라 앞으로도 뭐 수도권 킵밖에 없어 자기가,네 네 진행하고 있는데 지금 현재는 수도권 현재가 아니라 앞으로도 뭐 수도권 키밖에 없습니다 저희가 퀵은
AIHub_LowQualityPhoneVoice_valid__32729,35.294117647058826,23.52941176470588,-11.764705882352946,False,퀵이라는게 말 그대로 오토바인데,어 필기라는 게 말 그대로 오토반인데,어 퀵이라는 게 말 그대로 오토바이인데
AIHub_LowQualityPhoneVoice_valid__32741,13.333333333333334,13.333333333333334,0.0,False,네 그래가지고 보내드릴려구요,예 그래가지고 보내드리려구요,네 그래가지고 보내드리려고요
AIHub_LowQualityPhoneVoice_valid__32747,33.33333333333333,0.0,-33.33333333333333,False,네 여보세요,에이 여보세요,네 여보세요
AIHub_LowQualityPhoneVoice_valid__32760,13.636363636363635,0.0,-13.636363636363635,False,네 제가 정보 확인하고 변경해드릴 텐데요,예 제가 정보 확인하고 존경해 드릴 텐데요,네 제가 정보 확인하고 변경해드릴 텐데요
AIHub_LowQualityPhoneVoice_valid__32762,13.333333333333334,0.0,-13.333333333333334,False,주소지가 그거일 거예요 거기,준소기가 그거일 거예요 거기,주소지가 그거일 거예요 거기
AIHub_LowQualityPhoneVoice_valid__32771,0.0,0.0,0.0,False,네 저기 저희 아들이 책을 주문했는데,네 저기 저희 아들이 책을 주문했는데,네 저기 저희 아들이 책을 주문했는데
AIHub_LowQualityPhoneVoice_valid__32784,15.384615384615385,0.0,-15.384615384615385,False,주문을 부대에서 주문하고,조문을 부대에서 조문하고,주문을 부대에서 주문하고
AIHub_LowQualityPhoneVoice_valid__32809,26.31578947368421,5.263157894736842,-21.052631578947366,False,제가 그 수능 을 목요일에 보잖아요,제가 그 수능을 목요일에 포장하여,제가 그 수능을 목요일에 보잖아요
AIHub_LowQualityPhoneVoice_valid__32810,12.5,4.166666666666666,-8.333333333333334,False,제가 모의고사 하나 살려고 하는데 그게 목요일 전까지 수요일에 올 수 있을까요 지금사면,제가 모의고사 하나 사야 가는데 그게 목요일 전까지 수요일에 올 수 있을까요 지금 따면,제가 모의고사 하나 사려고 하는데 그게 목요일 전까지 수요일에 올 수 있을까요 지금 사면
AIHub_LowQualityPhoneVoice_valid__32811,30.952380952380953,4.761904761904762,-26.19047619047619,False,저희가 교재는 수요일 날 받을 수 있다 라고 제가 확답을 드릴 수는 없으세요,저희가 교재는 수요일 날 받을 수 있다라고 저거 확보 드릴 수는 없으세요 아 그래요 네,저희가 교재는 수요일날 받을 수 있다라고 제가 확답을 드릴 수는 없으세요
AIHub_LowQualityPhoneVoice_valid__32841,7.6923076923076925,1.9230769230769231,-5.769230769230769,False,접수를 해드리기 전에 회원님과 이제 통화가 다시 가능을 해야 그 회수가 진행이 되실 것 같예요,접수를 해드리기 전에 회원님과 이제 통화가 다시 가능을 해야 회수가 진행이 되실 거 같애요,접수를 해드리기 전에 회원님과 이제 통화가 다시 가능을 해야 그 회수가 진행이 되실 것 같애요
AIHub_LowQualityPhoneVoice_valid__32850,15.0,0.0,-15.0,False,바로 말씀드릴게요 잠시만 기다려주세요,바로 말씀드릴 때야 잠시만 기다려주세요,바로 말씀드릴게요 잠시만 기다려주세요
AIHub_LowQualityPhoneVoice_valid__32863,11.11111111111111,0.0,-11.11111111111111,False,아이디요 잠깐만요,아이디어 잠깐만요,아이디요 잠깐만요
AIHub_LowQualityPhoneVoice_valid__32881,10.81081081081081,2.7027027027027026,-8.108108108108109,False,그 특송으로라도 보내주셔야죠 특송으로 빨리 보내시라고요 네 맞습니다,특성으로라도 보내주셔야죠 특성으로 빨리 보내시라고요 네 맞습니다,그 특송으로라도 보내주셔야죠 특송으로 빨리 보내시라고요 예 맞습니다
AIHub_LowQualityPhoneVoice_valid__32887,12.244897959183673,4.081632653061225,-8.163265306122447,False,제가 이거 퀵 퀵 발송이 가능한지 확인 한 번 해보고 이 번호로 다시 한 번 연락드릴게요,내가 이거 퀵 퀵 퀵 발송이 가능한지 확인 한번 해보고 이 번으로 다시 한번 연락드릴게요,제가 이거 퀵 퀵 발송이 가능한지 확인 한번 해보고 이 번호로 다시 한번 연락드릴게요
AIHub_LowQualityPhoneVoice_valid__32888,0.0,0.0,0.0,False,네 감사합니다,네 감사합니다,네 감사합니다
AIHub_LowQualityPhoneVoice_valid__32910,9.30232558139535,9.30232558139535,0.0,False,경비 아저씨가 회원님 직접 통화가 돼야 물품을 넘겨준다고 하시거든요 거 보니까,경대 아저씨가 회사님 직접 통화가 돼야 물품을 넘겨준다고 하시거든요 그걸 보니까,경비 아저씨가 그 회원님 직접 통화가 돼야 물품을 넘겨준다고 하시거든요 그걸 보니까
AIHub_LowQualityPhoneVoice_valid__32920,7.142857142857142,0.0,-7.142857142857142,False,그 뭘 답변해주시는 거예요,그걸 뭘 답변해주시는 거예요,그 뭘 답변해주시는 거예요
AIHub_LowQualityPhoneVoice_valid__32925,0.0,0.0,0.0,False,그럼 회원님 통화 가능하신가요,그럼 회원님 통화 가능하신가요,그럼 회원님 통화 가능하신가요
AIHub_LowQualityPhoneVoice_valid__32930,20.0,8.0,-12.0,False,네 금 금요일날 연락드리는 거죠 금요일 이후에,근데 금 금요일 날 저 연락드리는 거죠 금요일 이후에,네 금 금요일날 저 연락드리는 거죠 금요일 이후에
AIHub_LowQualityPhoneVoice_valid__32949,5.263157894736842,10.526315789473683,5.263157894736842,False,아니 그럼요 지금 취소할 수 있나요,아이 그럼요 지금 취소할 수 있나요,아니 그러면 지금 취소할 수 있나요
AIHub_LowQualityPhoneVoice_valid__32953,11.76470588235294,0.0,-11.76470588235294,False,회원님 근데 제가 말씀을 드렸다시피 현재 발송 대기 상태에서는 저희가 취소 처리나 배송지 변경 자체가 어려우신 거다 보니까,미안해 근데 제가 말씀을 드렸다시피 현재 발송되기 상태에선 저희가 취소처리나 배송지 변경 자체가 어려우신 거다 보니까,회원님 근데 제가 말씀을 드렸다시피 현재 발송 대기 상태에서는 저희가 취소 처리나 배송지 변경 자체가 어려우신 거다 보니까
AIHub_LowQualityPhoneVoice_valid__32975,13.333333333333334,10.0,-3.333333333333334,False,네 저 뭐 환 그 환불 그거를 확인할 수 있을까 싶어서,네 그래서 뭐 홈 그 환불 그거를 확인할 수 있을까 싶어서,네 그래서 뭐 환 그 환불 그거를 확인할 수 있을까 싶어서
AIHub_LowQualityPhoneVoice_valid__32986,28.57142857142857,0.0,-28.57142857142857,False,네 네 네 회원님 교재 수령하시고 사용하셨나요 혹시,네 네 네 형님 그저 술을 마시고 사용하셨나요 혹시,네 네 네 회원님 교재 수령하시고 사용하셨나요 혹시
AIHub_LowQualityPhoneVoice_valid__32989,70.0,0.0,-70.0,False,아 확인 감사합니다,아 자긴 감사하면 되겠,아 확인 감사합니다
AIHub_LowQualityPhoneVoice_valid__32993,20.0,0.0,-20.0,False,아 네 사용 안 하셨다고 하셨고 지금 반송 안내 도와드릴 겁니다,아 형 형 안 하셨다고 하셨고 지금 반성한테 도와드릴 겁니다,아 네 사용 안 하셨다고 하셨고 지금 반송 안내 도와드릴 겁니다
AIHub_LowQualityPhoneVoice_valid__32995,30.0,23.333333333333332,-6.666666666666668,False,예 문자 전송해드렸구요 먼저 내용 확인 부탁드리겠습니다,본장 감성해드라구요 오늘 내용 확인 부탁드리겠습니다,네 문자 반송해 드렸고요 내용 확인 부탁드리겠습니다
AIHub_LowQualityPhoneVoice_valid__33001,50.0,0.0,-50.0,False,확인하실 게 반송 주소랑 메모 사항 확인하시면 되는데요,확인할 수 있게 반성도 여서랑 맴모사 한 번 확인하시면 되는데 야,확인하실 게 반송 주소랑 메모 사항 확인하시면 되는데요
AIHub_LowQualityPhoneVoice_valid__33013,0.0,5.263157894736842,5.263157894736842,False,아 저희가 직접 수령은 어려우시구요,아 저희가 직접 수령은 어려우시구요,아 저희가 직접 수령은 어려우시고요
AIHub_LowQualityPhoneVoice_valid__33023,87.5,62.5,-25.0,False,가는 줄 알았네,반응자료 뭐,아니지 알았겠네
AIHub_LowQualityPhoneVoice_valid__33042,0.0,0.0,0.0,False,그거는 일단 나중 부분이고,그거는 일단 나중 부분이고,그거는 일단 나중 부분이고
AIHub_LowQualityPhoneVoice_valid__33044,16.666666666666664,16.666666666666664,0.0,False,그거 원하시면은 저희가,아 원하시면은 저희가,까 원하시면은 저희가
AIHub_LowQualityPhoneVoice_valid__33053,0.0,0.0,0.0,False,네 감사합니다,네 감사합니다,네 감사합니다
AIHub_LowQualityPhoneVoice_valid__33065,40.625,0.0,-40.625,False,네 오늘 새벽에 교재 한 권 결제해 주셨던 거 확인되시고요,네 오늘 새벽에 교장관 벌려주셨던 거 확인되실 거야,네 오늘 새벽에 교재 한 권 결제해 주셨던 거 확인되시고요
AIHub_LowQualityPhoneVoice_valid__33072,30.555555555555557,11.11111111111111,-19.444444444444446,False,네 이 발송 대기는 이제 택배사 쪽 물건이 넘어간 상태이긴 하는데,매일 발송되기는 이제 특혜사태가 물건이 넘어가는 상태이긴 하는데,네 발송 대기는 이제 택배사 쪽 물건이 넘어가는 상태이긴 하는데
AIHub_LowQualityPhoneVoice_valid__33075,42.857142857142854,0.0,-42.857142857142854,False,알겠습니다 네,네겠습니다,알겠습니다 네
AIHub_LowQualityPhoneVoice_valid__33077,157.14285714285714,0.0,-157.14285714285714,False,반송할 겁니다,말도 안 할 수 없는 데,반송할 겁니다
AIHub_LowQualityPhoneVoice_valid__33082,0.0,0.0,0.0,False,네 왔어요,네 왔어요,네 왔어요
AIHub_LowQualityPhoneVoice_valid__33089,0.0,0.0,0.0,False,좋은 하루 되세요,좋은 하루 되세요,좋은 하루 되세요
AIHub_LowQualityPhoneVoice_valid__33097,7.017543859649122,7.017543859649122,0.0,False,회원님 그 교재 구매하신 게 저희 인터넷 강의 학원 사이트였어요 아니면 올라 오프라인 학원 사이트셨어요,사님 그 교재 구매하신 게 저 인터넷 강의 학원 사이트셨어요 아니면 올라 오프라인 학원 사이트셨어요,회원님 그 교재 구매하신 게 저희 인터넷 강의 학원 사이트셨어요 아니면 오프라인 학원 사이트셨어요
AIHub_LowQualityPhoneVoice_valid__33104,35.714285714285715,7.142857142857142,-28.571428571428573,False,아 네 지금 확인해 보니까,아 근데 지옥은 확인해보니까,아 네 지금 확인해보니까
AIHub_LowQualityPhoneVoice_valid__33113,0.0,0.0,0.0,False,저희 선생님들께서 일부 교재들은 단독으로 구매 가능하시도록,저희 선생님들께서 일부 교재들은 단독으로 구매 가능하시도록,저희 선생님들께서 일부 교재들은 단독으로 구매 가능하시도록
AIHub_LowQualityPhoneVoice_valid__33134,11.11111111111111,11.11111111111111,0.0,False,뭘 얘기할달라고요,뭘 얘기해달라고요,뭘 얘기해달라고요
AIHub_LowQualityPhoneVoice_valid__33147,66.66666666666666,0.0,-66.66666666666666,False,출고가 되고,출국 안 해고,출고가 되고
AIHub_LowQualityPhoneVoice_valid__33154,0.0,0.0,0.0,False,그 일반 오프라인에도 또 판매하는 경우가 있거든요,그 일반 오프라인에도 또 판매하는 경우가 있거든요,그 일반 오프라인에도 또 판매하는 경우가 있거든요
AIHub_LowQualityPhoneVoice_valid__33158,45.16129032258064,25.806451612903224,-19.354838709677416,False,하필이면 왜 한 시 십 분 이어가지고 여태까지 기다렸어요,사실 그게 한 십 분 이어가지고 애들 그때 기다렸어,하필이면 이게 한 시 십 분 이어가지고 애도 그때 기다렸어
AIHub_LowQualityPhoneVoice_valid__33160,19.35483870967742,6.451612903225806,-12.903225806451614,False,결제만 해 주시고 저한테 말씀해 주세요 기다리고 있을게요,별쯤 안 해주시고 저한테 말씀해주세요 기다리고 있을게요,결제만 해주시고 저한테 말씀해주세요 기다리고 있을게요
AIHub_LowQualityPhoneVoice_valid__33176,40.0,0.0,-40.0,False,아 확인 감사합니다,하긴 감사합니다,아 확인 감사합니다
AIHub_LowQualityPhoneVoice_valid__33183,30.76923076923077,7.6923076923076925,-23.076923076923077,False,네 잠시만 기다려 주세요,네 점심은 기다려주세요,네 잠시만 기다려주세요
AIHub_LowQualityPhoneVoice_valid__33206,18.181818181818183,9.090909090909092,-9.090909090909092,False,잠시만 기다려 주세요,잠시만 기다려 주시오,잠시만 기다려주세요
AIHub_LowQualityPhoneVoice_valid__33238,44.44444444444444,0.0,-44.44444444444444,False,문자 받으실 회원님 연락처 한번 말씀해 주시겠어요,운전받아 신선이 연락처 한 말씀이시겠어요,문자 받으실 회원님 연락처 한번 말씀해 주시겠어요
AIHub_LowQualityPhoneVoice_valid__33246,0.0,0.0,0.0,False,네 감사합니다,네 감사합니다,네 감사합니다
AIHub_LowQualityPhoneVoice_valid__33253,8.333333333333332,0.0,-8.333333333333332,False,비닐을 제거는 하셨어요,비밀을 제거는 하셨어요,비닐을 제거는 하셨어요
AIHub_LowQualityPhoneVoice_valid__33259,4.0,8.0,4.0,False,음 네 알겠습니다 그럼 상품은 보내도록 할게요,음 네 알겠습니다 그럼 상품품 보내도록 할게요,음 네 알겠습니다 그럼 상품 좀 보내도록 할게요
AIHub_LowQualityPhoneVoice_valid__33262,62.5,12.5,-50.0,False,학습 센터입니다,시험사입니다,학습지 센터입니다
AIHub_LowQualityPhoneVoice_valid__33268,11.538461538461538,0.0,-11.538461538461538,False,아 열흘 이내에 그 이상 지나면 안 되는 거예요,아 열흘이네에 그 이상 지나면 안 되는 거에요,아 열흘 이내에 그 이상 지나면 안 되는 거예요
AIHub_LowQualityPhoneVoice_valid__33288,22.22222222222222,22.22222222222222,0.0,False,수능 잘 보내세요,술을 잘 보내세요,네 수능 잘 보내세요
AIHub_LowQualityPhoneVoice_valid__33314,14.285714285714285,4.761904761904762,-9.523809523809522,False,제 교재 이제 장바구니 담아드릴 거고요,제 교재 장바구니 담아드릴 거고요,이제 교재 이제 장바구니 담아드릴 거고요
AIHub_LowQualityPhoneVoice_valid__33327,12.5,0.0,-12.5,False,네 책 책을 다시 반품했거든요,네 책 책을 다시 방통했거든요,네 책 책을 다시 반품했거든요
AIHub_LowQualityPhoneVoice_valid__33340,14.285714285714285,28.57142857142857,14.285714285714285,False,아 감사합니다,네 감사합니다,아 네 감사합니다
AIHub_LowQualityPhoneVoice_valid__33385,25.806451612903224,6.451612903225806,-19.354838709677416,False,반송해 주신 날 기준해서 환불되시는 점 참고 부탁드리고요,안송해주신 날 기준에서 환불되시는지 확산고 부탁드리구요,반송해주신 날 기준해서 환불되시는 점 참고 부탁드리구요
AIHub_LowQualityPhoneVoice_valid__33450,100.0,0.0,-100.0,False,교재요 잠시만요,여자야,교재요 잠시만요
AIHub_LowQualityPhoneVoice_valid__33451,6.25,0.0,-6.25,False,완벽한 한국사 개념 완성이랑요,완벽한 한국사 개념완성이랑요,완벽한 한국사 개념 완성이랑요
AIHub_LowQualityPhoneVoice_valid__33452,7.5,0.0,-7.5,False,그 완벽한 동아시아 개념이랑 잘생긴 개념 완성 생활과 윤리랑 생활과 윤리,그 완벽한 동아시아 개념이랑 잘생긴 개념관에서 생활과 윤리랑 생활과 윤리,그 완벽한 동아시아 개념이랑 잘생긴 개념 완성 생활과 윤리랑 생활과 윤리
AIHub_LowQualityPhoneVoice_valid__33459,22.972972972972975,6.756756756756757,-16.216216216216218,False,보낼 때 비용은 선불로 결제하시고 먼저 보내주시면 되구요 제가 두 번째 문자에 보내드린 것처럼 메모에다가 다른 문의사항 더 있으실까요,오늘 이 계획 이용을 선불로 결제하시고 먼저 보내주시면 되구요 제가 두 번째 문제에 보내드린 것처럼 메모에다가 다른 의상도 있으실 거에요,오늘 택배 비용을 선불로 결제하시고 먼저 보내주시면 되구요 제가 두 번째 문자에 보내드린 것처럼 메모에다가 다른 문의사항 더 있으실까요
AIHub_LowQualityPhoneVoice_valid__33466,12.0,2.0,-10.0,False,선생님 굿즈 당첨되셔가지고요 어제 지금 발송되신 걸로 확인이 되세요 네 잠시만 기다려주세요,선생님 굿즈 당첨 되셔가지고 야 어제 지금 발송 조심걸로 확인이 되세요 네 잠시만 기다려주세요,선생님 굿즈 당첨되셔 가지고요 어제 지금 발송되신 걸로 확인이 되세요 네 잠시만 기다려주세요
AIHub_LowQualityPhoneVoice_valid__33476,13.88888888888889,0.0,-13.88888888888889,False,음 회원님 그러시면은 저희가 이거를 다니시는 학교 어떻게 되실까요,음 괜히 그러시면은 저희가 이거를 다니신 학교 어떻게 되실까요,음 회원님 그러시면은 저희가 이거를 다니시는 학교 어떻게 되실까요
AIHub_LowQualityPhoneVoice_valid__33483,22.727272727272727,0.0,-22.727272727272727,False,어 지금 카드 이용 내역에 들어가 보니까,어 집에 저도 이용내역에 들어가 보니까,어 지금 카드 이용 내역에 들어가 보니까
AIHub_LowQualityPhoneVoice_valid__33497,50.0,11.538461538461538,-38.46153846153846,False,전화 결제를 했는데 사용자 조회수를 잘못 넣어서,전화 횟수를 샀는데 설득 지원 횟수를 잘 보내서,전화 결제를 했는데 사용자 고거를 잘못 넣어서
AIHub_LowQualityPhoneVoice_valid__33506,0.0,0.0,0.0,False,네 감사합니다,네 감사합니다,네 감사합니다
AIHub_LowQualityPhoneVoice_valid__33516,0.0,0.0,0.0,False,네 서울시 주소가 서울시,네 서울시 주소가 서울시,네 서울시 주소가 서울시
AIHub_LowQualityPhoneVoice_valid__33525,19.35483870967742,0.0,-19.35483870967742,False,네 그래가지고 제가 지금 현재 확인해 볼 텐데요 잠시만요,네 네 그래가지고 제가 지금 혼자 확인을 볼 텐데 잠시만요,네 그래가지고 제가 지금 현재 확인해 볼 텐데요 잠시만요
AIHub_LowQualityPhoneVoice_valid__33532,42.857142857142854,0.0,-42.857142857142854,False,네 예금주는 어떻게 되세요,앨범 좀 어떻게 되세요,네 예금주는 어떻게 되세요
AIHub_LowQualityPhoneVoice_valid__33540,26.82926829268293,12.195121951219512,-14.634146341463417,False,복사 잘못될 부분 사진 찍어서 이메일로 보내라 하셔서 일단 보냈긴 보냈는데,독사 잘못된 부분 사진 찍어서 그 임의를 보내라 하셔서 일단 보낼께 보내었는데,그 복사 잘못된 부분 사진 찍어서 그 이메일로 보내라 하셔서 일단 보냈긴 보냈는데
AIHub_LowQualityPhoneVoice_valid__33573,37.5,16.666666666666664,-20.833333333333336,False,이거 좀 확인이 좀 시간이 소요될 것 같아서 저희가 월요일에 공휴일 공휴일이다 보니까 전화 화요일에 드려서 확인 줘도 괜찮으실까요,뭐 좀 확인이 좀 막 시간이 소요될 거 같애 싹은 좀 월요일 날 공휴일이 공미리도 보니까 전화 화요일이 들어서 확인도 또 괜찮으실 거야,이거 좀 확인이 좀 막 시간이 소요될 것 같아서 저 월요일날 공휴일 공휴일이다 보니까 전화 화요일이라도 확인해도 괜찮으실까요
AIHub_LowQualityPhoneVoice_valid__33588,9.836065573770492,1.639344262295082,-8.196721311475411,False,일주일 이내로 그 수강 강수가 이제 두 강좌 이하이실 경우에 전액 환불 가능하신 건데 확인되세요 그렇다 보니까,일주일 이내로 그 수강 강조가 이제 두 강자 이하이실 경우에 전역한 불 가능하신 건데 확인 되세요 그렇다 보니까,일주일 이내로 그 수강 강좌가 이제 두 강좌 이하이실 경우에 전액 환불 가능하신 건데 확인되세요 그렇다 보니까
AIHub_LowQualityPhoneVoice_valid__33590,26.31578947368421,10.526315789473683,-15.789473684210526,False,네 십 팔 일 날 구매했는데 어떻게,네 팔 일 날 구맨데 어떻게,네 팔 일 날 구매했는데 어떻게
AIHub_LowQualityPhoneVoice_valid__33596,12.280701754385964,1.7543859649122806,-10.526315789473683,False,아 보내셨을까요 잠시만 기다려 주시겠어요 아 네 기존에 그 강좌랑 교재 이제 그 환불 요청하셨던 걸까요,아 보내셨을까요 네 지금 기다려 주시겠어요 아 네 기존에 그 강좌랑 교재 이제 그 안부 요정하셨던 걸까요,아 보내셨을까요 잠시만 기다려주시겠어요 아 네 기존에 그 강좌랑 교재 이제 그 환불 요청하셨던 걸까요
AIHub_LowQualityPhoneVoice_valid__33597,3.225806451612903,9.67741935483871,6.451612903225807,False,아 잠시만 기다려 주시겠어요 그럼 한 번 확인해 드릴게요,아 잠시만 기다려 주겠어요 그럼 한 번 확인해 드릴게요,아 잠시만 기다려주시겠어요 그럼 한번 확인해드릴게요
AIHub_LowQualityPhoneVoice_valid__33632,7.228915662650602,6.024096385542169,-1.2048192771084327,False,그러지 않거든요 다른 데는 보통 배송을 하게 되면 주말에 끼게 되면은 주말 제외 한 며칠 이내로 부터 발송이 된다는 그런 문 문 문구가 있잖아요 보통,그러지 않거든요 다른 덴 보통 회송을 하게 되면 주말에 끼게 되면은 주말 제일 한 며칠 이내 끼부터 발송이 된다는 그런 문 문 문구가 있잖아요 보통,그러지 않거든요 다른 데는 보통 배송을 하게 되면 주말에 끼게 되면은 주말 제일 한 며칠 이내로 육 개 부터 발송이 된다는 그런 문 문 문구가 있잖아요 보통
AIHub_LowQualityPhoneVoice_valid__33638,7.6923076923076925,0.0,-7.6923076923076925,False,화가 났었는데 내가 그걸 참고 그냥 말아버렸는데,화가 났었는데 내가 그걸 찾고 그냥 말아 버렸는데,화가 났었는데 내가 그걸 참고 그냥 말아버렸는데
AIHub_LowQualityPhoneVoice_valid__33642,5.357142857142857,0.0,-5.357142857142857,False,어 일단은 네 그 그러실 수도 있긴 한데 일단 그 부분은 지금 저희도 확인이 어려운 부분이라서요 이제,어 일단은 네 그 그러실 수도 있긴 한데 일단 그 부분은 지금 저희도 하겠니 어려운 부분이라서요 이제,어 일단은 네 그 그러실 수도 있긴 한데 일단 그 부분은 지금 저희도 확인이 어려운 부분이라서요 이제
AIHub_LowQualityPhoneVoice_valid__33643,3.669724770642202,0.0,-3.669724770642202,False,예 방법 같은 경우에는 일단 지금 회수 접수를 진행을 해드리거나 아니면 이제 회원님께서 배송을 기다리시고 저희가 이제 배송 관련해서 배송 흐름에 대해서 문자를 보내드리고 하는 방법밖에 없으시거든요,네 방법 같은 경우에는 난 지금 회수 접수를 진행을 해드리거나 아니면 이제 회원님께서 배송을 기다리시고 저희가 이제 배송 관련해서 배송 흐름에 대해서 문자를 보내 드리고 하는 방법밖에 없으시거든요,예 방법 같은 경우에는 일단 지금 회수 접수를 진행을 해드리거나 아니면 이제 회원님께서 배송을 기다리시고 저희가 이제 배송 관련해서 배송 흐름에 대해서 문자를 보내드리고 하는 방법밖에 없으시거든요
AIHub_LowQualityPhoneVoice_valid__33647,25.64102564102564,16.666666666666664,-8.974358974358974,False,확인을 확인하려고 이제 요청을 드려도 배송량이 많다 보니까 이제 배송 관련해서 안내 사항을 정확하게 드릴 순 없는 부분인 걸로 확인이 되세요,확인할려고 이제 요청을 드려도 이 아 이제 배송량이 많다 보니까 이제 배송 관련해서 안내상을 정확하게 드릴 순 없는 부분이니 거로 확인이 됐어요,확인하려고 이제 요청을 드려도 이 아 이제 배송량이 많다 보니까 이제 배송 관련해서 안내사항을 정확하게 드릴 순 없는 부분인 거로 확인이 되세요
AIHub_LowQualityPhoneVoice_valid__33651,10.526315789473683,0.0,-10.526315789473683,False,대규모 업체가 그게 안 뜨냐 말이죠,일 규모 업체가 그게 안 뜨냐 말이죠,대규모 업체가 그게 안 뜨냐 말이죠
AIHub_LowQualityPhoneVoice_valid__33675,25.0,8.333333333333332,-16.666666666666668,False,네네 잘못 시켜가지고요,네 네 잘못시켜가지구요,네 네 잘못 시켜가지고요
AIHub_LowQualityPhoneVoice_valid__33676,6.666666666666667,6.666666666666667,0.0,False,아 잠시만 기다려 주시겠어요,아 잠시만 기다려 주겠어요,아 잠시만 기다려주시겠어요
AIHub_LowQualityPhoneVoice_valid__33678,11.11111111111111,0.0,-11.11111111111111,False,아 네 그 이후로도 한 번 네 그,아 네 그 이후로도 한 번 네 네 그,아 네 그 이후로도 한 번 네 그
AIHub_LowQualityPhoneVoice_valid__33689,10.81081081081081,5.405405405405405,-5.405405405405405,False,어 결제하기를 누르면 예 저기 결제가 되는 진행 상황이 뜨질 않아요,어 결제하기를 누르면 예 예 그 저기 결제가 되는 진행 상황이 뜨질 않아요,어 결제하기를 누르면 예 그 저기 결제가 되는 진행 상황이 뜨질 않아요
AIHub_LowQualityPhoneVoice_valid__33694,21.21212121212121,24.242424242424242,3.030303030303031,False,그러면 죄송한데 이게 혹시 뭐 무이자나 이런 건 없어요 할부,그러면 죄송한데 이게 혹시 뭐 모이자나 뭐 이런 건 없어요 하이브어,그러면 죄송한데 이게 혹시 뭐 모의자랑 뭐 이런 건 없어요 파이브
AIHub_LowQualityPhoneVoice_valid__33701,16.666666666666664,4.166666666666666,-12.499999999999998,False,예 음 그러면 아까 말씀하신 이십 사만 이십,예 어 그러면 아까 말씀하신 이십하나 이십,예 아 그러면 아까 말씀하신 이십 사만 이십
AIHub_LowQualityPhoneVoice_valid__33705,33.33333333333333,5.555555555555555,-27.77777777777777,False,컴퓨터요 로그 아웃이요 아 로고요,컴퓨터야 로그아웃이야 아 로그오야,컴퓨터요 로그아웃이요 아 로고요
AIHub_LowQualityPhoneVoice_valid__33720,12.5,12.5,0.0,False,아예 알겠습니다,아 예 알겠습니다,아 예 알겠습니다
AIHub_LowQualityPhoneVoice_valid__33733,8.695652173913043,4.3478260869565215,-4.3478260869565215,False,일단은 그러면 지금 남아 있는 교재 캐시랑,일단은 그러면 지금 남아있는 교재 캐쉬랑,일단은 그러면 지금 남아있는 교재 캐시랑
AIHub_LowQualityPhoneVoice_valid__33735,4.166666666666666,0.0,-4.166666666666666,False,어 탭 같은 경우도 지금 확인을 해드렸을 때,아 탭 같은 경우도 지금 확인을 해드렸을 때,어 탭 같은 경우도 지금 확인을 해드렸을 때
AIHub_LowQualityPhoneVoice_valid__33744,0.0,0.0,0.0,False,그래서 지금 최종적으로 어 교재가 지금 교재 캐시를 사용을 해주셨어요,그래서 지금 최종적으로 어 교재가 지금 교재 캐시를 사용을 해주셨어요,그래서 지금 최종적으로 어 교재가 지금 교재 캐시를 사용을 해주셨어요
AIHub_LowQualityPhoneVoice_valid__33775,25.0,0.0,-25.0,False,거기서 이제 환불되시는 금액이,거기서 이제 환불되시는 그 얘길,거기서 이제 환불되시는 금액이
AIHub_LowQualityPhoneVoice_valid__33776,4.3478260869565215,4.3478260869565215,0.0,False,네 그 거기서 남아 있는 교재 캐시가 지금,네 그 거기서 남아있는 교재 캐시가 지금,네 그 거기서 남아있는 교재 캐시가 지금
AIHub_LowQualityPhoneVoice_valid__33804,12.121212121212121,3.0303030303030303,-9.09090909090909,False,어 회원님 죄송한데 잠시만 더 기다려 주세요 정말 죄송합니다,어 회원님 죄송한데 잠시 한 대 기다려주세요 정말 죄송합니다,어 회원님 죄송한데 잠시만 더 기다려주세요 정말 죄송합니다
AIHub_LowQualityPhoneVoice_valid__33824,5.555555555555555,33.33333333333333,27.77777777777777,False,네네 지금 보고 있습니다 홈페이지,네 네 지금 보고 있습니다 홈페이지,네 네 지금 보고 있습니다
AIHub_LowQualityPhoneVoice_valid__33826,15.0,10.0,-5.0,False,음 네 다시 한 번 말씀해 주시겠어요,네 다시 한번 말씀해 주시겠어요,음 네 다시 한번 말씀해주시겠어요
AIHub_LowQualityPhoneVoice_valid__33831,18.181818181818183,12.727272727272727,-5.454545454545457,False,이제 본 교재와 워크북은 교재만 별도 구매 가능합니다 이렇게 돼 있으시고 네 여기 밑에 보시면 이제,이제 본계제와 그분 교재만 별도 구매 가능합니다 이렇게 돼 있으시고 여기 밑에 보시면은 이제,이제 본교재와 그 부분 교재만 별도 구매 가능합니다 이렇게 돼있으시고 네 여기 밑에 보시면은 이제
AIHub_LowQualityPhoneVoice_valid__33840,4.032258064516129,0.0,-4.032258064516129,False,강좌만 취소가 되면 다시 수강신청을 하시면 되는 거고요 들으시려는 강좌에 대해서는 그 컴퓨터로는 패스 수강 버튼 모바일로는 수강신청 버튼이 있거든요 강좌 결제하지 마시고 수강신청만 해서 내 강의실 들어가서 들어주시면 되세요,감자만 취소가 되면 다시 수강신청을 하시면 되는 거고 들으실려는 강좌에 대해서는 그 컴퓨터로는 패스 수강 버튼 모바일로는 수강신청 버튼이 있거든요 강좌 결제하지 마시고 수강신청만 해서 네 강의실 들어가서 들어주시면 되세요,강좌만 취소가 되면 다시 수강신청을 하시면 되는 거고요 들으시려는 강좌에 대해서는 그 컴퓨터로는 패스 수강 버튼 모바일로는 수강신청 버튼이 있거든요 강좌 결제하지 마시고 수강신청만 해서 내 강의실 들어가서 들어주시면 되세요
AIHub_LowQualityPhoneVoice_valid__33846,64.28571428571429,28.57142857142857,-35.71428571428572,False,입니다 무엇을 도와드릴까요,아 이제 정리사에 무엇을 도와드릴까요,무엇을 도와드릴까요
AIHub_LowQualityPhoneVoice_valid__33849,6.666666666666667,13.333333333333334,6.666666666666667,False,아 어떻게 뭐가 뭐가 어떻게 된 거죠 아 알겠습니다 네,아 어떻게 뭐가 뭐가 어떻게 된 거죠 아 알겠습니다,아 어떻게 뭐가 뭐가 어떻게 되는 거죠 아 알겠습니다
AIHub_LowQualityPhoneVoice_valid__33856,9.523809523809524,4.761904761904762,-4.761904761904762,False,다른 문의사항은 혹시 없으실까요 회원님,다른 분의 사항은 혹시 없으실까요 회원님,다른 문의 사항은 혹시 없으실까요 회원님
AIHub_LowQualityPhoneVoice_valid__33858,0.0,0.0,0.0,False,네 감사합니다,네 감사합니다,네 감사합니다
AIHub_LowQualityPhoneVoice_valid__33860,816.6666666666666,12.5,-804.1666666666666,False,반송되셨던 거 안내해 드릴려고 연락드렸습니다,아예 맨날 맨날 맨날 맨날 맨날 맨날 맨날 맨날 맨날 맨날 맨날 맨날 맨날 맨날 맨날 맨날 맨날 맨날 맨날 맨날 맨날 맨날 맨날 맨날 맨날 맨날 맨날 맨날 맨날 맨날 맨날 맨날 맨날 맨날 맨날 맨날 맨날 맨날 맨날 맨날 맨날 맨날 맨날 맨날 맨날 맨날 맨날 맨날 맨날 맨날 맨날 맨날 맨날 맨날 맨날 맨날 맨날 맨날 맨날 맨날 맨날 맨날 맨날 맨날 맨날 맨날,반송되셨던 거 안내드리려고 연락드렸습니다
AIHub_LowQualityPhoneVoice_valid__33873,38.70967741935484,16.129032258064516,-22.580645161290324,False,카드 취소 해드릴 거고 저희가 장바구니에 담아드릴 거예요,사진 시스리도 있고 저희도 장바구니 담아드릴 거에요,확인을 해드릴 거고 저희가 장바구니에 담아드릴 거예요
AIHub_LowQualityPhoneVoice_valid__33878,11.538461538461538,0.0,-11.538461538461538,False,그때 다시 장바구니에 담아드리도록 하겠습니다 해당 교재 장바구니에 다시 담아드리도록 하겠습니다,그때 다시 잠바구니에 담아드리도록 하였습니다 해당 주주 잠바구니에 다시 담아드리도록 하였습니다,그때 다시 장바구니에 담아드리도록 하겠습니다 해당 교재 장바구니에 다시 담아드리도록 하겠습니다
AIHub_LowQualityPhoneVoice_valid__33880,15.789473684210526,5.263157894736842,-10.526315789473685,False,예 반송된 걸 확인을 해주셔야 돼요,반성된 걸 확인을 해주셔야 돼요,네 반송된 걸 확인을 해주셔야 돼요
AIHub_LowQualityPhoneVoice_valid__33882,0.0,0.0,0.0,False,네 저 책이 오늘 배송 왔는데요,네 저 책이 오늘 배송 왔는데요,네 저 책이 오늘 배송 왔는데요
AIHub_LowQualityPhoneVoice_valid__33904,0.0,0.0,0.0,False,네 감사합니다,네 감사합니다,네 감사합니다
AIHub_LowQualityPhoneVoice_valid__33922,4.166666666666666,2.083333333333333,-2.083333333333333,False,아 네 지금 교재 받으셨군요 지금 저희가 정보 확인한 다음에 그 캐시로 네네 감사합니다,아 네 지금 교재 받으셨군요 지금 저희가 정보 확인한 다음에 그 캐치로 네 네 감사합니다,아 네 지금 교재 받으셨군요 지금 저희가 정보 확인한 다음에 그 캐시로 네 네 감사합니다
AIHub_LowQualityPhoneVoice_valid__33930,25.0,0.0,-25.0,False,네 혹시 환불 원하시는 사유는 어떻게 되세요,역시 한번 원하시는 사회는 어떻게 되세요,네 혹시 환불 원하시는 사유는 어떻게 되세요
AIHub_LowQualityPhoneVoice_valid__33940,4.0,0.0,-4.0,False,혹시 이거 취소하시려는 사유가 따로 있으실까요,혹시 이거 취소하시는 사유가 따로 있으실까요,혹시 이거 취소하시려는 사유가 따로 있으실까요
AIHub_LowQualityPhoneVoice_valid__33957,5.88235294117647,0.0,-5.88235294117647,False,어 받아보고 나서 저희 쪽으로 이제 다시 이제 교재를 반송 처리를 하고 환불을 받으신 다음에,어 바다 보고 나서 저희 쪽으로 이제 다시 이제 교재를 반송 처리를 하고 환불을 받으신 다음에,어 받아보고 나서 저희 쪽으로 이제 다시 이제 교재를 반송 처리를 하고 환불을 받으신 다음에
AIHub_LowQualityPhoneVoice_valid__33958,7.228915662650602,3.614457831325301,-3.614457831325301,False,다시 구매하시는 방법이 있으신데 그런 경우에 이제 아무래도 네 보내드린 배송비랑 다시 보내주실 때도 선불 반송으로 보내주셔야 돼 가지고 배송비가 이제,다시 고민하시는 방법이 있으신데 그런 경우에 이제 아무래도 보내드린 배송비랑 다시 보내주실 때도 선불반송으로 보내주셔야 돼가지고 배송비가 이제,다시 구매하시는 방법이 있으신데 그런 경우에 이제 아무래도 보내드린 배송비랑 다시 보내주실 때도 선불 반송으로 보내주셔야 돼가지고 배송비가 이제
AIHub_LowQualityPhoneVoice_valid__33961,15.384615384615385,0.0,-15.384615384615385,False,잠시만 기다려 주시겠어요,재만 기다려 주시겠어요,잠시만 기다려 주시겠어요
AIHub_LowQualityPhoneVoice_valid__33993,18.181818181818183,0.0,-18.181818181818183,False,바로 다시 주문 가능한가요 아 감사합니다,바로 다시 주문 가능한가요 아 네 네 감사합니다,바로 다시 주문 가능한가요 아 감사합니다
AIHub_LowQualityPhoneVoice_valid__34009,26.82926829268293,0.0,-26.82926829268293,False,핸드폰에서는 결제가 안 되어 가지고요 혹시 컴퓨터 이용 어려우실까요 어머니,핸드폰에서는 결제가 안 되여가지구야 혹시 컴퓨터용 어려우실 가문이,핸드폰에서는 결제가 안 되어 가지고요 혹시 컴퓨터 이용 어려우실까요 어머니
AIHub_LowQualityPhoneVoice_valid__34044,0.0,0.0,0.0,False,아 네 그럼 뭐 안심하고 끊어도 되나요 확실히 된 거죠,아 네 그럼 뭐 안심하고 끊어도 되나요 확실히 된 거죠,아 네 그럼 뭐 안심하고 끊어도 되나요 확실히 된 거죠
AIHub_LowQualityPhoneVoice_valid__34053,0.0,0.0,0.0,False,예 감사합니다,예 감사합니다,예 감사합니다
AIHub_LowQualityPhoneVoice_valid__34056,26.923076923076923,0.0,-26.923076923076923,False,아이디 뭐 어떻게 불러드리면 되나요 영어로 그냥,아이디 뭐 어떻게 블로그를 드리나요 영어로 그냥,아이디 뭐 어떻게 불러드리면 되나요 영어로 그냥
AIHub_LowQualityPhoneVoice_valid__34059,22.807017543859647,14.035087719298245,-8.771929824561402,False,네 그럼 교재 세 권 같이 주문해 주셨었는데 이제 두 권만 혹시 환불하시라는 사유는 어떻게 되 되실까요,네 뭐 교재 세 권 같이 주문해주셨었는데 이제 두 권만 지금 한 번 하시라는 사연은 어떻게 되실까요,네 뭐 교재 세 권 같이 주문해주셨었는데 이제 두 권만 지금 환불하시려는 사유는 어떻게 되실까요
AIHub_LowQualityPhoneVoice_valid__34060,6.896551724137931,1.7241379310344827,-5.172413793103448,False,이거 랩핑 안 뜯고 한 번 들어봤는데 처음부터 끝까지 조금씩 들어봤는데 많이 도움이 되진 않는 것 같아서,이거 레핑 안 듣고 한 번 들어봤는데 처음부터 끝까지 쪼금씩 들어봤는데 많이 도움이 되진 않는 거 같아서,이거 랩핑 안 뜯고 한번 들어봤는데 처음부터 끝까지 조금씩 들어봤는데 많이 도움이 되진 않는 것 같아서
AIHub_LowQualityPhoneVoice_valid__34063,36.36363636363637,0.0,-36.36363636363637,False,그래서 반송하려고 네,그래서 반응 정하냐고 네,그래서 반송하려고 네
AIHub_LowQualityPhoneVoice_valid__34064,10.869565217391305,4.3478260869565215,-6.521739130434783,False,아 네 회원님 일단 저희 랩핑 안 뜯으 제거 안 하셨고 사용도 안 하신 거 맞으시죠,아 네 형님 일단 저희 래핑 안 드 제거 안 하셨고 사용도 안 하신 거 맞으시죠,아 네 회원님 일단 저희 랩핑 안 드 제거 안 하셨고 사용도 안 하신 거 맞으시죠
AIHub_LowQualityPhoneVoice_valid__34075,7.246376811594203,2.898550724637681,-4.3478260869565215,False,가능하신 최대한 빨리 저희 쪽으로 보내주시면 되시구요 마이 페이지 알림 쪽지에서 확인 가능하시고요 반송을 보내주신 날로부터요,가능하신 최대한 빨리 저희 쪽으로 보내주시면 되시구요 마이페이지 알림척지에서 확인 가능하시구요 반성을 보내주신 날로부터요,가능하신 최대한 빨리 저희 쪽으로 보내주시면 되시고요 마이페이지 알림 쪽지에서 확인 가능하시고요 반송을 보내주신 날로부터요
AIHub_LowQualityPhoneVoice_valid__34109,8.333333333333332,4.166666666666666,-4.166666666666666,False,어 네 신청도 지금 안 되어 있으세요 어머니,어 네 심상도 지금 안 되어 있으세요 어머니,어 네 신청도 지금 안되어 있으세요 어머니
AIHub_LowQualityPhoneVoice_valid__34116,0.0,0.0,0.0,False,네 그럼 배송비 무료 쿠폰 이런 거는 따로 없나요,네 그럼 배송비 무료 쿠폰 이런 거는 따로 없나요,네 그럼 배송비 무료 쿠폰 이런 거는 따로 없나요
AIHub_LowQualityPhoneVoice_valid__34118,0.0,0.0,0.0,False,아 네 알겠습니다 감사합니다,아 네 알겠습니다 감사합니다,아 네 알겠습니다 감사합니다
AIHub_LowQualityPhoneVoice_valid__34121,23.404255319148938,2.127659574468085,-21.276595744680854,False,일단 회원님의 정보 먼저 확인해보도록 하겠습니다 실례지만 회원님 성함 어떻게 되실까요,일단 교회님의 정보 먼저 확인해보도록 하겠습니다 그러지 마 교회님 상황은 어떻게 되실까요,일단 회원님의 정보 먼저 확인해 보도록 하겠습니다 실례지만 회원님 성함 어떻게 되실까요
AIHub_LowQualityPhoneVoice_valid__34123,85.71428571428571,14.285714285714285,-71.42857142857142,False,결제 해 주셨,아 그,결제해 주셨
AIHub_LowQualityPhoneVoice_valid__34125,50.0,14.285714285714285,-35.714285714285715,False,다른문의사항 더 없으실까요,다름 이상 더 부실까요,다른 문의 사항 더 없으실까요
AIHub_LowQualityPhoneVoice_valid__34139,31.818181818181817,3.0303030303030303,-28.787878787878785,False,아 저희가 교재 파악 그 이제 불량 교재인 경우에는 원칙적으로 교환 원칙이다 보니까요 반납 요청을 좀 드렸던 부분이에요,아 저희가 그제 파 그 이제 불량 교재임금은 원칙적으로 교환 원칙이다 보니까 야 담다가 요청을 좀 드렸,아 저희가 교재 파악 그 이제 불량 교재인 경우에는 원칙적으로 교환 원칙이다 보니까요 전달 요청을 좀 드렸던 부분이에요
AIHub_LowQualityPhoneVoice_valid__34140,0.0,0.0,0.0,False,아 네 네,아 네 네,아 네 네
AIHub_LowQualityPhoneVoice_valid__34144,24.137931034482758,0.0,-24.137931034482758,False,네 일단 회원님의 정보 먼저 확인해 보도록 하겠습니다,열 달 현임에 정보 먼저 확인해 보도록 하겠습니다,네 일단 회원님의 정보 먼저 확인해 보도록 하겠습니다
AIHub_LowQualityPhoneVoice_valid__34149,22.22222222222222,0.0,-22.22222222222222,False,어 그냥 변심이요,어 그냥 변신이야,어 그냥 변심이요
AIHub_LowQualityPhoneVoice_valid__34153,44.11764705882353,23.52941176470588,-20.58823529411765,False,추가 문의사항은 더 없으실까요 네 감사합니다 좋은 하루 되세요,저 한 사람은 더 없으실 거에요 네 네 감사합니다 전화로 되세요,죄송합니다 더 없으실까요 네 감사합니다 좋은 하루 되세요
AIHub_LowQualityPhoneVoice_valid__34166,71.42857142857143,42.857142857142854,-28.571428571428577,False,네 수고하세요,네 그만큼 나,네 수고하십니다
AIHub_LowQualityPhoneVoice_valid__34168,7.142857142857142,0.0,-7.142857142857142,False,아 그 다름이 아니라 저희가 안내드릴 사항이 있어서 이렇게 연락을 드렸습니다,아 그 다름이 아니라 저희가 안내들이 사항 있어서 이렇게 연락을 드렸습니다,아 그 다름이 아니라 저희가 안내드릴 사항이 있어서 이렇게 연락을 드렸습니다
AIHub_LowQualityPhoneVoice_valid__34194,7.2727272727272725,0.0,-7.2727272727272725,False,이게 미성년자분께서는 이제 저희가 현금 환불 진행이 어려우세요 그러셔서 부모님 통화가 되셔야 되세요,이게 위성년자 분께서는 이제 저희가 현금 환불 진행이 어려우세요 그러셔서 부모님 청하가 되셔야 되세요,이게 미성년자분께서는 이제 저희가 현금 환불 진행이 어려우세요 그러셔서 부모님 통화가 되셔야 되세요
AIHub_LowQualityPhoneVoice_valid__34207,51.85185185185185,11.11111111111111,-40.74074074074073,False,기출분석 독서 있으시고 문학 있으신데 어떤 거세요,애초에 본자 독서에 쓰시고 문학에 쓰신데 어떤 것이요,배출금자 독서 있으시고 문학 있으신데 어떤 거세요
AIHub_LowQualityPhoneVoice_valid__34212,140.0,90.0,-50.0,False,그 비닐은 뜯었는데,그 비밀은 뜯었는데 한 번 안 가긴 했는데,그 비닐은 뜯었는데 안 가긴 했는데
AIHub_LowQualityPhoneVoice_valid__34227,53.84615384615385,0.0,-53.84615384615385,False,잠시만요 회원님 이거 그,형님 이거 그,잠시만요 회원님 이거 그
AIHub_LowQualityPhoneVoice_valid__34232,25.0,5.555555555555555,-19.444444444444443,False,잠시만 아 회원님 그 혹시 교제받으신 거 이제 랩핑 제거하셨을까요,아 회원님 그 혹시 교재 받으신 거 이제 래핑 재고하셨을까요,잠시만 아 회원님 그 혹시 교재 받으신 거 이제 랩핑 제거하셨을까요
AIHub_LowQualityPhoneVoice_valid__34245,11.538461538461538,3.8461538461538463,-7.692307692307692,False,네네 커 어 컴퓨터 혹시 지금 이용 가능하실까요,네 네 컴 아 컴퓨터 혹시 지금 이용 가능하실까요,네 네 커 어 컴퓨터 혹시 지금 이용 가능하실까요
AIHub_LowQualityPhoneVoice_valid__34253,12.396694214876034,0.8264462809917356,-11.570247933884298,False,아 네 확인 감사합니다 아 이거 취소해 드리도록 할 거구요 제가 카드 취소 접수해 드리면 회원님께서 결제하셨던 카드 승인 취소가 되실 거구요 사이트 반영은 한 두 시간 이내에 되시겠지만 그것만 좀 참고 부탁드리겠습니다,아 네 하긴 감사합니다 마 이거 취소해드리도록 할 거구요 약간 카드 취소 접수해드리면 회원님께서 결제할 수 없던 카드 승인 취소가 되실 거구요 사이트 반영은 한두 시간 이내에 드시겠지만 이것만 좀 참고 부탁드리겠습니다,아 네 확인 감사합니다 어 이거 취소해 드리도록 할 거구요 제가 카드 취소 접수해 드리면 회원님께서 결제하셨던 카드 승인 취소가 되실 거구요 사이트 반영은 한 두 시간 이내에 되시겠지만 그것만 좀 참고 부탁드리겠습니다
AIHub_LowQualityPhoneVoice_valid__34256,22.5,0.0,-22.5,False,확인 감사합니다 네 실례지만 이거 어떤 부분 환불 원하시는 거세요 회원님,감사합니다 실례지만 하고 어떤 부분은 환불 원하시는 거예요 회원님,확인 감사합니다 네 실례지만 이거 어떤 부분 환불 원하시는 거세요 회원님
AIHub_LowQualityPhoneVoice_valid__34257,42.857142857142854,21.428571428571427,-21.428571428571427,False,네 뉴런을 사버러가지고 네,이게 유론을 사버려가지고 왜,예 뉴런을 사버려가지고 왜
AIHub_LowQualityPhoneVoice_valid__34281,8.88888888888889,4.444444444444445,-4.444444444444445,False,네 남은 캐시 이제 네 환불해 드리는 거라 남은 교재 캐시 환불해 드리는 거라서요,네 남은 캐시 이제 예 환불해드리는 거라 남은 교재 캐시 환불해드리는 거라세요,네 남은 캐시 이제 네 환불해드리는 거라 남은 교재 캐시 환불해드리는 거라서요
AIHub_LowQualityPhoneVoice_valid__34283,10.526315789473683,2.631578947368421,-7.894736842105262,False,그럼 현재는 그 교재 캐시가 남아있는 교재 캐시가 얼마죠 교재 캐시가,그 현재는 그 교제 캐시가 남아있는 교제 캐시가 얼마죠 교제 캐시가,그 현재는 그 교재 캐시가 남아있는 교재 캐시가 얼마죠 교재 캐시가
AIHub_LowQualityPhoneVoice_valid__34288,31.70731707317073,17.073170731707318,-14.634146341463413,False,네 그러신데 이제 확인해 보니까 오늘 구매하시면은 환급 줄어 드셨을 거세요,네 그러신데 이제 확인해보니까 몸을 구매하시면 환급 대학이 줄어들으셨을 것이에요,네 그러신데 이제 확인해보니까 오늘 구매하시면은 환급 대학이 줄어들으셨을 거세요
AIHub_LowQualityPhoneVoice_valid__34292,22.727272727272727,13.636363636363635,-9.090909090909092,False,회원님 이제 환급 계약이 좀 줄어드셨어요,현이 이제 환급 대학이 좀 줄어드셨어요,회원이 이제 환급 대학이 좀 줄어드셨어요
AIHub_LowQualityPhoneVoice_valid__34296,14.285714285714285,4.761904761904762,-9.523809523809522,False,네 이거 한번 클릭해 주실 수 있을까요,내일 이거 한 번 클릭해 주실 수 있을까요,네 이거 한번 클릭해주실 수 있을까요
AIHub_LowQualityPhoneVoice_valid__34298,10.344827586206897,6.896551724137931,-3.448275862068966,False,오른쪽이랑 왼쪽 차이 한 번 확인해 주실 수 있을까요,오른쪽이랑 왼쪽 차를 한번 확인해주실 수 있을까요,오른쪽이랑 왼쪽 차이 한번 확인해주실 수 있을까요
AIHub_LowQualityPhoneVoice_valid__34305,0.0,0.0,0.0,False,네 알겠습니다,네 알겠습니다,네 알겠습니다
AIHub_LowQualityPhoneVoice_valid__34316,0.0,0.0,0.0,False,네 감사합니다,네 감사합니다,네 감사합니다
AIHub_LowQualityPhoneVoice_valid__34328,20.0,10.0,-10.0,False,육 삼 팔 육 이요,육 삼 팔 육이야,육 삼 팔 육이요
AIHub_LowQualityPhoneVoice_valid__34339,11.904761904761903,4.761904761904762,-7.1428571428571415,False,아 네 해당 교재에도 이제 랩핑 되어 있었다면 랩핑 제거 안되신 거 맞으세요,아 네 해당 교재도 이제 레핑 되어 있었다면 레핑 재거 안 되신 거 맞으세요,아 네 해당 교재도 이제 랩핑되어 있었다면 랩핑 제거 안되신 거 맞으세요
AIHub_LowQualityPhoneVoice_valid__34345,0.0,0.0,0.0,False,아 그러신가요,아 그러신가요,아 그러신가요
AIHub_LowQualityPhoneVoice_valid__34357,12.5,12.5,0.0,False,네네 괜찮습니다,네 네 괜찮습니다,네 네 괜찮습니다
AIHub_LowQualityPhoneVoice_valid__34365,83.33333333333334,0.0,-83.33333333333334,False,네 맞습니다,네 네 김일아,네 맞습니다
AIHub_LowQualityPhoneVoice_valid__34383,37.5,12.5,-25.0,False,오늘 주문하셨던 교재 행정개념코드 미적분 환불 요청이실까요,오늘 주분하셨던 교재에 실정 개념 코드 미적분 한 번 요청해 있을까요,오늘 주문하셨던 교재의 일정 개념 코드 미적분 환불 요청이실까요
AIHub_LowQualityPhoneVoice_valid__34385,21.052631578947366,5.263157894736842,-15.789473684210524,False,네 확인 감사합니다 잠시만요 화원님,네 여긴 감사합니다 잠시만요 여님,네 확인 감사합니다 잠시만요 회원님
AIHub_LowQualityPhoneVoice_valid__34412,0.0,0.0,0.0,False,아 네 알겠습니다,아 네 알겠습니다,아 네 알겠습니다
AIHub_LowQualityPhoneVoice_valid__34421,13.559322033898304,11.864406779661017,-1.6949152542372872,False,한 권 그 받았다는 그 알림 문자 갈 거라고 해서 계속 기다리고 있는데 계속 안 와 가지구 연락을 드렸어요,한 권 그 받았다는 그 아직 문자에 갈 거라고 해서 집에서 기다리고 있는데 계속 안 와가지고 연락을 드렸어요,한 권 그 받았다는 그 아직 문자 갈 거라고 해서 지금 계속 기다리고 있는데 계속 안 와가지고 연락을 드렸어요
AIHub_LowQualityPhoneVoice_valid__34423,9.523809523809524,1.5873015873015872,-7.936507936507937,False,음 네네 일단은 두 권 다 저희 쪽으로 들어온 거는 맞으셔서요 요거 그럼 환불 진행 안내를 좀 드리면 되는 걸까요,네 네 자 일단은 두 권 다 저희 쪽으로 들어온 거는 맞으셔서요 요걸 그럼 선별 진행 안내를 좀 드리면 되는 걸까요,음 네 네 일단은 두 권 다 저희 쪽으로 들어온 거는 맞으셔서요 요거 그럼 환불 진행 안내를 좀 드리면 되는 걸까요
AIHub_LowQualityPhoneVoice_valid__34426,25.0,12.5,-12.5,False,네 로그인했어요,네 드로그 했어요,네 로그인 했어요
AIHub_LowQualityPhoneVoice_valid__34432,16.94915254237288,0.0,-16.94915254237288,False,네 카드사 혜택 받으셨던 거 있으시면 카드사 측으로 문의 부탁드리겠습니다 다른 문의사항은 없으실까요 회원님,네 카드 사회택 받으셨던 거 있으시면 카드 삭습으로 문의 부탁드리겠습니다 다른 분 이상은 없으실까요 회원님,네 카드사 혜택 받으셨던 거 있으시면 카드사 측으로 문의 부탁드리겠습니다 다른 문의사항은 없으실까요 회원님
AIHub_LowQualityPhoneVoice_valid__34449,6.349206349206349,3.1746031746031744,-3.1746031746031744,False,근데 그래서 지금 당장 저희가 이게 환불 현금으로 환불은 진행이 좀 어려우실 것 같으시고요 그래서 일단 저희가 캐,근데 그래서 지금 당장 저희가 이게 환부 현금으로 환불은 진행이 좀 어려우실 거 같으시구요 그래서 일단 저희가 테,네 그래서 지금 당장 저희가 이게 환불 현금으로 환불은 진행이 좀 어려우실 것 같으시고요 그래서 일단 저희가 캐
AIHub_LowQualityPhoneVoice_valid__34454,0.0,0.0,0.0,False,아 네 안녕하세요,아 네 안녕하세요,아 네 안녕하세요
AIHub_LowQualityPhoneVoice_valid__34460,18.181818181818183,9.090909090909092,-9.090909090909092,False,지금 환불 하시려는 게 주관지이신 걸까요,지금 환발하실려는 게 주간지이신 걸까요,지금 환불하시려는 게 주간지이신 걸까요
AIHub_LowQualityPhoneVoice_valid__34461,16.666666666666664,12.5,-4.166666666666664,False,아 네 맞습니다 네 선생님 맞아요 그렇습니다,아 네 맞습니다 네 맞아요 그렇습니다,아 네 맞습니다 네 네 맞아요 그렇습니다
AIHub_LowQualityPhoneVoice_valid__34472,0.0,0.0,0.0,False,그래서 그것도 같이 환불 원하시는 걸까요,그래서 그것도 같이 환불 원하시는 걸까요,그래서 그것도 같이 환불 원하시는 걸까요
AIHub_LowQualityPhoneVoice_valid__34484,6.382978723404255,0.0,-6.382978723404255,False,그러다 보니까 어 받 받고 나서 최대한 빠른 시일 내에 저희 쪽으로 보내주셔야 되시고,러다 보니까 어 받 받고 나서 최대한 빠른 시일 내에 저쪽으로 보내주셔야 되시고,그러다 보니까 어 받 받고 나서 최대한 빠른 시일 내에 저희 쪽으로 보내주셔야 되시고
AIHub_LowQualityPhoneVoice_valid__34488,0.0,0.0,0.0,False,네 알겠습니다,네 알겠습니다,네 알겠습니다
AIHub_LowQualityPhoneVoice_valid__34498,18.666666666666668,0.0,-18.666666666666668,False,아 네 요거는 결제 이제 주문하시는 거 눌러주시게 되면은 아래쪽에 이제 결제 수단 선택하는데 위쪽에 보시면 캐시 사용란이 따로 있으세요,아 네 요거는 결퇴에 이제 주문할 수 있는 거 눌러주시게 되면은 아래쪽에 이제 결퇴수당 선택하는데 위쪽에 보시면 퀘지 사용란이 따로 있으시오,아 네 요거는 결제 이제 주문하시는 거 눌러주시게 되면은 아래쪽에 이제 결제 수단 선택하는데 위쪽에 보시면 캐시 사용란이 따로 있으세요
AIHub_LowQualityPhoneVoice_valid__34500,29.72972972972973,2.7027027027027026,-27.027027027027028,False,음 네네 네 캐시 사용이요 할인권 캐시 사용이라는 탭이 따로 있어요,응되네 네 캐슬 사용이야 할인과 한 캐슬 사용이라는 태비 따로 있어요,음 네 네 네 캐시 사용이요 할인권 캐시 사용이라는 탭이 따로 있어요
AIHub_LowQualityPhoneVoice_valid__34516,31.818181818181817,0.0,-31.818181818181817,False,아 네 학생분 성함 혹시 알 수 있을까요,어 네 확상본 성화 목사 알 수 있을까요,아 네 학생분 성함 혹시 알 수 있을까요
AIHub_LowQualityPhoneVoice_valid__34520,20.833333333333336,0.0,-20.833333333333336,False,네 아 이게 그 교재 캐시랑 다 합해서 이렇게 금액이죠 아 예 알겠습니다 예 감사합니다,네 아 이게 그 교재 캐시랑 다 합해서 이렇게 그믄 이시요 아 예 예계춥니다 감사합니다,네 아 이게 그 교재 캐시랑 다 합해서 이렇게 금액이죠 아 예 알겠습니다 예 감사합니다
AIHub_LowQualityPhoneVoice_valid__34524,14.634146341463413,12.195121951219512,-2.439024390243901,False,아 네 본인 확인 먼저 부탁 드릴게요 네 네 네 예금주명은 어떻게 되실까요,어 네 본인 하실 먼저 부탁드릴게요 네 네 네 예금 조명은 어떻게 되실까요,아 네 본인 확인 먼저 부탁드릴게요 네 예금주명은 어떻게 되실까요
AIHub_LowQualityPhoneVoice_valid__34540,37.5,31.25,-6.25,False,언제 그 그 그 맞 교환하나요,언제 그그 그 학교암 하나예요,언제 그 그 맞교환 하나예요
AIHub_LowQualityPhoneVoice_valid__34555,16.0,16.0,0.0,False,아 네네 확인하고 재발송 접수해드리도록 할게요,아 네 네 확인하고 재발성 잡수 해드리도록 할게요,아 네 네 아 확인하고 재발송 접수 해드리도록 할게요
AIHub_LowQualityPhoneVoice_valid__34562,0.0,0.0,0.0,False,감사합니다 좋은 밤 되세요,감사합니다 좋은 밤 되세요,감사합니다 좋은 밤 되세요
AIHub_LowQualityPhoneVoice_valid__34589,27.77777777777778,11.11111111111111,-16.666666666666668,False,아 하 하나는 그러면 그냥 그대로,한 하나는 그러고는 그냥 그대로,아 하나는 그러면 그냥 그대로
AIHub_LowQualityPhoneVoice_valid__34623,26.08695652173913,4.3478260869565215,-21.73913043478261,False,네 회원님 메모 사항 꼭 기재해서 부탁드릴,네 예언님 메모사항 꼭 기재해서 부탁드립니다,네 회원님 메모 사항 꼭 기재해서 부탁드
AIHub_LowQualityPhoneVoice_valid__34657,6.666666666666667,3.3333333333333335,-3.3333333333333335,False,그러세요 저희가 그거는 조금 확인을 해야 할 거 같아요,그러세요 저희가 그거는 매콤 확인을 해야 할 거 같아요,그러세요 저희가 그거는 조금 확인을 해야 할 것 같아요
AIHub_LowQualityPhoneVoice_valid__34665,18.181818181818183,0.0,-18.181818181818183,False,성함은 어떻게 되세요,수원은 어떻게 되세요,성함은 어떻게 되세요
AIHub_LowQualityPhoneVoice_valid__34669,57.14285714285714,0.0,-57.14285714285714,False,감사합니다 좋은 밤 되세요,감사합니다 감사합니다,감사합니다 좋은 밤 되세요
AIHub_LowQualityPhoneVoice_valid__34677,23.076923076923077,15.384615384615385,-7.692307692307692,False,예 잠시만 기다려 주세요,이 잠시만 기다려 주,네 잠시만 기다려주세요
AIHub_LowQualityPhoneVoice_valid__34695,22.22222222222222,0.0,-22.22222222222222,False,아 네 감사합니다,네 감사합니다,아 네 감사합니다
AIHub_LowQualityPhoneVoice_valid__34708,43.859649122807014,1.7543859649122806,-42.10526315789473,False,아 네 회원님 이거 정보 확인 후에 환불 접수 도와드릴 텐데요 회원님 생년월일 한 번 말씀해 주시겠어요,아 네 혜연님 어 정보와 생명의 홈벌 접수 도와서 예전래요 혜연님 생명 뭐하러 말씀해 주시겠어요,아 네 회원님 이거 정보 확인 후에 환불 접수 도와드릴 텐데요 회원님 생년월일 한번 말씀해 주시겠어요
AIHub_LowQualityPhoneVoice_valid__34711,0.0,0.0,0.0,False,네 잠시만요,네 잠시만요,네 잠시만요
AIHub_LowQualityPhoneVoice_valid__34722,0.0,0.0,0.0,False,교재 구매 같은 경우에는 먼저 수강 신청을 하시고 교재 구매가 가능하세요 안 그러면,교재 구매 같은 경우에는 먼저 수강 신청을 하시고 교재 구매가 가능하세요 안 그러면,교재 구매 같은 경우에는 먼저 수강 신청을 하시고 교재 구매가 가능하세요 안 그러면
AIHub_LowQualityPhoneVoice_valid__34744,25.0,0.0,-25.0,False,그러세요 성함 어떻게 되실까요,그러시면 항상 어떻게 되실까요,그러세요 성함 어떻게 되실까요
AIHub_LowQualityPhoneVoice_valid__34747,33.33333333333333,8.333333333333332,-24.999999999999996,False,네 이것만 취소하려고요,네 이것만 치자라고요,네 이것만 취소하라고요
AIHub_LowQualityPhoneVoice_valid__34750,0.0,0.0,0.0,False,어 아니요 그냥,어 아니요 그냥,어 아니요 그냥
AIHub_LowQualityPhoneVoice_valid__34761,0.0,0.0,0.0,False,네 네 알겠습니다,네 네 알겠습니다,네 네 알겠습니다
AIHub_LowQualityPhoneVoice_valid__34763,61.111111111111114,66.66666666666666,5.555555555555543,False,왜 영어책 필요하지도 않는거 시켜,왜 영어 좀 필요하잖,왜 영어 듣기가 좀
AIHub_LowQualityPhoneVoice_valid__34766,16.216216216216218,13.513513513513514,-2.7027027027027035,False,아 네 안그래도 연락 드리려고 그랬는데 하 한 권 안 갔죠 한 세트,아 네 안 그래도 연락 드릴려 그랬는데 하 한 건 안 갔죠 한 테,아 네 안 그래도 연락 드리려 그랬는데 한 건 안 갔죠 한 세트
AIHub_LowQualityPhoneVoice_valid__34794,33.33333333333333,8.333333333333332,-24.999999999999996,False,어떻게 손상이 되었나요,석회 선상이 되었나요,어떻게 선상이 되었나요
AIHub_LowQualityPhoneVoice_valid__34803,7.6923076923076925,0.0,-7.6923076923076925,False,네 저기 저희 아이가 그,네 저기 저 아이가 그,네 저기 저희 아이가 그
AIHub_LowQualityPhoneVoice_valid__34807,12.5,0.0,-12.5,False,그러시면은 지금 강좌 취소를 원하시는 건가요,그러시면은 이건 강차 취소를 원하시는 건가요,그러시면은 지금 강좌 취소를 원하시는 건가요
AIHub_LowQualityPhoneVoice_valid__34808,5.0,20.0,15.0,False,네 취소를 하고 다른 걸 신청을 해야,네 취소를 하고 다른 걸 신청을 해,네 취소를 하고 다른 거 신청을
AIHub_LowQualityPhoneVoice_valid__34816,11.76470588235294,2.941176470588235,-8.823529411764705,False,독서랑 그 교재는 다시 구매하시면 되시구요 그리고 어차피 다른,독서랑 그 교재는 다시 고민하시면 되시구요 그리고 어 다른,독서랑 그 교재는 다시 구매하시면 되시고요 그리고 어차피 다른
AIHub_LowQualityPhoneVoice_valid__34818,11.627906976744185,2.3255813953488373,-9.302325581395348,False,거기에 따르는 어차피 지금 부분적으로 취소가 된다고 해도 어차피 또 교재 시키면 배송비 중복 때문에 아마 취소하시는 게 좀 괜찮을 것 같아요 그다음에 이제,거기에 따르는 어차피 지금 부분적으로 취소가 된다고 해도 어차피 또 교재를 시키면은 대송비 중복 때문에 아마 취소하시는 게 괜찮을 거 같애요 그다음에,거기에 따르는 어차피 지금 부분적으로 취소가 된다고 해도 어차피 또 교재 시키면 배송비 중복 때문에 아마 취소하시는 게 괜찮을 것 같아요 그다음에 이제
AIHub_LowQualityPhoneVoice_valid__34827,44.44444444444444,0.0,-44.44444444444444,False,뉴런 수학 원이요,일하는 수학원이요,뉴런 수학 원이요
AIHub_LowQualityPhoneVoice_valid__34836,30.76923076923077,0.0,-30.76923076923077,False,이메일이 조회가 안 돼요,이네 얘기 조회가 안 돼요,이메일이 조회가 안 돼요
AIHub_LowQualityPhoneVoice_valid__34842,0.0,0.0,0.0,False,아니요 없어요,아니요 없어요,아니요 없어요
AIHub_LowQualityPhoneVoice_valid__34858,31.57894736842105,3.508771929824561,-28.07017543859649,False,아 네 본인 확인 감사합니다 저희 결제 시 제공된 카드사 혜택은 카드사 측으로 별도 확인 부탁 드리고요,아 네 본인하긴 감사합니다 저희 결제실 제공된 카드 사이 테이크는 카드 사측으로 별도하긴 부탁드리구요,아 네 본인 확인 감사합니다 저희 결제 시 제공된 카드사 혜택은 카드사 측으로 별도 확인 부탁드리구요
AIHub_LowQualityPhoneVoice_valid__34861,26.923076923076923,23.076923076923077,-3.8461538461538467,False,그러면 한 두 시간 제가 다시 결제 해야되는거죠,그러면 한두 시간 후 일제가 다시 결제해야 되는 거죠,그러면 한 두 시간 후에 제가 다시 결제해야 되는 거죠
AIHub_LowQualityPhoneVoice_valid__34871,17.391304347826086,4.3478260869565215,-13.043478260869565,False,결제하실 때 신용카드 부분 눌러 눌러주시고,결제하실 때 신형가다 부분 눌러주 눌러주시고,결제하실 때 신용카드 부분 눌러주 눌러주시고
AIHub_LowQualityPhoneVoice_valid__34883,6.944444444444445,4.166666666666666,-2.7777777777777786,False,아 네 회원님 그러면 저희가 이게 위탁 장소로 해서 저희가 요즘 비대면 배송 많이 해 가지구요 문 앞에 놔둘려고 하는데 괜찮으세요,아 네 회장님 그러면 저희가 이게 위딱 장소로 해서 저희가 요즘 비대면 배송 많이 해가지구요 문 앞에 가려고 하는데 괜찮으세요,아 네 회원님 그러면 저희가 이게 위탁 장소로 해서 저희가 요즘 비대면 배송 많이 해가지고요 문 앞에 놔두려고 하는데 괜찮으세요
AIHub_LowQualityPhoneVoice_valid__34899,0.0,0.0,0.0,False,아 네 감사합니다,아 네 감사합니다,아 네 감사합니다
AIHub_LowQualityPhoneVoice_valid__34912,14.925373134328357,11.940298507462686,-2.9850746268656714,False,어 하구 그거 확인해 주셨고 그다음에 그거 환불해 주시기로 하신 해서 해 하셨는데 아 거기다 제가 추가적으로 문의했던 게,어 하고 그거 확인해주셨고 그다음에 그거 한 분 해주시기로 하신 하셨 하셨는데 아 거기다 제가 추가적으로 문의했던 게,어 하고 그거 확인해주셨고 그다음에 그거 환불해주시기로 하신 하셨는데 아 거기다 제가 추가적으로 문의했던 게
AIHub_LowQualityPhoneVoice_valid__34914,12.5,1.1363636363636365,-11.363636363636363,False,네 그거 네 그거 제가 타 강의를 수강하게 되면서 교재가 지금 크게 필요가 없어져서 혹시 반송하는데 같이 넣어도 넣어서 반품을 진행해도 될지를 문의드렸었거든요,네 그걸 네 그거 제가 파강의를 습관하게 되면서 교제가 지금 큰 필요가 없어서 혹시 반송하는데 같이 넣어도 넣어서 반품을 진행해도 될지를 분해드렸었거든요,네 그걸 네 그거 제가 타 강의를 수강하게 되면서 교재가 지금 크게 필요가 없어져서 혹시 반송하는데 같이 넣어도 넣어서 반품을 진행해도 될지를 문의드렸었거든요
AIHub_LowQualityPhoneVoice_valid__34921,27.586206896551722,0.0,-27.586206896551722,False,아 네 그러면은 파본 교재만 맞교환하시는 거 맞으시죠,아 네 그러면은 파 번 교재만 맡겨 안 하시는 거 맞으시다,아 네 그러면은 파본 교재만 맞교환하시는 거 맞으시죠
AIHub_LowQualityPhoneVoice_valid__34928,0.0,0.0,0.0,False,네 감사합니다,네 감사합니다,네 감사합니다
AIHub_LowQualityPhoneVoice_valid__34944,25.53191489361702,11.702127659574469,-13.829787234042552,False,네 정보 확인 감사드립니다 잠시만 기다려 주세요 가장 마지막에 등록하신 경우에 다시 한 번 변경해서는 가능하신데 또 한 번 변경하면 차단되기 때문에 이점 유의해서 사용해,네 분구 확인 감사드립니다 잠시만 기다려주세요 가장 마지막에 등록화세 정리 다시 한번 변경해서 네 가능하신대 수원장 변경은 소단되기 때문에 일상 유예해서 사용했,네 정보 확인 감사드립니다 잠시만 기다려주세요 가장 마지막에 등록하신 정보 다시 한번 변경해서 네 가능하신데 또 한번 변경하면 소단되기 때문에 일정 유의해서 사용해
AIHub_LowQualityPhoneVoice_valid__34949,59.25925925925925,37.03703703703704,-22.222222222222214,False,네 토이스 토스 잽 토스 페이먼츠 교재 뭐 이렇게,예 토스 제 토스 페이 머니치 주제 재판,네 토익 토스 제 토스 페이 머니츠 주제 재판 이렇게
AIHub_LowQualityPhoneVoice_valid__34961,30.76923076923077,6.41025641025641,-24.35897435897436,False,어 맞으 네 혹시 그 어 예금주 어떻게 된신다고 하셨죠 잠시만요 회원님 우선 오래 기다려주셔서 감사 드리구요 지금 예금주는 결제 대행사거든요,어 맞으 그 어 예금주 어떻게 드신다고 하셨죠 음식 많냐 형님 오세요 오래 기다려서 감사드리고요 지금 예금주는 둘째 개인사거든요,어 맞으세 혹시 그 어 예금주 어떻게 뜨신다고 하셨죠 잠시만요 회원님 우선 오래 기다려주셔서 감사드리고요 지금 예금주는 결제 대행사거든요
AIHub_LowQualityPhoneVoice_valid__34962,25.0,9.523809523809524,-15.476190476190476,False,방금 말씀드린 말씀해 주신 토스 페이먼츠라고 해서 대행사예요 그래서 그쪽으로 보내주시는 게 맞으시구요 해서 보내주시면 어 문제없이 결제 진행되실 거예요,아 그 말씀들이 말씀해주신 토스페인 원치라고 해서 개인과에요 그래서 그쪽으로 보내시시는 게 맞으시구요 해서 보내주시면 어 문적이 결제 진행 계실 거에요,방금 말씀드린 말씀해주신 토스 페이 머니라고 해서 개인사에요 그래서 그쪽으로 보내주시는 게 맞으시고요 해서 보내주시면 어 문제없이 결제 진행되실 거예요
AIHub_LowQualityPhoneVoice_valid__34972,5.660377358490567,5.660377358490567,0.0,False,네 말씀하세요 어 아니에요 그 책을 구입을 해야 된다고 하거든요 그리고 지금 구입은 되는 거구요,네 말씀하세여 어 아니에요 그 책을 구입을 해야 된다고 하거든요 그리고 책은 구입은 되는 거구요,네 말씀하세요 어 아니에요 그 책을 구입을 해야 된다고 하거든요 그리고 책은 구입은 되는 거고요
AIHub_LowQualityPhoneVoice_valid__34982,24.324324324324326,10.81081081081081,-13.513513513513516,False,아 네 알겠습니다 저희가 이 만원 충전 됐으니까 구매해주시면 되세요,아 네 알겠습니다 저희도 임남은 좀 더 됐으니까 구매해 주시면 되세요,아 네 알겠습니다 저희가 입맛은 충전 됐으니까 구매해주시면 되세요
AIHub_LowQualityPhoneVoice_valid__34989,40.0,0.0,-40.0,False,학습지원센터입니다 무엇을 도와드릴까요,지학습지환 샘플입니다 뭐지 도와드릴까요,학습지원센터입니다 무엇을 도와드릴까요
AIHub_LowQualityPhoneVoice_valid__34992,0.0,0.0,0.0,False,죄송하지만 이,죄송하지만 이,죄송하지만 이
AIHub_LowQualityPhoneVoice_valid__34995,0.0,0.0,0.0,False,잠시만요 네 이제 교재랑 같이 구매하셨는데 교재는 사용하셨죠,잠시만요 네 이제 교재랑 같이 구매하셨는데 교재는 사용하셨죠,잠시만요 네 이제 교재랑 같이 구매하셨는데 교재는 사용하셨죠
AIHub_LowQualityPhoneVoice_valid__35014,20.0,5.0,-15.0,False,회원님 패스 구매해 주신다고 하셨나요,아니 패스 구매해주신다고 하셨나요,회원님 패스 구매해주신다고 하셨나요
AIHub_LowQualityPhoneVoice_valid__35020,6.349206349206349,0.0,-6.349206349206349,False,패스를 구매하고 어디로 아 아니면 직통 번호 알려주시면 제가 그니까 구매하고 나서 한 번 더 설명을 드려야 되니까,헬스를 구매하고 어디로 아 아니면 직통번호 알려주시면 제가 그니까 구매하고 나서 한 번 더 설명을 들어야 되니까,패스를 구매하고 어디로 아 아니면 직통 번호 알려주시면 제가 그니까 구매하고 나서 한 번 더 설명을 드려야 되니까
AIHub_LowQualityPhoneVoice_valid__35023,18.91891891891892,0.0,-18.91891891891892,False,남겨드릴 거라서요 다음 상담원분이 이력 보고 상담을 해드리는 거예요,감결드릴 거라서요 다음 상담은 부위 이력 보고 상담을 해드리는 거에요,남겨드릴 거라서요 다음 상담원분이 이력 보고 상담을 해드리는 거예요
AIHub_LowQualityPhoneVoice_valid__35037,10.81081081081081,8.108108108108109,-2.7027027027027017,False,아 네 확인 도와 확인 도와드리기 위해서 네 정보 확인 감사드립니다,아 네 확인 도와 확인 도와드리기 위해서 단 네 정보 확인 감사합니다,아 네 확인 도와 확인 도와드리기 위해서 다음 네 정보 확인 감사드립니다
AIHub_LowQualityPhoneVoice_valid__35050,31.25,0.0,-31.25,False,네 감사합니다 좋은 밤 되세요,에이 삽니다 좋은 밤 되세요,네 감사합니다 좋은 밤 되세요
AIHub_LowQualityPhoneVoice_valid__35055,2.857142857142857,0.0,-2.857142857142857,False,아 주소를 제가 집으로 받아서 확인을 하고 보내야 될 것 같애요,아 주소를 제가 집으로 받아서 확인을 하고 보내야 될 거 같애요,아 주소를 제가 집으로 받아서 확인을 하고 보내야 될 것 같애요
AIHub_LowQualityPhoneVoice_valid__35059,6.976744186046512,9.30232558139535,2.325581395348838,False,오 그거를 좀 빨리 받으셔야 할 거 같아요 그거 언제까지 받을 실 수 있을까요,어 그거를 좀 빨리 받으셔야 할 거 같아요 그거 언제까지 받을 수 있을까요,어 그거를 좀 빨리 받으셔야 할 것 같아요 그거 언제까지 받을 수 있을까요
AIHub_LowQualityPhoneVoice_valid__35063,0.0,0.0,0.0,False,아 아이가 지금은 그 졸업을 했고 재수생이에요,아 아이가 지금은 그 졸업을 했고 재수생이에요,아 아이가 지금은 그 졸업을 했고 재수생이에요
AIHub_LowQualityPhoneVoice_valid__35068,20.0,0.0,-20.0,False,아 네 알겠습니다 그 점은 제가 기록을 좀 해두겠습니다,아 네 알겠습니다 네 어 그전은 제가 기록을 좀 해주겠습니다,아 네 알겠습니다 그 점은 제가 기록을 좀 해두겠습니다
AIHub_LowQualityPhoneVoice_valid__35081,9.45945945945946,4.054054054054054,-5.405405405405405,False,아예 저희가 이제 전액 환불은 좀 어려우실 것 같고 대신에 이제 강좌를 좀 많이 안 들으신 게 확인이 되셔서 그래도 좀 예외적으로 어,아예 저희가 이제 전액 환불은 좀 어려우실 거 같고 예심에 이제 강좌를 좀 많이 안 들으신 게 확인이 되셔서 그래서 좀 외적으로,아예 저희가 이제 전액 환불은 좀 어려우실 것 같고 대신에 이제 강좌를 좀 많이 안 들으신 게 확인이 되셔서 그래서 좀 예외적으로
AIHub_LowQualityPhoneVoice_valid__35082,0.0,0.0,0.0,False,어 이렇게 환불 좀 도와드릴까요 그러면,어 이렇게 환불 좀 도와드릴까요 그러면,어 이렇게 환불 좀 도와드릴까요 그러면
AIHub_LowQualityPhoneVoice_valid__35104,27.77777777777778,0.0,-27.77777777777778,False,지구과학 투 매직 기출 분석 교재,주거 투 매직 기출 분석 교질,지구과학 투 매직 기출 분석 교재
AIHub_LowQualityPhoneVoice_valid__35116,0.0,0.0,0.0,False,지금 제가 저희 그 카드 내역을 보니까,지금 제가 저희 그 카드 내역을 보니까,지금 제가 저희 그 카드 내역을 보니까
AIHub_LowQualityPhoneVoice_valid__35119,0.0,0.0,0.0,False,아 잠깐만요 잠깐만요,아 잠깐만요 잠깐만요,아 잠깐만요 잠깐만요
AIHub_LowQualityPhoneVoice_valid__35134,8.333333333333332,8.333333333333332,0.0,False,음 어 회원님 그럼 좀 잠시만 기다려 주세요,음 아 회원님 그럼 좀 잠시만 기다려주세요,음 아 회원님 그럼 좀 잠시만 기다려주세요
AIHub_LowQualityPhoneVoice_valid__35137,20.754716981132077,3.7735849056603774,-16.9811320754717,False,네 그거 두 강좌가 듣고 있는데 그 강좌하고 제가 맞춰보니까 교재랑 학원 수강료가 일치하더라고요,네 네 네 저 두 강자가 듣 듣고 있는데 그 강자하고 제가 맞춰보니까 교재랑 학원 수강요가 일치하더라구요,네 네 그거 두 강좌가 듣고 있는데 그 강좌하고 제가 맞춰보니까 교재랑 학원 수강료가 일치하더라고요
AIHub_LowQualityPhoneVoice_valid__35150,14.285714285714285,1.5873015873015872,-12.698412698412698,False,네 회원님 그 저희가 오늘 내로 그 연락 빠르게 오면 저희가 빠르게 오는 대로 바로 연락드리도록 하겠습니다 회원님,네 회장님 그래 저희가 오늘대로 으 연락 빠르게 오면 저희가 빠르게 오는 대로 바로 연락 되기도록 하겠습니다 회장님,네 회원님 그러 저희가 오늘 내로 그 연락 빠르게 오면 저희가 빠르게 오는 대로 바로 연락드리도록 하겠습니다 회원님
AIHub_LowQualityPhoneVoice_valid__35164,0.0,0.0,0.0,False,네 감사합니다,네 감사합니다,네 감사합니다
AIHub_LowQualityPhoneVoice_valid__35190,2.380952380952381,0.0,-2.380952380952381,False,아 그래요 그러면 이게 반송은 이제 일단은 반송은 그다음에 배송비가 따로 또,아 그래요 그러면 이게 반송은 이게 일단은 반송은 그다음에 배송비가 따로 또,아 그래요 그러면 이게 반송은 이제 일단은 반송은 그다음에 배송비가 따로 또
AIHub_LowQualityPhoneVoice_valid__35195,8.333333333333332,8.333333333333332,0.0,False,아 그래요 네 그러면 강의 취소가 되는 거고,아 그래요 네 그럼 강의 취소가 되는 거고,아 그래요 네 그럼 강의 취소가 되는 거고
AIHub_LowQualityPhoneVoice_valid__35201,0.0,0.0,0.0,False,네 그러면 아 네 알겠습니다,네 그러면 아 네 알겠습니다,네 그러면 아 네 알겠습니다
AIHub_LowQualityPhoneVoice_valid__35202,0.0,0.0,0.0,False,네 감사합니다,네 감사합니다,네 감사합니다
AIHub_LowQualityPhoneVoice_valid__35216,12.82051282051282,7.6923076923076925,-5.128205128205127,False,네 보내주실 때 화재 사진 화질 깨지지 않게 잘 보이게 적어 보내주세요,내일 보내 주실 때 화재 사진 화재 깨지지 않게 잘 보이게 적어 보내 주세요,메일 보내주실 때 화재 사진 화재 깨지지 않게 잘 보이게 적어 보내주세요
AIHub_LowQualityPhoneVoice_valid__35221,39.473684210526315,10.526315789473683,-28.94736842105263,False,고거 환불 처리를 좀 해주세요 수 투을 시켜야 되는데 잘못 시켜가지고,고거 한 벌 차례 좀 했지 수출을 시켜야 되는지 다 못 시켜가지고,고거 환불 처리를 좀 했어요 수 투를 시켜야 되는데 잘못 시켜가지고
AIHub_LowQualityPhoneVoice_valid__35242,42.857142857142854,19.047619047619047,-23.809523809523807,False,교재들을 이미 택배사로 넘긴 상황이에요,애들은 회사로 넘길 상황이에요,교재들은 택배사로 넘긴 상황이에요
AIHub_LowQualityPhoneVoice_valid__35249,40.0,0.0,-40.0,False,그러면 하시고 나서 환불하실 거면 저희가 반송,그러면 하시고 나서 한 번 하실 거면 좋을 거 단순,그러면 하시고 나서 환불하실 거면 저희가 반송
AIHub_LowQualityPhoneVoice_valid__35252,93.02325581395348,2.3255813953488373,-90.69767441860465,False,회원님 그러면 그 연락처가 어떻게 되실까요 회원님 그러면 잠시만 기다려 주세요,큰일 났어요,회원님 그러면 그 연락처가 어떻게 되실까요 회원님 그러면 잠시만 기다려주세요
AIHub_LowQualityPhoneVoice_valid__35256,35.714285714285715,21.428571428571427,-14.285714285714288,False,적어주셔야 할 사항들이고요,과거 주셔야 할 사랑들이구요,가거 주셔야 할 사항들이고요
AIHub_LowQualityPhoneVoice_valid__35258,50.0,35.714285714285715,-14.285714285714285,False,일주일 이따가 쪽지가 와요,일주일 있다가 특징어요,일주일 있다가 갑자기 와요
AIHub_LowQualityPhoneVoice_valid__35285,16.216216216216218,2.7027027027027026,-13.513513513513516,False,네 연락 주시면 저희가 교재 확인하고 카드 취소를 도와드릴 거여서요,네 연락 주시면 저희가 규제 확인하고 카드 칠수로 도와 드릴 거여서요,네 연락 주시면 저희가 교재 확인하고 카드 취소로 도와드릴 거여서요
AIHub_LowQualityPhoneVoice_valid__35287,0.0,0.0,0.0,False,네 감사합니다,네 감사합니다,네 감사합니다
AIHub_LowQualityPhoneVoice_valid__35296,11.538461538461538,7.6923076923076925,-3.846153846153846,False,제가 재문의 주시면 그때 다시 안내드릴 거여서요,제가 재무늬 주시면 그때 다시 안내 드릴 거여서요,저희가 재문의 주시면 그때 다시 안내드릴 거여서요
AIHub_LowQualityPhoneVoice_valid__35298,31.818181818181817,0.0,-31.818181818181817,False,어 저희 측으로 다시 문의주셔야 하는데요,어 절책으로 다시 문의 주셔야 하는 데야,어 저희 측으로 다시 문의주셔야 하는데요
AIHub_LowQualityPhoneVoice_valid__35321,7.142857142857142,3.571428571428571,-3.571428571428571,False,이거 저희가 이제 담당 부서 확인하고 전화드릴 건데,이거 저희가 이제 담당서 확인하고 전화드릴 건데,이거 저희가 이제 담당부서 확인하고 전화드릴 건데
AIHub_LowQualityPhoneVoice_valid__35336,36.11111111111111,27.77777777777778,-8.333333333333329,False,그리고 제가 문자 두 통 더 넣어드릴 거예요 잠시만 기다려 주세요,드러세요 문자 보통 전화드릴 거에요 잠시만 기다려 주세요,그러세요 문자 두 통 전화드릴 거예요 잠시만 기다려주세요
AIHub_LowQualityPhoneVoice_valid__35342,61.111111111111114,16.666666666666664,-44.44444444444445,False,환불하시려는 사유가 어떻게 되세요,그리고 한번 하시면은 살류가 어떻게 되세요,교재 환불하시려는 사유가 어떻게 되세요
AIHub_LowQualityPhoneVoice_valid__35349,6.451612903225806,6.451612903225806,0.0,False,네네네 아직 빠져나간 건 아니고요 그 명세서에 있더라고요,네 네 네 아직 빠져나간 건 아니고요 그 명세서에 있더라고요,네 네 네 아직 빠져나간 건 아니고요 그 명세서에 있더라고요
AIHub_LowQualityPhoneVoice_valid__35365,48.0,28.000000000000004,-19.999999999999996,False,네네네 페이코로 봤더니 페이코로 결제가 됐네요,네 네 네 페이커로 봤군요 페이커로도 잘 지났네요,네 네 네 페이코로 봤더니 페이코로도 적혀져 있네요
AIHub_LowQualityPhoneVoice_valid__35367,7.142857142857142,0.0,-7.142857142857142,False,지금 페이코에도 역시 그 결제된 내역이 아예 없다고,지금 페이코에도 역시 결제된 내역이 아예 없다고,지금 페이코에도 역시 그 결제된 내역이 아예 없다고
AIHub_LowQualityPhoneVoice_valid__35368,3.571428571428571,0.0,-3.571428571428571,False,저는 페이코에 제 거로는 분명히 지금 결제가 됐는데,저는 페이코에 제거로는 분명히 지금 결제가 됐는데,저는 페이코에 제 거로는 분명히 지금 결제가 됐는데
AIHub_LowQualityPhoneVoice_valid__35371,19.047619047619047,2.380952380952381,-16.666666666666668,False,일단은 그러시면 저희 먼저 카드사에 먼저 문의를 해보셔야 될 거 같아요 이거,일단은 그러시면 저기 먼저 카드 사이에 먼저 분리해보셔야 될 거 같애요 이거,일단은 그러시면 저희 먼저 카드사에 먼저 문의를 해보셔야 될 것 같아요 이거
AIHub_LowQualityPhoneVoice_valid__35380,17.391304347826086,0.0,-17.391304347826086,False,저희가 어 회원님께서 구매 안 해주셨으면은,저희가 어 하느님께서 그면 안 해주셨으면은,저희가 어 회원님께서 구매 안 해주셨으면은
AIHub_LowQualityPhoneVoice_valid__35384,13.461538461538462,5.769230769230769,-7.6923076923076925,False,아 그 회원님께서 반송하실 때 회원님께서 내셔야 하는 부분이어서 선불 반송으로 부탁드린 거고요,아 거 회원님께서 반성하실 때 어 회원님께서 내셔야 하는 부분이어서 선불 반성으로 부탁드린 거고 야,아 그럼 회원님께서 반송하실 때 어 회원님께서 내셔야 하는 부분이어서 선불 반송으로 부탁드린 거고요
AIHub_LowQualityPhoneVoice_valid__35385,24.0,12.0,-12.0,False,다시 회원님께서 재결제가 필요하다는 거였거든요,다시 하얀님께서 제 둘째가 필요하다는 거였거든요,다시 회원님께서 저희 결제가 필요하다는 거였거든요
AIHub_LowQualityPhoneVoice_valid__35386,11.76470588235294,0.0,-11.76470588235294,False,그때 수분감만 세 권 아니었나요,그때 수분값만 세 번 아니었나요,그때 수분감만 세 권 아니었나요
AIHub_LowQualityPhoneVoice_valid__35397,0.0,0.0,0.0,False,네 감사합니다,네 감사합니다,네 감사합니다
AIHub_LowQualityPhoneVoice_valid__35404,0.0,0.0,0.0,False,아닌데요,아닌데요,아닌데요
AIHub_LowQualityPhoneVoice_valid__35424,0.0,5.88235294117647,5.88235294117647,False,전화는 꼭 주셔야 되구요 네 네,전화는 꼭 주셔야 되구요 네 네,전화는 꼭 주셔야 되고요 네 네
AIHub_LowQualityPhoneVoice_valid__35425,0.0,16.666666666666664,16.666666666666664,False,예예 맞아요,예예 맞아요,예 예 맞아요
AIHub_LowQualityPhoneVoice_valid__35427,7.142857142857142,0.0,-7.142857142857142,False,그러시면은 이번에 들어가실 금액 먼저 말씀을 드리면,그러시면은 이번에 들어가실 등을 먼저 말씀을 드리면,그러시면은 이번에 들어가실 금액 먼저 말씀을 드리면
AIHub_LowQualityPhoneVoice_valid__35430,41.935483870967744,0.0,-41.935483870967744,False,네 확인 감사합니다 회원님 어떤 교재를 잘못 구매하셨어요,네 와인 감사합니다 한 어떤 도저히 등록금 계셨어요,네 확인 감사합니다 회원님 어떤 교재를 잘못 구매하셨어요
AIHub_LowQualityPhoneVoice_valid__35439,8.333333333333332,0.0,-8.333333333333332,False,아 그럼 그렇게 할게요,어 그럼 그렇게 할게요,아 그럼 그렇게 할게요
AIHub_LowQualityPhoneVoice_valid__35441,29.629629629629626,0.0,-29.629629629629626,False,네 그 제가 문장 문자 두 통 더 넣어드릴 거예요,에이 그 제가 문닭 문자 통화 넣어드릴 거에요,네 그 제가 문장 문자 두 통 더 넣어드릴 거예요
AIHub_LowQualityPhoneVoice_valid__35466,33.33333333333333,25.0,-8.333333333333329,False,근데 크롬이라서 다른가,근데 클럽이라서 답은가,크롬이라서 다른가
AIHub_LowQualityPhoneVoice_valid__35478,13.333333333333334,0.0,-13.333333333333334,False,네 확인 감사합니다 잠시만요,네 화분 감사합니다 잠시만요,네 확인 감사합니다 잠시만요
AIHub_LowQualityPhoneVoice_valid__35483,26.666666666666668,6.666666666666667,-20.0,False,바로 취소해 드리긴 어렵고요,바로 취소해야 되긴 어렵고야,바로 취소해드리긴 어렵고요
AIHub_LowQualityPhoneVoice_valid__35486,11.11111111111111,2.2222222222222223,-8.88888888888889,False,근데 이미 교재가 출고되어서 나갔기 때문에 저희가 바로 취소해 드리기가 어려워서요,근데 이미 교제가 출고 되어서 나갔기 때문에 저희가 바로 취소해드리기가 어려우세요,근데 이미 교재가 출고되어서 나갔기 때문에 저희가 바로 취소해드리기가 어려워서요
AIHub_LowQualityPhoneVoice_valid__35494,10.714285714285714,3.571428571428571,-7.142857142857142,False,저기 단과를 듣고 있는데 무슨 소리를 하시는 거예요,저기 단가를 듣고 있는데 무슨 소릴 하시는 거예요,저기 단가를 듣고 있는데 무슨 소리를 하시는 거예요
AIHub_LowQualityPhoneVoice_valid__35535,18.181818181818183,24.242424242424242,6.060606060606059,False,그니까 하나는 정상적으로 되는 거고 한 번 은 더 나간 거죠,인제 한마는 정상적으로 되는 거고 한 번은 더 나간 거죠,이제 한 반은 정상적으로 되는 거고 한 번은 더 나간 거죠
AIHub_LowQualityPhoneVoice_valid__35549,33.33333333333333,0.0,-33.33333333333333,False,네 여보세요,에이 여보세요,네 여보세요
AIHub_LowQualityPhoneVoice_valid__35552,15.277777777777779,6.944444444444445,-8.333333333333334,False,아니 그러니까 수학만 결제를 했는데 전 과목을 다시 결제를 했어요 그런데 수학이 중복이 되니까 수학을 환불 받아야 될 거 아니에요,아니 그니까 수학을 결제를 했는데 건강업을 다시 결제를 했어요 그때 수학이 중복이 되니까 수학을 한 번 받아야 될 거 아니에요,아니 그니까 수학만 결제를 했는데 전 과목을 다시 결제를 했어요 수학이 중복이 되니까 수학을 환불 받아야 될 거 아니에요
AIHub_LowQualityPhoneVoice_valid__35555,0.0,0.0,0.0,False,전체 취소를 하고 다시 그러면은,전체 취소를 하고 다시 그러면은,전체 취소를 하고 다시 그러면은
AIHub_LowQualityPhoneVoice_valid__35568,28.205128205128204,15.384615384615385,-12.82051282051282,False,잠시만요 카드가 어떤 카드인질 모르는데 어떤 카드로 전체 취소를 했어요,잠시만요 카드가 어떤 카드를 모르는데 어떤 카드를 전세치 드리죠,잠시만요 카드가 어떤 카드인지 모르는데 어떤 카드로 전체 취소를 해야 되나요
AIHub_LowQualityPhoneVoice_valid__35591,15.384615384615385,0.0,-15.384615384615385,False,어 회원님 정보 확인부터 하고 안내 도와드릴게요,어 회원님 정보 확인 부터 하고 안내 도와드릴께 야,어 회원님 정보 확인부터 하고 안내 도와드릴게요
AIHub_LowQualityPhoneVoice_valid__35598,7.6923076923076925,7.6923076923076925,0.0,False,그거를 맞춰서 해야되는데,그거를 맞춰서 해야 되는데,그거를 맞춰서 해야 되는데
AIHub_LowQualityPhoneVoice_valid__35616,10.526315789473683,0.0,-10.526315789473683,False,그 단과 화학을 듣고 있던 거를 예,그 단과 화학도 듣고 있던 거를 시,그 단과 화학을 듣고 있던 거를 예
AIHub_LowQualityPhoneVoice_valid__35618,0.0,0.0,0.0,False,네 잠시만요 어머니 이거 전화를 하셨다는 말씀이세요,네 잠시만요 어머니 이거 전화를 하셨다는 말씀이세요,네 잠시만요 어머니 이거 전화를 하셨다는 말씀이세요
AIHub_LowQualityPhoneVoice_valid__35626,6.666666666666667,4.444444444444445,-2.2222222222222223,False,그렇기 때문에 저희가 교재를 제외한 금액을 원래는 취소가 가 취소가 되어야 되는데,그러기 때문에 저희가 교재를 제외한 금액을 원래는 취소가 취소가 되어야 되는데,그러기 때문에 저희가 교재를 제외한 금액을 원래는 취소가 가능 취소가 되어야 되는데
AIHub_LowQualityPhoneVoice_valid__35632,10.526315789473683,7.017543859649122,-3.5087719298245608,False,그게 아니라요 어머니 패스 해당 하 하시고 싶은 교재에 대한 강좌를 수강 신청을 하시고 나서 그 교제를,그게 아니라 어머니 팔 수 해당 하 하시고 싶은 교재에 대한 강좌를 수강신청을 하시고 나서 그 교재를,그게 아니라요 어머니 패스 해당 하시고 싶은 교재에 대한 강좌를 수강신청을 하시고 나서 그 교재를
AIHub_LowQualityPhoneVoice_valid__35633,12.5,6.25,-6.25,False,사양 상향되셔서 제가 말씀드리려고 했던 거구요 우선 어머니,상영하 상영되셔서 제가 말씀드리려고 했던 거구요 우선 어머니,상향 상향되셔서 제가 말씀드리려고 했던 거구요 우선 어머니
AIHub_LowQualityPhoneVoice_valid__35674,20.0,10.0,-10.0,False,조회가 안 되거든요,오해가 안 되거든요,조회가 안되거든요
AIHub_LowQualityPhoneVoice_valid__35679,47.61904761904761,14.285714285714285,-33.33333333333333,False,조회가 계속 안 되거든요 네 회원님 아니세요 예 들어가선 안 되는 걸로 알고,네 회장님 아니세요 예 들어가선 안 되는 걸로 알고 있습니다,조회만 계속 안 되고 네 회원님 아니세요 이게 들어가선 안 되는 걸로 알고
AIHub_LowQualityPhoneVoice_valid__35686,17.77777777777778,2.2222222222222223,-15.555555555555557,False,그래서 혹시 반송 희망하시면 저희가 반송 절차 안내해 드릴 건데 어떻게 생각하세요,그래서 혹시 감성희망 하시면 저희가 반송 절차안에 해드릴 건데 어떻게 생각하세요,그래서 혹시 반송 희망하시면 저희가 반송 절차 안내해드릴 건데 어떻게 생각하세요
AIHub_LowQualityPhoneVoice_valid__35724,22.22222222222222,11.11111111111111,-11.11111111111111,False,착불로 안 되고요,탁불로 안 되구요,착불로 안되고요
AIHub_LowQualityPhoneVoice_valid__35758,34.48275862068966,20.689655172413794,-13.793103448275865,False,아 지금 그래서 네 두 권을 환불하시겠다는 말씀이시죠,아 지금 그래서 네 누구 하나 환불 하시겠다 하는 말씀 있어,아 지금 그래서 네 그거는 환불하시겠다 하는 말씀이시죠
AIHub_LowQualityPhoneVoice_valid__35764,20.967741935483872,14.516129032258066,-6.451612903225806,False,음음 예예 그럼 알겠습니다 제가 교재를 그럼 보내고 받고 나서 바로 보내면 되는 거죠 예 예예 예 알겠습니다 네,음 예 예 가면 알겠습니다 약간 제가 그제를 그럼 보내고 받으 받고 나서 바로 보내면 되는 거죠 예 예 예 예 알겠습니다 네,음 예 예 그럼 알겠습니다 일단 제가 교재를 그럼 보내고 받으 받고 나서 바로 보내면 되는 거죠 예 예 예 알겠습니다 네
AIHub_LowQualityPhoneVoice_valid__35765,0.0,0.0,0.0,False,회원님 끊어도 괜찮을까요,회원님 끊어도 괜찮을까요,회원님 끊어도 괜찮을까요
AIHub_LowQualityPhoneVoice_valid__35775,0.0,6.666666666666667,6.666666666666667,False,아 네 잠시만 기다려 주세요,아 네 잠시만 기다려 주세요,아 네 잠시만 기다려주세요
AIHub_LowQualityPhoneVoice_valid__35792,33.33333333333333,0.0,-33.33333333333333,False,그럼 저걸 풀 수도 없잖아요,금 저걸 풀 수 없잖 에요,그럼 저걸 풀 수도 없잖아요
AIHub_LowQualityPhoneVoice_valid__35793,0.0,0.0,0.0,False,어 잠시만요,어 잠시만요,어 잠시만요
AIHub_LowQualityPhoneVoice_valid__35809,16.666666666666664,16.666666666666664,0.0,False,네 감사합니다 잠시만요,아 네 감사합니다 잠시만요,아 네 감사합니다 잠시만요
AIHub_LowQualityPhoneVoice_valid__35810,14.285714285714285,4.761904761904762,-9.523809523809522,False,어 그러면 어 그러면 저희가 지금 어 교재 아직 출고 전이라서 취소 가능하시고요 그럼 신용카드로 환불 도와드릴게요,어 그러면 어 그러면 저희가 지금 어 그게 아직 출구 전이어서 취소 가능하시구요 어 그럼 신용카대로 환불 도와 드릴게요,어 그러면 어 그러면 저희가 지금 어 교재 아직 출고 전이어서 취소 가능하시고요 어 그럼 신용카드로 환불 도와드릴게요
AIHub_LowQualityPhoneVoice_valid__35822,28.57142857142857,2.857142857142857,-25.71428571428571,False,네 그거 그 교재 메가캐시를 그거 그 현금으로 그 바꾸고 싶은데,근데 그거 그 교직 매값 캐시를 그 어 그 현금으로 바꾸고 싶은데,네 그거 그 교재 메가 캐시를 그거 그 현금으로 그 바꾸고 싶은데
AIHub_LowQualityPhoneVoice_valid__35823,12.195121951219512,0.0,-12.195121951219512,False,회원님 지금 회원님 이거 미성년자셔서요 현금 환불 받으시려면 어머니나 아버지께서 저희 쪽으로 전화 주셔야지 저희가 이거 현금 환불로 진행 가능하세요,사장님 지금 선생님 이거 미성년자 자사요 현금 환불 폐수실려면 어머니나 아버지께서 저희 쪽으로 전화 주셔야지 저희가 이거 현금 환불로 진행 가능하세요,회원님 지금 회원님 이거 미성년자셔서요 현금 환불 받으시려면 어머니나 아버지께서 저희 쪽으로 전화 주셔야지 저희가 이거 현금 환불로 진행 가능하세요
AIHub_LowQualityPhoneVoice_valid__35858,31.25,12.5,-18.75,False,아이디 한번 말씀해 주시겠어요,아이채먼 말씀해주시겠어요,아이디 한 번 말씀해주시겠어요
AIHub_LowQualityPhoneVoice_valid__35870,21.12676056338028,11.267605633802818,-9.859154929577462,False,이 교재가 얘가 학원에서 쓰는 교재하고 거의 다 똑같다고 그래서 다른 다른 교재로 신청할 거라고 일단 취소를 해달라고 그랬거든요,이 교재가 이가 학원에 스스로 교재가 거의 다 똑같다고 그서 다른 다른 교주로 신청할 거라고 교재를 해달라 그랬거든요,이 교재가 이가 학원에서 쓰는 교재가 거의 다 똑같다고 다른 다른 교재로 신청할 거라고 일단 취소를 해달라 그랬거든요
AIHub_LowQualityPhoneVoice_valid__35882,45.83333333333333,20.833333333333336,-24.999999999999993,False,네 반송 알림 수신되시면 문자 주시면 저희가,에이 한소한님 수신 되시면 문자 주시면 될 거,네 반송 알림 수신되시면 문자 주시면 될 것 같
AIHub_LowQualityPhoneVoice_valid__35885,33.33333333333333,0.0,-33.33333333333333,False,네 네 네 회원님 이거 교재 총 몇 권 환불하신 걸까요,네 네 네 아니 이거 교재 총 몇 권은 부러진 거일까요,네 네 네 회원님 이거 교재 총 몇 권 환불하신 걸까요
AIHub_LowQualityPhoneVoice_valid__35888,19.230769230769234,3.8461538461538463,-15.384615384615387,False,네 확인 감사합니다 회원님 잠시만 기다려 주세요,네 허인 감사합니다 허인 잠시만 기다려주세요,네 확인 감사합니다 회원님 잠시만 기다려주세요
AIHub_LowQualityPhoneVoice_valid__35895,0.0,0.0,0.0,False,네 잠시만요,네 잠시만요,네 잠시만요
AIHub_LowQualityPhoneVoice_valid__35901,33.33333333333333,0.0,-33.33333333333333,False,네 잠시만요,에잇 잠시만요,네 잠시만요
AIHub_LowQualityPhoneVoice_valid__35910,30.0,20.0,-10.0,False,결제 된 거 같애요,에잇에 된 거 같애요,해제된 거 같애요
AIHub_LowQualityPhoneVoice_valid__35923,50.0,14.285714285714285,-35.714285714285715,False,회원님 확인 되셨 회원님께서 잘못 받으신 국어 영역,현임 확인돼 현임께 잘못 받으신 고용역,회원님 확인되 회원님께서 잘못 받으신 교재 영역
AIHub_LowQualityPhoneVoice_valid__35927,73.33333333333333,26.666666666666668,-46.66666666666666,False,보내주신 교재에 대해서 혹시,네 주신 게 돼있오지만,보내주신 게 대해서 혹시나
AIHub_LowQualityPhoneVoice_valid__35942,33.33333333333333,6.666666666666667,-26.66666666666666,False,끊지 말고 끊지 않을 테니까,끊지 말 끊지 안 했다니까,끊지 말 끊지 않을 테니까
AIHub_LowQualityPhoneVoice_valid__35944,41.17647058823529,0.0,-41.17647058823529,False,네 혹시 그렇게 가능하실지 원래,혹시 그렇게 간호하지 했지 원래,네 혹시 그렇게 가능하실지 원래
AIHub_LowQualityPhoneVoice_valid__35949,22.22222222222222,0.0,-22.22222222222222,False,네 지금 보내기는 확인해 봤거든요,네 지금 보내기는 하긴 해봤거든요,네 지금 보내기는 확인해 봤거든요
AIHub_LowQualityPhoneVoice_valid__35950,87.5,50.0,-37.5,False,있으실까요 지금,사실,수 있을까요 지금
AIHub_LowQualityPhoneVoice_valid__35966,11.11111111111111,0.0,-11.11111111111111,False,아 네 알겠습니다,어 네 알겠습니다,아 네 알겠습니다
AIHub_LowQualityPhoneVoice_valid__35969,23.809523809523807,4.761904761904762,-19.047619047619044,False,네 네 어머니 어떤 거 때문에 그러세요,네 네 어머니 어떤 거 땜에 들었어요,네 네 어머니 어떤 것 때문에 그러세요
AIHub_LowQualityPhoneVoice_valid__35971,28.57142857142857,12.698412698412698,-15.873015873015872,False,사진을 찍어 네 찢어졌어요 살짝 근데 살짝 찢어져서 테이프를 붙여 써도 될 정도긴 하지만 저희 애가 싫다고 하네요,사진은 찢어졌 찢어졌어요 그 살짝 근데 살짝 찢어져서 테이플도 좀 서도 베이 정돔이나 하지만 저희들이가 싫다고 하네요,사진을 찍은 예 찢어졌어요 그 살짝 근데 살짝 찢어져서 테이프를 좀 써도 될 정도긴 하지만 저희가 싫다고 하네요
AIHub_LowQualityPhoneVoice_valid__36003,37.93103448275862,24.137931034482758,-13.793103448275861,False,메일을 보냈고 전화를 한 번 다시 달라고 전화드렸어요,매일이 보냈구요 전화를 한 번 다시 달라 그러,메일을 보냈고요 전화를 한번 다시 달라고 해서 전화드렸다
AIHub_LowQualityPhoneVoice_valid__36017,17.391304347826086,4.3478260869565215,-13.043478260869565,False,메일 보내신 주소 한 번 말씀해 주시겠어요,네 보내신 주소 한번 말씀해주시겠어요,메일 보내신 주소 한번 말씀해 주시겠어요
AIHub_LowQualityPhoneVoice_valid__36018,12.5,0.0,-12.5,False,네 어머니 제가 이거 담당 부서 확인 후에 연락드릴 거고요,네 어머니 제가 이거 담당부사 확인 후에 연락 드릴 거구요,네 어머니 제가 이거 담당 부서 확인 후에 연락드릴 거고요
AIHub_LowQualityPhoneVoice_valid__36022,26.47058823529412,2.941176470588235,-23.529411764705884,False,네 네 네 재발송 해드리고요 맞교환 접수로 바로 들어갈 거예요,네 네 네 재발증 하세요 마크안 접수로 바로 들어갈 거에요,네 네 네 재발송해드리고요 맞교환 접수로 바로 들어갈 거예요
AIHub_LowQualityPhoneVoice_valid__36042,3.125,0.0,-3.125,False,저희 재발송 오늘 하시면 내일 아마 출고되실 거예요 회원님,저희 재발송 오늘 하시면 내일 아마 출고 되실 거예요 회원님,저희 재발송 오늘 하시면 내일 아마 출고되실 거예요 회원님
AIHub_LowQualityPhoneVoice_valid__36044,2.7777777777777777,0.0,-2.7777777777777777,False,어 교재 만약에 앞에 사용해서 필기에 옮겨야 되는 부분 있으시면은,어 교재 만약에 앞에 사용해서 필기에 옮겨야 되는 부분이 있으시면은,어 교재 만약에 앞에 사용해서 필기에 옮겨야 되는 부분 있으시면은
AIHub_LowQualityPhoneVoice_valid__36050,15.0,0.0,-15.0,False,어 네 그럼 저희가 접수 도와드릴게요,예 어 네 그럼 저희가 접수 도와 드릴게요,어 네 그럼 저희가 접수 도와드릴게요
AIHub_LowQualityPhoneVoice_valid__36055,60.0,0.0,-60.0,False,책만 드리면 되나요,신만 들음 되네,책만 드리면 되나요
AIHub_LowQualityPhoneVoice_valid__36060,0.0,0.0,0.0,False,네 감사합니다,네 감사합니다,네 감사합니다
AIHub_LowQualityPhoneVoice_valid__36067,71.42857142857143,0.0,-71.42857142857143,False,네 알겠습니다,여행입니다,네 알겠습니다
AIHub_LowQualityPhoneVoice_valid__36075,20.689655172413794,0.0,-20.689655172413794,False,아 근데 그거 세 권 중에 두 권만 환불할 수 있어요,아 근데 그거 세 권 중에 두 권이면 한 번 할 수 있어요,아 근데 그거 세 권 중에 두 권만 환불할 수 있어요
AIHub_LowQualityPhoneVoice_valid__36082,16.666666666666664,2.7777777777777777,-13.888888888888886,False,그럼 그 교재만 반 그 교재 두 권만 반송해 주시면 될 것 같고요,그럼 그 교재는 반 그 교재 두 것만 반성해주시면 될 거 같구요,그럼 그 교재만 반 그 교재 두 권만 반송해 주시면 될 것 같구요
AIHub_LowQualityPhoneVoice_valid__36091,29.411764705882355,0.0,-29.411764705882355,False,네 문의 사항 말씀해 주시겠어요,네 문희가 말씀해주시겠어요,네 문의 사항 말씀해 주시겠어요
AIHub_LowQualityPhoneVoice_valid__36107,28.57142857142857,14.285714285714285,-14.285714285714285,False,네이버 닷 컴,네이버 컴,네이버 닷컴
AIHub_LowQualityPhoneVoice_valid__36109,14.285714285714285,0.0,-14.285714285714285,False,회원님 연락처랑 연락 가능한 시간대 따로 있으실까요,사실 연락처랑 연락 가능한 시간도 따로 있으실까요,회원님 연락처랑 연락 가능한 시간대 따로 있으실까요
AIHub_LowQualityPhoneVoice_valid__36117,16.666666666666664,16.666666666666664,0.0,False,그 그 이 핸드폰 말고,그 이 핸드폰 말고,그 이 핸드폰 말고
AIHub_LowQualityPhoneVoice_valid__36140,21.875,0.0,-21.875,False,어 회원님 그러면 추가로 정보 확인하고 저희가 도와드릴게요,어 회원님 그러면 추가로 정보하긴 하고 제가 도와드릴게요 예,어 회원님 그러면 추가로 정보 확인하고 저희가 도와드릴게요
AIHub_LowQualityPhoneVoice_valid__36149,7.5,0.0,-7.5,False,교재 잘못 배송된 게 확인돼가지고 저희가 이제 다시 보내드리려고 하거든요,교재에 닷목 배송된 게 확인돼가지고 저희가 이제 다시 보내드리려고 하거든요,교재 잘못 배송된 게 확인돼가지고 저희가 이제 다시 보내드리려고 하거든요
AIHub_LowQualityPhoneVoice_valid__36154,0.0,0.0,0.0,False,네 그리고 주소가 서울,네 그리고 주소가 서울,네 그리고 주소가 서울
AIHub_LowQualityPhoneVoice_valid__36161,15.384615384615385,0.0,-15.384615384615385,False,교재가 하나가 잘못 왔어,교재가 하나가 잘못됐어,교재가 하나가 잘못 왔어
AIHub_LowQualityPhoneVoice_valid__36179,10.526315789473683,7.894736842105263,-2.6315789473684204,False,어 어머니는 따로 이제 뭐 사용이 가능하시거나 그럴 것 같지 않으세요,어 네 어머니는 따로 이제 뭐 사용이 가능하시거나 그럴 거 같진 않으세요,어 네 어머니는 따로 이제 뭐 사용이 가능하시거나 그럴 것 같진 않으세요
AIHub_LowQualityPhoneVoice_valid__36182,0.0,0.0,0.0,False,아 그러면 제가 이렇게 기기를 따로 구입하고 그다음에,아 그러면 제가 이렇게 기기를 따로 구입하고 그다음에,아 그러면 제가 이렇게 기기를 따로 구입하고 그다음에
AIHub_LowQualityPhoneVoice_valid__36184,7.6923076923076925,0.0,-7.6923076923076925,False,그런 건 없으세요 전혀요,그런 건 없으세요 전혀야,그런 건 없으세요 전혀요
AIHub_LowQualityPhoneVoice_valid__36223,27.500000000000004,17.5,-10.000000000000004,False,위탁 확인해 보겠다고 했는데 혹시 위탁 장소를 확인 한 번 해 보셨을까요,위탁금 소모를 확인해보겠다고 했는데 혹시 위탁금 소모를 확인 한번 해보셨을까요,위탁 장소를 확인해보겠다고 했는데 혹시 위탁 장소를 확인 한번 해보셨을까요
AIHub_LowQualityPhoneVoice_valid__36225,11.11111111111111,3.7037037037037033,-7.407407407407407,False,그때 회원님 연락처로 다시 연락 한 번 드리겠다고,그때 혜연이 연락처로 다시 연락 한 번 드리겠다고,그때 회원님 연락처로 다시 연락 한번 드리겠다고
AIHub_LowQualityPhoneVoice_valid__36258,9.523809523809524,0.0,-9.523809523809524,False,반송 관련해서 안내를 드릴게요 잠시만요,단순 관련해서 안내를 드릴게요 잠시만요,반송 관련해서 안내를 드릴게요 잠시만요
AIHub_LowQualityPhoneVoice_valid__36268,40.0,0.0,-40.0,False,두 번째 문자는 택배 안에 동봉해야 될 메모 사항이세요,두 번째 회 안에 동공이한테 메모 사인이세요,두 번째 문자는 택배 안에 동봉해야 될 메모 사항이세요
AIHub_LowQualityPhoneVoice_valid__36275,37.93103448275862,10.344827586206897,-27.586206896551722,False,할 텐데 우선은 알림 수신 받고 연락을 주셔야 되세요,근데 우선은 알림 초심받고 열흘 내야 되세요,텐데 우선은 알림 수신받고 연락을 주셔야 되세요
AIHub_LowQualityPhoneVoice_valid__36279,0.0,0.0,0.0,False,드리는 게 아니라 저희도 교재 온 거에 대해서 검수를 해야 돼요,드리는 게 아니라 저희도 교재 온 거에 대해서 검수를 해야 돼요,드리는 게 아니라 저희도 교재 온 거에 대해서 검수를 해야 돼요
AIHub_LowQualityPhoneVoice_valid__36281,21.052631578947366,21.052631578947366,0.0,False,일단 알겠어 문자 보고 함 해볼게요,일단 알겠어 문자 보강해볼게요,일단 알겠어 문자 보도록 한번 해볼게요
AIHub_LowQualityPhoneVoice_valid__36284,44.827586206896555,10.344827586206897,-34.48275862068966,False,네 확인되셔서 저희 맞교환 재발송 접수해 드릴 건데요,매일 확인 되셔서 저희 맡겨 앉아 봐야 좀 접수해드릴 건데요,메일 확인되셔서 저희 맞교환 재발송 접수해드릴 건데요
AIHub_LowQualityPhoneVoice_valid__36292,18.181818181818183,18.181818181818183,0.0,False,그냥 그냥 살짝만 어,그냥 사 그냥 살짝만 어,그냥 자 그냥 살짝만 어
AIHub_LowQualityPhoneVoice_valid__36298,0.0,0.0,0.0,False,네 잠시만요,네 잠시만요,네 잠시만요
AIHub_LowQualityPhoneVoice_valid__36301,35.714285714285715,7.142857142857142,-28.571428571428573,False,네 회원님 저희 측에서는 지금 결제된 게 안 떠서요,네 어 네 혜연인 저의 책에서는 지금 결제 된 게 안 떠서요,어 네 회원님 저희 측에서는 지금 결제된 게 안 떠서요
AIHub_LowQualityPhoneVoice_valid__36326,5.128205128205128,2.564102564102564,-2.564102564102564,False,기간이 좀 오래 지나서 저희가 자세한 배송 상태를 확인하기가 어려워서요,기간이 좀 오래되 지나서 저희가 자세한 배송 상태를 확인할기가 어려워서요,기간이 좀 오래 지나서 저희가 자세한 배송 상태를 확인할기가 어려워서요
AIHub_LowQualityPhoneVoice_valid__36338,21.428571428571427,0.0,-21.428571428571427,False,아 익힘 아니 문학 투하고,아 익힌 아니 문학부하고,아 익힘 아니 문학 투하고
AIHub_LowQualityPhoneVoice_valid__36341,0.0,0.0,0.0,False,배송이 됐으면 똑같이 같이 배송이 되어야 되잖아요 근데 그거 없 그거와 상관없이 주문 날짜로 해서 이렇게 배송이 되는가 봐요,배송이 됐으면 똑같이 같이 배송이 되어야 되잖아요 근데 그거 없 그거와 상관없이 주문 날짜로 해서 이렇게 배송이 되는가 봐요,배송이 됐으면 똑같이 같이 배송이 되어야 되잖아요 근데 그거 없 그거와 상관없이 주문 날짜로 해서 이렇게 배송이 되는가 봐요
AIHub_LowQualityPhoneVoice_valid__36343,25.925925925925924,0.0,-25.925925925925924,False,저희가 아마 재발송으로 다시 도와드리려고 하거든요,저흰 아마 재발성으로 다시 좋아질려고 하거든요,저희가 아마 재발송으로 다시 도와드리려고 하거든요
AIHub_LowQualityPhoneVoice_valid__36366,30.0,0.0,-30.0,False,아니요 저희가 확인이 필요해서요 어머니 네 네 잠시만요,아니야 저희가 확인이 필요해서요 어머니 아 예 예예예예예 잠시만요,아니요 저희가 확인이 필요해서요 어머니 네 네 잠시만요
AIHub_LowQualityPhoneVoice_valid__36368,33.33333333333333,11.11111111111111,-22.222222222222218,False,네 어머니 저희 이거 출고 재발송 처리해 드렸고요,네 어머니 저 이거 출구정 빨리 좀 처리해드렸구요,네 어머니 저희 이거 출고 전 재발송 처리해드렸고요
AIHub_LowQualityPhoneVoice_valid__36377,20.0,0.0,-20.0,False,네 어머니 우선 제가 회원 정보 확인을 위해서,내 어머니 선생님은 회원 정보 확인을 위해서,네 어머니 우선 제가 회원 정보 확인을 위해서
AIHub_LowQualityPhoneVoice_valid__36378,12.5,3.125,-9.375,False,네 그 번호로 등록이 안 돼있을 텐데 제 번호로 등록했는데,네 그 번으로 등록이 안 되있을 텐데 제번으로 등록했는데,네 그 번호로 등록이 안 돼 있을 텐데 제 번호로 등록했는데
AIHub_LowQualityPhoneVoice_valid__36384,25.0,0.0,-25.0,False,네 어머니 저희,근데 어머니 저희,네 어머니 저희
AIHub_LowQualityPhoneVoice_valid__36394,17.391304347826086,13.043478260869565,-4.3478260869565215,False,잠시만요 어 교재 환불하실려고 하시는 거죠,잠시만요 교재 환불 하시려고 하시는 거죠,잠시만요 교재 환불하시려고 하시는 거죠
AIHub_LowQualityPhoneVoice_valid__36400,85.71428571428571,42.857142857142854,-42.857142857142854,False,부모님 부모님 계세요 옆에,돈 돈은 개비하였지,본 본인 계세요 옆에
AIHub_LowQualityPhoneVoice_valid__36416,45.714285714285715,31.428571428571427,-14.285714285714288,False,잠시만요 우선 이 공 이 일 고난도 비문학 기출 마스터 맞으시죠,하지만요 서원 이공일 고난도 비문학기출마 더 맛있어,잠시만요 이 공 이 일 고난도 비문학 기출만 더 알 수 있어
AIHub_LowQualityPhoneVoice_valid__36425,36.0,20.0,-16.0,False,네 이거 환불하시는 사유가 우선 어떻게 되세요,이거 선두부시는 사 월 말 우선 어떻게 되세요,이거 환불하시는 사유가 어떻게 되세요
AIHub_LowQualityPhoneVoice_valid__36447,0.0,0.0,0.0,False,방법이 없는 건가요,방법이 없는 건가요,방법이 없는 건가요
AIHub_LowQualityPhoneVoice_valid__36459,0.0,0.0,0.0,False,근데 혹시 누나가 문의를 해서 그게 된다 하면 제가 여기서 보내는 방법은 안 되는 건가요,근데 혹시 누나가 문의를 해서 그게 된다 하면 제가 여기서 보내는 방법은 안 되는 건가요,근데 혹시 누나가 문의를 해서 그게 된다 하면 제가 여기서 보내는 방법은 안 되는 건가요
AIHub_LowQualityPhoneVoice_valid__36477,25.806451612903224,0.0,-25.806451612903224,False,네 수 원하고 워크북 수 투하고 수 투 워크북까지 있는데,예 수원하고 워크복 수출하고 수출 워크복까지 있는데,네 수 원하고 워크북 수 투하고 수 투 워크북까지 있는데
AIHub_LowQualityPhoneVoice_valid__36481,7.4074074074074066,0.0,-7.4074074074074066,False,혹시 수학 투하고 수학 투 워크북은 받아보셨을까요,혹시 수학 투하고 수학 투 워크복은 받아 보셨을까요,혹시 수학 투하고 수학 투 워크북은 받아보셨을까요
AIHub_LowQualityPhoneVoice_valid__36492,3.3333333333333335,6.666666666666667,3.3333333333333335,False,아 네 알겠습니다 그러면 월요일까지 다시 기달려 볼게요,아 네 알겠습니다 그러면 월요일까지 다시 기다려 볼게요,아 네 알겠습니다 그러면 월요일까지 다시 기다려볼게요
AIHub_LowQualityPhoneVoice_valid__36503,19.51219512195122,0.0,-19.51219512195122,False,잠시만요 어머니 혹시 지금 구매하신 게 어떤 거세요 교재 말씀하시는 거세요,잠시만요 어머니 혹시 지금 구매하신 게 어떤 것이에요 교재 말씀하신 것 같으세요,잠시만요 어머니 혹시 지금 구매하신 게 어떤 거세요 교재 말씀하시는 거세요
AIHub_LowQualityPhoneVoice_valid__36505,16.666666666666664,0.0,-16.666666666666664,False,네 어머니 이거 결제 잘 되셨어요,네 어머니가 결제 잘 되셨어요,네 어머니 이거 결제 잘 되셨어요
AIHub_LowQualityPhoneVoice_valid__36512,66.66666666666666,0.0,-66.66666666666666,False,아 네 알겠습니다,아 네,아 네 알겠습니다
AIHub_LowQualityPhoneVoice_valid__36525,23.28767123287671,5.47945205479452,-17.80821917808219,False,아 이거 네 저희가 담당 부서 확인 후에 수요일날 이용하시게끔 도와드렸고요 네 회원님 제가 지금 문자 보내드렸어요 확인해 보시겠어요,그래서 저희가 담당부장 확인을 수요일 날 이용하시게끔 도와드렸고요 에이 형님 제가 지금 문자 보내드렸어요 확인해보시겠어요,그래서 네 저희가 담당 부서 확인 후에 수요일날 이용하시게끔 도와드렸고요 네 회원님 제가 지금 문자 보내드렸어요 확인해 보시겠어요
AIHub_LowQualityPhoneVoice_valid__36535,0.0,0.0,0.0,False,네 확인되셨어요,네 확인되셨어요,네 확인되셨어요
AIHub_LowQualityPhoneVoice_valid__36539,16.666666666666664,12.5,-4.166666666666664,False,환불을 받겠다 했어요 카드 결제를 하겠다 했,참포를 맞겠다 했어요 카드 결제를 하겠다 했,환불을 받겠다 했어요 카드 결제로 하겠다
AIHub_LowQualityPhoneVoice_valid__36540,44.44444444444444,22.22222222222222,-22.22222222222222,False,안된다 하더라고요,이런다 하드라구요,그랜다 하더라고요
AIHub_LowQualityPhoneVoice_valid__36549,17.857142857142858,0.0,-17.857142857142858,False,그래서 전화 결제 안 되냐 그랬더니 전화 결제를 뭐,그래서 전화 결제 안 되냐고 이제 전화 결제를 뭐,그래서 전화 결제 안 되냐 그랬더니 전화 결제를 뭐
AIHub_LowQualityPhoneVoice_valid__36550,17.24137931034483,6.896551724137931,-10.344827586206899,False,연결됐는데 그게 끊겼으면은 다시 와야 될 거 아니에요,그게 됐는데 그게 끊겼으면은 다 줘야 될 거 아니에요,연결됐는데 그게 끊겼으면은 다 줘야 될 거 아니에요
AIHub_LowQualityPhoneVoice_valid__36570,78.94736842105263,0.0,-78.94736842105263,False,회원님 생년월일 아 회원님 성함이랑,현이 아 현이 하 뻥 아미야,회원님 생년월일 아 회원님 성함이랑
AIHub_LowQualityPhoneVoice_valid__36574,23.076923076923077,7.6923076923076925,-15.384615384615383,False,네 회원님 메일보낸 시간대 한번 말씀해주시겠어요,네 혜연이 메일 보는 시간대 한 번 말씀해주시겠어요,네 회원님 메일 보낸 시간대 한번 말씀해 주시겠어요
AIHub_LowQualityPhoneVoice_valid__36578,6.666666666666667,0.0,-6.666666666666667,False,그 교재를 환불하려고 하는데,그 교대를 환불하려고 하는데,그 교재를 환불하려고 하는데
AIHub_LowQualityPhoneVoice_valid__36592,19.672131147540984,4.918032786885246,-14.754098360655739,False,아니 아니요 그 제 계정이 아니라 친구 계정인데 친구가 같이 주문을 해가지고 저한테 책을 주기로 한 게 있어서,아니 아니요 그 제 개론이 아니라 책임을 배웠는데 챙고가 같이 주문해가지고 저한테 책을 주기로 한 게 있어서,아니요 아니요 그 제 계정이 아니라 친구 계정인데 친구가 같이 주문해 가지고 저한테 책을 주기로 한 게 있어서
AIHub_LowQualityPhoneVoice_valid__36596,6.0606060606060606,6.0606060606060606,0.0,False,네 받았는데 지금 지금 배송이 오 아직 그 안 확인 제가 수령을 못 해가지고 수령하는 대로 보내드릴 수 있을 거 같애요,네 받았는데 지금 지금 배송이 아직 그 안 확인돼가 수령을 못 해가지고 수령하는 대로 보내드릴 수 있을 거 같애요,네 받았는데 지금 지금 배송이 오 아직 그 안 확인되가 수령을 못해가지고 수령하는 대로 보내드릴 수 있을 것 같애요
AIHub_LowQualityPhoneVoice_valid__36601,0.0,0.0,0.0,False,네 맞아요 아 네 받았어요,네 맞아요 아 네 받았어요,네 맞아요 아 네 받았어요
AIHub_LowQualityPhoneVoice_valid__36603,25.0,0.0,-25.0,False,카드 취소되나요,사주 취소되나요,카드 취소되나요
AIHub_LowQualityPhoneVoice_valid__36610,71.42857142857143,85.71428571428571,14.285714285714278,False,저희가 해당 부분 잠시만요,저희가 해당 부분 세주시 세드리고고 잠시만요,저희가 해당 부분 해 주시면 드릴 거고 잠시만요
AIHub_LowQualityPhoneVoice_valid__36612,40.0,10.0,-30.0,False,어 네 네이버 페이는 결제 수단에 아마 없을 거예요 뭐,어 네 네이버 포에는 절대 쓰던 애 아마 없으세요 뭐,어 네 네이버 파일은 결제 수단에 아마 없을 거예요 뭐
AIHub_LowQualityPhoneVoice_valid__36620,0.0,0.0,0.0,False,네 감사합니다,네 감사합니다,네 감사합니다
AIHub_LowQualityPhoneVoice_valid__36632,5.405405405405405,2.7027027027027026,-2.7027027027027026,False,그래서 이거 같은 경우에 회원님께서 교재를 반송을 해 주셔야 되세요,그래서 이거 같은 경우에 회사님께서 교재를 반송을 해주셔야 되세요,그래서 이거 같은 경우에 회원님께서 교재를 반송을 해주셔야 되세요
AIHub_LowQualityPhoneVoice_valid__36636,7.4074074074074066,0.0,-7.4074074074074066,False,네 회원님께서 말해주신 거 잠깐 정리를 해드릴게요,여회원님께서 말해주신 거 잠깐 정리를 해드릴게요,네 회원님께서 말해주신 거 잠깐 정리를 해드릴게요
AIHub_LowQualityPhoneVoice_valid__36640,0.0,0.0,0.0,False,네 확인되셨고 저희가 지금부터 일단 책이 아직 회원님이 받진 않으셨어요 근데 이제,네 확인되셨고 저희가 지금부터 일단 책이 아직 회원님이 받진 않으셨어요 근데 이제,네 확인되셨고 저희가 지금부터 일단 책이 아직 회원님이 받진 않으셨어요 근데 이제
AIHub_LowQualityPhoneVoice_valid__36642,12.5,12.5,0.0,False,네 확인되셨어요,예 확인되셨어요,예 확인되셨어요
AIHub_LowQualityPhoneVoice_valid__36653,0.0,9.090909090909092,9.090909090909092,False,문의사항 더 있으세요,문의사항 더 있으세요,문의 사항 더 있으세요
AIHub_LowQualityPhoneVoice_valid__36654,13.513513513513514,13.513513513513514,0.0,False,아 네네 그러면은 해당 아까 말씀해 주신 대로 반송해주시면 되시고요,아 네 네 그러면은 일단 아까 말씀해 주신 대로 반송해 주시면 되시구요,아 네 네 그러면은 일단 아까 말씀해 주신 대로 반송해 주시면 되시구요
AIHub_LowQualityPhoneVoice_valid__36671,0.0,0.0,0.0,False,아 그럼 받은 다음에 반품은 가능한가요,아 그럼 받은 다음에 반품은 가능한가요,아 그럼 받은 다음에 반품은 가능한가요
AIHub_LowQualityPhoneVoice_valid__36675,20.833333333333336,0.0,-20.833333333333336,False,어 이거는 탈퇴한 회원으로 나오는 나오시는데,어 이거는 탈퇴한 회원으로 나오는 나오는 수 있는데,어 이거는 탈퇴한 회원으로 나오는 나오시는데
AIHub_LowQualityPhoneVoice_valid__36688,0.0,0.0,0.0,False,배송비 차감이 또,배송비 차감이 또,배송비 차감이 또
AIHub_LowQualityPhoneVoice_valid__36702,6.896551724137931,5.172413793103448,-1.7241379310344822,False,지금 결제하실 때 신용카드 일부랑 이제 보너스 캐시라고 해서 저희 측에서 이제 무료로 제공해 드린 캐시로,금 결제하실 때 신용카드 일부랑 이제 보너스 캐시하고 해서 저희 측에서 이제 무료로 전공해드린 캐시로,지금 결제하실 때 신용카드 일부랑 이제 보너스 캐시하고 해서 저희 측에서 이제 무료로 적용해 드린 캐시로
AIHub_LowQualityPhoneVoice_valid__36723,15.789473684210526,7.894736842105263,-7.894736842105263,False,네 번째 지금 이 밑에 줄에 환불 안내라고 되어 있잖아요 그래서 지금,네 번째 제가 밑에 줄에 환불안내하고 되어 있잖아요 그래서 지금,네 번째 지금 밑에 줄에 환불 안내라고 되어있잖아요 그래서 지금
AIHub_LowQualityPhoneVoice_valid__36727,8.108108108108109,0.0,-8.108108108108109,False,어머니 저희가 이거 좀 확인 중에 있으니까 잠시만 기다려 주시겠어요,어머니 저희가 이거 좀 확인 중이 있으니까 잠시만 기다려주시겠구요,어머니 저희가 이거 좀 확인 중에 있으니까 잠시만 기다려 주시겠어요
AIHub_LowQualityPhoneVoice_valid__36736,15.887850467289718,1.8691588785046727,-14.018691588785046,False,복구 되신 캐시는 이제 뭐 언제든 필요하실 때 구매를 진행을 해주시면 되시는데 대신에 뭐 보너스 캐시로 이제 단과 강좌는 구매를 하실 수 있지만 어 교재 같은 건 구매가 어려우실 거예요 그래서,목구 대신 키시는 이 뭐 언제든 필요하실 때 구매를 진행을 해주시면 되시는데 대신에 뭐 버터스키씨로 이제 단가 왕좌는 구매를 하실 수 있지만 아무 어 교제 같은 거 구매가 어려우실 거에요 그래서,복구되신 캐시는 이게 뭐 언제든 필요하실 때 구매를 진행을 해주시면 되시는데 대신에 뭐 보너스 캐시로 이제 단과 강좌는 구매를 하실 수 있지만 어 교재 같은 건 구매가 어려우실 거예요 그래서
AIHub_LowQualityPhoneVoice_valid__36745,13.953488372093023,2.3255813953488373,-11.627906976744185,False,그 강좌가 이제 완강이 안 됐으니까 어 완강이 된 강좌는 없다고 보시면 되세요,그 강자가 이제 완강이 안 됐으니까 완강이 된 강자는 없다고 보시면 되지,그 강좌가 이제 완강이 안됐으니까 어 완강이 된 강좌는 없다고 보시면 되세요
AIHub_LowQualityPhoneVoice_valid__36749,28.57142857142857,7.142857142857142,-21.428571428571427,False,네네 성함이 어떻게 되세요,네 네 어머니 어떻게 되세요,네 네 성함이 어떻게 되세요
AIHub_LowQualityPhoneVoice_valid__36756,10.81081081081081,2.7027027027027026,-8.108108108108109,False,그거 교재 과목을 확통으로 했는데 기하로 해야 돼가지고 변경하려고요,이거 교재 과목을 학통으로 했는데 기아로 해야 돼가지고 변경하려고,그거 교재 과목을 학통으로 했는데 기하로 해야 돼가지고 변경하려고요
AIHub_LowQualityPhoneVoice_valid__36767,0.0,4.3478260869565215,4.3478260869565215,False,네 그걸로 되어 있으세요 어 뭐지 잠깐만요,네 그걸로 되어 있으세요 어 뭐지 잠깐만요,네 그걸로 되어있으세요 어 뭐지 잠깐만요
AIHub_LowQualityPhoneVoice_valid__36776,4.3478260869565215,2.1739130434782608,-2.1739130434782608,False,맨 밑에 보시면 수강기간 연장 안내랑 일시정지 안내가 두 개 다 나와 있기는 한데요,근데 밑에 보시면 수강기간 연장 안내랑 일시정지 안내가 두 개 다 나와 있기는 한데요,맨 밑에 보시면 수강기간 연장 안내랑 일시정지 안내가 두 개 다 나와있기는 한데요
AIHub_LowQualityPhoneVoice_valid__36783,1.694915254237288,1.694915254237288,0.0,False,찾 지금 찾아서 들어갈 수가 없어서 그 강좌를 어떻게 해야 될지 모르겠어요 아예 검색 자체가 안 되더라고요,찾 지금 찾아서 들어갈 수가 없어서 그 강좌를 어떻게 해야 될지가 모르겠어요 아예 검색 자체가 안 되더라고요,찾 지금 찾아서 들어갈 수가 없어서 그 강좌를 어떻게 해야 될지 모르겠어요 아예 검색 자체가 안되더라고요
AIHub_LowQualityPhoneVoice_valid__36787,20.833333333333336,2.7777777777777777,-18.055555555555557,False,제가 이거 일단은 연장 방법 제가 다시 한 번 체킹을 해볼 거고요 그 다음에 위에 있는 지금 강좌 패키지 같은 경우에는 제가 지금,제가 이거 일단은 연장병복사 다시 한번 패킹을 해 볼 거구요 그담에 위에 있는 지금 당자 패키지 같은 경우에는 제가 지금,제가 이거 일단은 연장 방법 제가 다시 한번 체킹을 해볼 거고요 그다음에 위에 있는 지금 강좌 패키지 같은 경우에는 제가 지금
AIHub_LowQualityPhoneVoice_valid__36823,26.31578947368421,0.0,-26.31578947368421,False,아 네 감사합니다 좋은 저녁 되세요,네 감사합니다 좋은 장애 때세요,아 네 감사합니다 좋은 저녁 되세요
AIHub_LowQualityPhoneVoice_valid__36830,11.538461538461538,11.538461538461538,0.0,False,아 저희 수업을 들어보니까 네 아니 없어도 될 거 같아가지고 안 들어도 될 거 같아가지고 네네,아 저희 수업을 들어보니까 예 아니 없애도 될 거 같애가지고 안 들어서 될 거 같애가지고 네,아 저희 수업을 들어보니까 예 예 아니 없어도 될 것 같아가지고 안 들어도 될 것 같아가지고 네
AIHub_LowQualityPhoneVoice_valid__36840,60.0,40.0,-20.0,False,체크 확통이랑 세계지리 랑 문학 이요,스펙 학교생이랑 공인이랑 문학이랑,세트 확통이랑 생일이랑 문학이요
AIHub_LowQualityPhoneVoice_valid__36842,175.0,100.0,-75.0,False,살려구요,로플레오 크루,로 할려고요
AIHub_LowQualityPhoneVoice_valid__36847,125.0,0.0,-125.0,False,문학이요,롱 하구야,문학이요
AIHub_LowQualityPhoneVoice_valid__36862,20.588235294117645,0.0,-20.588235294117645,False,저희 현금 환불 위해서 실례지만 제가 사유 하나 알 수 있나요,저희 현금원별 위해서 슬슬 제가 사유 하나 알 수 있나요,저희 현금 환불 위해서 실례지만 제가 사유 하나 알 수 있나요
AIHub_LowQualityPhoneVoice_valid__36863,11.11111111111111,0.0,-11.11111111111111,False,아 네 저희 환불 위해서 실례지만,아 네 저희 환불 위해서 수사지만,아 네 저희 환불 위해서 실례지만
AIHub_LowQualityPhoneVoice_valid__36872,7.6923076923076925,0.0,-7.6923076923076925,False,패스 환불에 대해서 이제,엑스 환불에 대해서 이제,패스 환불에 대해서 이제
AIHub_LowQualityPhoneVoice_valid__36900,12.5,12.5,0.0,False,있는데 저기 작년 수험표로 해가지고 할인을 안 받아가지고요,저 있는데 저기 작년 수험표도 해가지고 할인을 안 받아가지구요,수시 했는데 저기 작년 수험표로 해가지고 할인을 안 받아가지고요
AIHub_LowQualityPhoneVoice_valid__36906,6.451612903225806,3.225806451612903,-3.225806451612903,False,네 확인되셨고요 저희 신용카드 취소 관련해서 몇 가지 안내사항 드릴게요 일단 저희가 통화 끝나고 취소 접수는 바로 해드려요 근데 취소 접수는 바로바로 되는데 이 취소가 완벽하게 되실 때까지는 최대 두 시간이 걸릴 수 있어요,네 확인되셨고요 저희 신형카드 취소 관련해서 몇 가지 안내 사항 드리께요 일단 저희가 통화 끝나고 취소 접수는 바로 해드려요 네 취소 접수는 바로가 되는데 이 취소가 완벽하게 되실 때까지는 최대 두 시간이 걸릴 수 있어요,네 확인되셨고요 저희 신용카드 취소 관련해서 몇 가지 안내사항 드릴게요 일단 저희가 통화 끝나고 취소 접수는 바로 해드려요 네 취소 접수는 바로가 되는데 이 취소가 완벽하게 되실 때까지는 최대 두 시간이 걸릴 수 있어요
AIHub_LowQualityPhoneVoice_valid__36907,41.66666666666667,12.5,-29.16666666666667,False,그래서 두 시간 이후에 한번 확인해 주시고요,그래서 도시한테 의외 한 번 확인해주시구요,그래서 두 시간 뒤에 한번 확인해주시고요
AIHub_LowQualityPhoneVoice_valid__36912,20.0,20.0,0.0,False,이거 취소는 여기도 되는 거죠 일단은,최소는 여기도 되는 거죠 일단은,지금 취소는 여기서 되는 거죠 일단
AIHub_LowQualityPhoneVoice_valid__36936,0.0,0.0,0.0,False,원래 주소랑 그리고,원래 주소랑 그리고,원래 주소랑 그리고
AIHub_LowQualityPhoneVoice_valid__36943,34.48275862068966,3.4482758620689653,-31.034482758620694,False,예 회원님 혹시 어 취소하시려는 이유가 어떻게 되세요,이 수연이 혹시 어 최순호 수련 이유가 어떻게 되세요,네 회원님 혹시 어 취소하시려는 이유가 어떻게 되세요
AIHub_LowQualityPhoneVoice_valid__36961,10.227272727272728,5.681818181818182,-4.545454545454547,False,그거를 처음에 그래 갖고 그거를 왜 저희들 귀책사유로 이야기를 하셨는지 해가지고 확인을 하고 그러면은 뭐 배송비는 그러면은 차감 안 하는 걸로 해서 보내달라고,그거를 처음에 그래갖고 그거를 왜 저희들 기책사위로 이야기를 하시는지 해가지고 확인을 하고 그러면은 뭐 배송비는 그러면은 차가 말하는 걸로 해서 보내는다고,그거를 처음에 그래갖고 그거를 왜 저희들 기첵 사유로 이야기를 하시는지 해가지고 확인을 하고 그러면은 뭐 배송비는 그러면은 차감 안 하는 걸로 해서 보내달라고
AIHub_LowQualityPhoneVoice_valid__37006,12.903225806451612,12.903225806451612,0.0,False,어 일단 아버님 일단은 그 배송 지연에 대해서 지금 반송,어 해서 아버님 일단은 그 배송지연에 대해서 지인 반송,어 그래서 아버님 일단은 그 배송지연에 대해서 지금 반송
AIHub_LowQualityPhoneVoice_valid__37017,26.923076923076923,7.6923076923076925,-19.23076923076923,False,지금 제가 예정일을 안내를 다시 한 번 드릴게요,그 저는 제가 예정이를 안내를 다시 한번 드릴게요,지금은 제가 예정일을 안내를 다시 한번 드릴게요
AIHub_LowQualityPhoneVoice_valid__37022,35.294117647058826,14.705882352941178,-20.58823529411765,False,네네 알겠습니다 혹시 뭐 다른 문의 사항 없으시고요 감사합니다,네 네 알겠습니다 혹시 뭐 탐문 예 예 감사합니다,네 네 알겠습니다 혹시 더 한 번 문의 사항 없으시고요 감사합니다
AIHub_LowQualityPhoneVoice_valid__37024,26.923076923076923,19.230769230769234,-7.69230769230769,False,도서문화상품권하고 같이 쓸 수 있어요 결제할 때,그런 문화 상품권하고 에 같이 쓸 수 있어요 결제할 수,어떤 문화 상품권하고 같이 쓸 수 있어요 결제할 수
AIHub_LowQualityPhoneVoice_valid__37043,33.33333333333333,0.0,-33.33333333333333,False,아 네 알겠습니다,알에 알겠습니다,아 네 알겠습니다
AIHub_LowQualityPhoneVoice_valid__37060,17.77777777777778,4.444444444444445,-13.333333333333334,False,네 정보 확인감사드립니다 혹시 배송 배송지 여러 번 변경하신 이유 어떻게 되실까요,네 정박인 감사드립니다 혹시 배송 배송지 여러 번 변경하시니 어떻게 되실까요,네 정보 확인 감사드립니다 혹시 배송 배송지 여러 번 변경하신 이유는 어떻게 되실까요
AIHub_LowQualityPhoneVoice_valid__37064,25.0,3.571428571428571,-21.42857142857143,False,아 네 정보 확인 감사드립니다 차단 해제해 드렸고요,아 네 두 방인 동사드립니다 사단 해제해드렸구요,아 네 정보 확인 감사드립니다 차단 해제해드렸고요
AIHub_LowQualityPhoneVoice_valid__37065,12.5,12.5,0.0,False,이거 삭제 삭제해드려도 될까요,어 삭제 삭제해드려도 될까요,어 삭제 삭제해드려도 될까요
AIHub_LowQualityPhoneVoice_valid__37066,10.0,0.0,-10.0,False,아 네 삭제해주세요,아 네 삭제해 주세요,아 네 삭제해주세요
AIHub_LowQualityPhoneVoice_valid__37081,6.451612903225806,9.67741935483871,3.225806451612904,False,아 네 그럼 두 시간쯤 후에는 정상적으로 처리되실 거예요,아 네 그럼 두 시 한쯤 후에는 정상적으로 처리되실 거예요,아 네 그러면 두 시간째 후에는 정상적으로 처리되실 거예요
AIHub_LowQualityPhoneVoice_valid__37097,9.090909090909092,4.545454545454546,-4.545454545454546,False,받으시자마자 보내주시는 게 아무래도 반송에 무리 없이 이게 환불 가능하실 거고요,받으시자마자 보내주시는 게 아 아무래도 반송에 무리 없이 이제 환불 가능하실 거구요,받으시자마자 보내주시는 게 아무래도 반송이 무리 없이 이제 환불 가능하실 거고요
AIHub_LowQualityPhoneVoice_valid__37101,6.25,0.0,-6.25,False,이쪽으로 제가 문자 몇 통 보내드려도 될까요 반송 관련해서,이쪽으로 제가 문자 몇 통 보내 드려도 될까요 반성 관련해서,이쪽으로 제가 문자 몇 통 보내드려도 될까요 반송 관련해서
AIHub_LowQualityPhoneVoice_valid__37116,5.319148936170213,1.0638297872340425,-4.25531914893617,False,그쵸 처음에는 좀 다르게 안내를 받으셨어요 그냥 해당 금액 캐시로 이렇게 차감되는 걸로 안내를 받으셨는데 두 번째는 그냥 잔여 캐시해갖고 환불받는 걸로 받으신 거 같아요,저 처음에는 좀 다르게 안내를 받으셨어요 그냥 해당금에 캐시로 이렇게 차감되는 걸로 안내를 받으셨는데 두 번째는 그냥 잔여 캐시 해갖고 환불받는 걸로 받으신 거 같아요,그쵸 처음에는 좀 다르게 안내를 받으셨어요 그냥 해당 금액 캐시로 이렇게 차감되는 걸로 안내를 받으셨는데 두 번째는 그냥 잔여 캐시 해갖고 환불받는 걸로 받으신 거 같아요
AIHub_LowQualityPhoneVoice_valid__37121,6.382978723404255,0.0,-6.382978723404255,False,첫 번째 두 번째 방법 같은 경우에는 어 회원님께서 지금 사용하신 교재 캐시 있잖아요,첫번째 이번째 방법 같은 경우에는 어 회원님께서 지금 사용하신 교재 캐시 있잖아요,첫 번째 두 번째 방법 같은 경우에는 어 회원님께서 지금 사용하신 교재 캐시 있잖아요
AIHub_LowQualityPhoneVoice_valid__37139,0.0,0.0,0.0,False,아 네 알겠습니다,아 네 알겠습니다,아 네 알겠습니다
AIHub_LowQualityPhoneVoice_valid__37149,0.0,14.285714285714285,14.285714285714285,False,네 안녕하세요,네 안녕하세요,예 안녕하세요
AIHub_LowQualityPhoneVoice_valid__37161,0.0,0.0,0.0,False,오늘 결제하신 거죠,오늘 결제하신 거죠,오늘 결제하신 거죠
AIHub_LowQualityPhoneVoice_valid__37172,0.0,0.0,0.0,False,아니요 없습니다,아니요 없습니다,아니요 없습니다
AIHub_LowQualityPhoneVoice_valid__37174,0.0,14.285714285714285,14.285714285714285,False,네 고맙습니다,네 고맙습니다,예 고맙습니다
AIHub_LowQualityPhoneVoice_valid__37175,60.0,40.0,-20.0,False,그 아이를,으 아이를 알,그 아이를 알
AIHub_LowQualityPhoneVoice_valid__37178,0.0,5.714285714285714,5.714285714285714,False,그럼 이제 아이가 바로 저기 그 강의를 선택한 후에 사는 거예요,그럼 이제 아이가 바로 저기 그 강의를 선택한 후에 사는 거예요,그럼 이제 아이가 바로 저기 그 강의를 선택한 후에서 하는 거예요
AIHub_LowQualityPhoneVoice_valid__37210,24.242424242424242,3.0303030303030303,-21.21212121212121,False,배송비 차감이 되시는 거거든요 재결제를 하고 나면은 신용카드 결제 건에 대해서 전체 취소하는 식으로 도움을 드릴 거예요,배송비 차감이 배지는 거거든요 개그하고 나면은 이 신용카드 권에 대해서 전체 시소 하는 식으로 도움을 드릴 거에요,배송비 차감이 되시는 거거든요 재결제를 하고 나면은 이 신용카드 결제 건에 대해서 전체 취소하는 식으로 도움을 드릴 거예요
AIHub_LowQualityPhoneVoice_valid__37213,58.06451612903226,16.129032258064516,-41.935483870967744,False,저희가 그 해당되는 건에 대해서 이제 환불 진행 도와드릴,우리가 그 해당 시간권을 이제 대해서 환불 지는 좋았,저희가 그 해당 xx 에 대해서 이제 환불 진행 도와드
AIHub_LowQualityPhoneVoice_valid__37218,13.793103448275861,3.4482758620689653,-10.344827586206897,False,그 어제 말씀해 주셨는데 제가 어딨는지 못 찾았거든요,그 어제 말씀 해도 되었는데 제가 어딨는지 못 찾았거든요,그 어제 말씀해주셨는데 제가 어딨는지 못 찾았거든요
AIHub_LowQualityPhoneVoice_valid__37227,8.16326530612245,0.0,-8.16326530612245,False,아 네 확인 감사드립니다 회원님 신용카드로 결제하셔서 신용카드로 취소가 되실 예정이시고요,네 확인 감사 드립니다 회원님 신용카드로 결제하셔서 신용카드로 취소가 되실 예정이시구요,아 네 확인 감사드립니다 회원님 신용카드로 결제하셔서 신용카드로 취소가 되실 예정이시고요
AIHub_LowQualityPhoneVoice_valid__37234,600.0,900.0,300.0,False,어,어 하나 보기,어 하나 공 칠이요
AIHub_LowQualityPhoneVoice_valid__37255,40.0,4.0,-36.0,False,그거 결제하고 그러면 다시 어 연락드리겠습니다,뭐 결제하고 들어오면 아시 그 연락드리게 된다,그거 결제하고 그러면 다시 그 연락드리겠습니다
AIHub_LowQualityPhoneVoice_valid__37259,6.666666666666667,0.0,-6.666666666666667,False,네 그러면 내일 연락드릴게요,네 그러면 내일 연락 드릴게요,네 그러면 내일 연락드릴게요
AIHub_LowQualityPhoneVoice_valid__37268,0.0,0.0,0.0,False,아 바탕이 아니라 본바탕을 샀었는데요,아 바탕이 아니라 본바탕을 샀었는데요,아 바탕이 아니라 본바탕을 샀었는데요
AIHub_LowQualityPhoneVoice_valid__37280,11.11111111111111,0.0,-11.11111111111111,False,회원님 그 배송비 배송비 있으시잖아요 배송비가 회차마다 나갈 때마다 차감이 되세요,아니 그 배송비 배송비 있으시잖아요 배송비가 회차마다 나갈 때마다 사감이 드세요,회원님 그 배송비 배송비 있으시잖아요 배송비가 회차마다 나갈 때마다 차감이 되세요
AIHub_LowQualityPhoneVoice_valid__37284,3.571428571428571,0.0,-3.571428571428571,False,아 배송이 세 번 나갔어요 총 세 번이 나가셨거든요,아 배송미 세 번 나갔어요 총 세 번이 나가셨거든요,아 배송이 세 번 나갔어요 총 세 번이 나가셨거든요
AIHub_LowQualityPhoneVoice_valid__37294,21.052631578947366,10.526315789473683,-10.526315789473683,False,아니 지금 화학을 하려고 그러는데요,아니 지금 화학을 할려 그러는 데야,아니 지금 화학을 할려 그러는데요
AIHub_LowQualityPhoneVoice_valid__37300,4.545454545454546,4.545454545454546,0.0,False,베테랑의 기출 변형은 문제만 있는 거예요,배테랑의 기출 변형은 문제만 있는 거예요,배테랑의 기출 변형은 문제만 있는 거예요
AIHub_LowQualityPhoneVoice_valid__37318,13.286713286713287,1.3986013986013985,-11.888111888111888,False,어 잠시만요 일단 제가 학교명을 한번 조회를 해드릴게요 아 네 확인되셨고요 저희 지금부터 신용카드 취소 관련해서 몇 가지 안내사항 드릴게요 일단 이거 같은 경우에 지금 취소 접수를 통화 끝나고 바로 해드려요 근데 취소가 완전히 되기까지는 두 시간이 걸리세요,어 잠시만요 일단 저 학교업명을 한번 조율을 해드릴게요 아니 확인되셨고요 저희 지금부터 시흥 가득 취소 관련해서 몇 가지 안내 사는 드리께요 일단 이거 할 경우에 지금 취소 접수를 통한 끝나고 바로 해드려요 근데 취소가 완전히 되기까지는 두 시간이 걸리세요,어 잠시만요 일단 제가 학교명을 한번 조회를 해드릴게요 아 네 확인되셨고요 저희 지금부터 신용카드 취소 관련해서 몇 가지 안내 사항 드릴게요 일단 이거 같은 경우에 지금 취소 접수를 통한 끝나고 바로 해드려요 근데 취소가 완전히 되기까지는 두 시간이 걸리세요
AIHub_LowQualityPhoneVoice_valid__37357,24.050632911392405,3.79746835443038,-20.253164556962027,False,아 네 본인 확인 감사합니다 저희 결제 시 제공된 카드사 혜택은 카드사 측으로 결제 확인 부탁드리고요 체크카드의 경우 입금 전 최대 일주일까지,아 네 본인하긴 감사합니다 저희 결제 시 제공된 카드 사회 때에는 카드 사 쪽으로 벌자 하긴 부탁드리구요 세크카드의 경우 임금 전체대 일주일까지,아 네 본인 확인 감사합니다 저희 결제 시 제공된 카드사 혜택은 카드사 측으로 별도 확인 부탁드리구요 체크카드의 경우 입금 전 최대 일주일까지
AIHub_LowQualityPhoneVoice_valid__37366,93.75,0.0,-93.75,False,전화 끊어주시면 되세요 회원님,너 주심 되세요 네 전화 끊어주시면 되세요 해 언니,전화 끊어주시면 되세요 회원님
AIHub_LowQualityPhoneVoice_valid__37370,26.47058823529412,5.88235294117647,-20.58823529411765,False,말씀해 주시면은 저희가 한번 조회해 드릴게요 말씀 가능하실까요,라이스면 주시면은 저희가 한번 조회해 드리께요 라이슨 가능하실까요,말씀해주시면은 저희가 한번 조회해드릴게요 말씀 가능하실까요
AIHub_LowQualityPhoneVoice_valid__37373,166.66666666666669,266.66666666666663,99.99999999999994,False,말고요,아 예 어,반송 완료 건 말고요
AIHub_LowQualityPhoneVoice_valid__37378,6.024096385542169,2.4096385542168677,-3.6144578313253013,False,네 네 그래서 만약에 이거 어 아직 입금 중인 상태세요 그래서 굳이 막 엄청 필요한 게 아니시면은 저희 쪽에서 취소해 드릴 수 있는데 취소해 드릴까요,네 네 그래서 만약에 이거 어 아직 입금신이 상태세요 그래서 굳이 막 엄청 필요한 게 아니시면은 저희 쪽에서 취소해드릴 수 있는데 취소해드릴까요,네 네 그래서 만약에 이거 어 아직 입금 중인 상태세요 그래서 굳이 막 엄청 필요한 게 아니시면은 저희 쪽에서 취소해드릴 수 있는데 취소해드릴까요
AIHub_LowQualityPhoneVoice_valid__37380,8.823529411764707,11.76470588235294,2.9411764705882337,False,네 네 그거는 저희가 지금 아직 확정해서 말씀드릴 수는 없어요,네 네 그거는 저희가 지금 아직 확정해서 말씀드릴 순 없어,네 네 그거는 저희가 지금 아직 확정해서 말씀드릴 순 없
AIHub_LowQualityPhoneVoice_valid__37381,15.909090909090908,15.909090909090908,0.0,False,아 그러면 혹시 그 배송 주소 어디로 돼있는지만 한 번 다시 확인할 수 있을까요,아 그럼 혹시 그 배송지수 어디로 돼 있는지는 한 번 다시 확인할 수 있을까요,아 그럼 혹시 그 배송 주소 어디로 된 지가 한번 다시 확인할 수 있을까요
AIHub_LowQualityPhoneVoice_valid__37387,40.0,33.33333333333333,-6.666666666666671,False,이거 전체 취소 도와드릴까요,이거 전체 취소 받으면 되나요,이거 전체 취소 도와드리면 되나요
AIHub_LowQualityPhoneVoice_valid__37397,50.0,16.666666666666664,-33.333333333333336,False,아 잠시만요,어 잠시만요 네,어 잠시만요
AIHub_LowQualityPhoneVoice_valid__37399,33.33333333333333,25.0,-8.333333333333329,False,그래서 저희가 재발송 접수를 해드리고 있어요,저희가 이번에 개발성 접수를 해드리고 있어요,네 저희가 이거 재발송 접수를 해드리고 있어요
AIHub_LowQualityPhoneVoice_valid__37407,38.88888888888889,0.0,-38.88888888888889,False,아 네 그럼 맞교환 가능하신 거죠,근데 아 네 그럼 막 대항 가능하신 거죠,아 네 그럼 맞교환 가능하신 거죠
AIHub_LowQualityPhoneVoice_valid__37419,11.76470588235294,0.0,-11.76470588235294,False,그러세요 회원님 그 지금 상품 준비 중이어서 취소 가능하신데요,그러세요 회장님 그 지금 상품 준비 중이어서 시도 가능하신대요,그러세요 회원님 그 지금 상품 준비 중이어서 취소 가능하신데요
AIHub_LowQualityPhoneVoice_valid__37421,23.52941176470588,17.647058823529413,-5.8823529411764675,False,혹시 다른 문의사항도 있으실까요,혹시 다른 상황도 있으실까요,혹시 다른 문의 사항 또 있으실까요
AIHub_LowQualityPhoneVoice_valid__37442,0.0,0.0,0.0,False,아니요 없어요,아니요 없어요,아니요 없어요
AIHub_LowQualityPhoneVoice_valid__37443,29.411764705882355,0.0,-29.411764705882355,False,네 감사합니다 좋은 하루 되세요,네 감사합니다 전화로 되세요,네 감사합니다 좋은 하루 되세요
AIHub_LowQualityPhoneVoice_valid__37445,0.0,0.0,0.0,False,아 잠깐만요,아 잠깐만요,아 잠깐만요
AIHub_LowQualityPhoneVoice_valid__37447,6.896551724137931,3.4482758620689653,-3.4482758620689653,False,보내주신 보내주셨던 그거 정보 다시 말씀해 주시겠어요,보내주신 보내 주셨던 그거 정보 다시 말씀해주시겠어요,보내주신 보내주셨던 그거 정보 다시 말씀해주시겠어요
AIHub_LowQualityPhoneVoice_valid__37449,8.333333333333332,8.333333333333332,0.0,False,보내주신 교재에 그 잘못됐다는 정보 다시 한 번 말씀해 주시겠어요,보내주신 조제에 그 잘못됐다는 정보 다시 한 번 말씀해주시겠어요,보내주신 교재 그 잘못됐다는 정보 다시 한번 말씀해주시겠어요
AIHub_LowQualityPhoneVoice_valid__37461,76.92307692307693,30.76923076923077,-46.15384615384616,False,세트 봤는데 어 잠시만요,어 그게 없는데 어 그게 없냐,세트 봤는데 어 종료인이요
AIHub_LowQualityPhoneVoice_valid__37462,4.761904761904762,0.0,-4.761904761904762,False,아 네 확인 감사드립니다 오늘 구매하신,아 네 확인 감사 드립니다 오늘 구매하신,아 네 확인 감사드립니다 오늘 구매하신
AIHub_LowQualityPhoneVoice_valid__37482,0.0,0.0,0.0,False,아 네 알겠습니다 최대한 빨리 확인해서 연락드릴게요,아 네 알겠습니다 최대한 빨리 확인해서 연락드릴게요,아 네 알겠습니다 최대한 빨리 확인해서 연락드릴게요
AIHub_LowQualityPhoneVoice_valid__37500,5.970149253731343,0.0,-5.970149253731343,False,장바구니에 담으시는 게 아니시고요 그 파란 색깔 패스 수강 버튼을 클릭을 해주셔야 되세요 장바구니에 담으시는 게 아니세요,장바구니에 담아시는 게 아니시구요 그 파란 색깔 패스 수건 버튼을 클릭을 해주셔야 되세요 장바구니에 담아시는 게 아니세요,장바구니에 담으시는 게 아니시고요 그 파란 색깔 패스 수강 버튼을 클릭을 해주셔야 되세요 장바구니에 담으시는 게 아니세요
AIHub_LowQualityPhoneVoice_valid__37504,15.789473684210526,10.526315789473683,-5.2631578947368425,False,어 저희가 보통 쪽으로는 이제 교재,어 저희가 보통적으로는 이제 교제,어 저희가 보통적으로는 이제 교재
AIHub_LowQualityPhoneVoice_valid__37505,27.27272727272727,9.090909090909092,-18.18181818181818,False,아 아 네 알겠습니다,어 네 알겠습니다,아 어 네 알겠습니다
AIHub_LowQualityPhoneVoice_valid__37515,22.22222222222222,0.0,-22.22222222222222,False,아 네 감사합니다,네 감사합니다,아 네 감사합니다
AIHub_LowQualityPhoneVoice_valid__37521,24.137931034482758,0.0,-24.137931034482758,False,잠시만 기다려주세요 네 회원님 기다려주셔서 감사합니다,정신만 기다려주세요 네 혜연인 기다려서 감사합니다,잠시만 기다려주세요 네 회원님 기다려주셔서 감사합니다
AIHub_LowQualityPhoneVoice_valid__37530,24.137931034482758,17.24137931034483,-6.896551724137929,False,아 예 제가 저희 아이가 군대에 지금 근무 중이거든요,아예 제가 저희 아이가 군대 이제 근무대 이기거든요,아 예 제가 저희 아이가 군대 이제 근무적이거든요
AIHub_LowQualityPhoneVoice_valid__37533,8.333333333333332,0.0,-8.333333333333332,False,네 잠시만 기다려주세요,네 잠시만 기다려 주세요,네 잠시만 기다려주세요
AIHub_LowQualityPhoneVoice_valid__37536,0.0,0.0,0.0,False,네 감사합니다,네 감사합니다,네 감사합니다
AIHub_LowQualityPhoneVoice_valid__37542,14.285714285714285,14.285714285714285,0.0,False,근데 제가 그걸 사고 금액이 모지라서 더 샀었거든요,근데 제가 그거를 하고 금액이 모자라서 더 샀었거든요,근데 제가 그거를 하고 금액이 모자라서 더 샀었거든요
AIHub_LowQualityPhoneVoice_valid__37545,41.30434782608695,8.695652173913043,-32.60869565217391,False,일단은 그거 확인은 해봐야 되는데 혹시 그거 언제쯤 상담받으셨나요 환불 가능하시다고,국자는 해야 되는 해봐야 되는데 혹시 그거 언제쯤 상담받아 주는 거야 뭐 환불 가능하시나,일단은 이거 확인을 해봐야 되는데 혹시 그거 언제쯤 상담받으셨나요 환불 가능하시나요
AIHub_LowQualityPhoneVoice_valid__37584,27.27272727272727,0.0,-27.27272727272727,False,네 아 그러면 그냥 전액 환불되는 건가요,네 아 그러면 그냥 전에 콘도 되는 건데,네 아 그러면 그냥 전액 환불되는 건가요
AIHub_LowQualityPhoneVoice_valid__37586,28.57142857142857,0.0,-28.57142857142857,False,네 알겠습니다,알겠습니다,네 알겠습니다
AIHub_LowQualityPhoneVoice_valid__37598,50.0,36.36363636363637,-13.636363636363633,False,네 그니까 취소는 해드리는 현금으로 환불,에 그니까 취소는 해드리는 건데 현금으로 한 벌 대화임,네 그니까 취소는 해드리는 건데 현금으로 환불 되어있는
AIHub_LowQualityPhoneVoice_valid__37599,0.0,0.0,0.0,False,지금 이제 패스가 이용권이 끝났잖아요,지금 이제 패스가 이용권이 끝났잖아요,지금 이제 패스가 이용권이 끝났잖아요
AIHub_LowQualityPhoneVoice_valid__37615,0.0,13.043478260869565,13.043478260869565,False,근데 이거 저 뭐야 학교에다 제출해야 돼서,근데 이거 저 뭐야 학교에다 제출해야 돼서,근데 이거 이제 뭐야 학교에서 제출해야 돼서
AIHub_LowQualityPhoneVoice_valid__37623,23.809523809523807,9.523809523809524,-14.285714285714283,False,제가 그때 제 통장에다 입금을 했거든요,내가 그때 저 통닭 입금을 했거든요,제가 그때 제가 통장에 입금을 했거든요
AIHub_LowQualityPhoneVoice_valid__37630,3.7037037037037033,3.7037037037037033,0.0,False,네 그동안 회 회원님께서 결제하셨던 그 주 그 내역들이 다 조회가 돼요 근데 지금 현재는 조회 기간이 짧게 되어 있을 거기 때문에 설정을 해주시고,네 그동안은 회원님께서 결제하셨던 그 조 그 내역들이 다 조회가 돼요 근데 지금 현재는 조회 기간이 짧게 되어 있을 거기 때문에 설정을 해주시고,네 그동안은 회원님께서 결제하셨던 그 조 그 내역들이 다 조회가 돼요 근데 지금 현재는 조회 기간이 짧게 되어 있을 거기 때문에 설정을 해주시고
AIHub_LowQualityPhoneVoice_valid__37651,75.0,0.0,-75.0,False,캐시 환불하려고 하는데,제시어 한류 할려고 합니다,캐시 환불하려고 하는데
AIHub_LowQualityPhoneVoice_valid__37652,38.23529411764706,8.823529411764707,-29.41176470588235,False,환불하시는 사유는 사유는 사용 계획이 없어서 환불하시는 건가요,험불어진 사회는 사회는 사용되어 없어서 험불어지는 건가요,환불하시는 사유는 사유는 사용 대기 없어서 환불하시는 건가요
AIHub_LowQualityPhoneVoice_valid__37654,75.0,0.0,-75.0,False,결제를 했는데요,둘 대별 힘든데요,결제를 했는데요
AIHub_LowQualityPhoneVoice_valid__37659,0.0,0.0,0.0,False,아 네 알겠습니다,아 네 알겠습니다,아 네 알겠습니다
AIHub_LowQualityPhoneVoice_valid__37662,10.526315789473683,0.0,-10.526315789473683,False,네 확인되셨고요 잠시만 기다려주세요,네 확인 되셨구요 잠시만 기다려주세요,네 확인되셨고요 잠시만 기다려주세요
AIHub_LowQualityPhoneVoice_valid__37676,0.0,0.0,0.0,False,네 잠시만 기다려주세요,네 잠시만 기다려주세요,네 잠시만 기다려주세요
AIHub_LowQualityPhoneVoice_valid__37677,12.5,25.0,12.5,False,요거 카드는 변경하시는 걸까요,요거 카드를 전경하시는 걸까요,요거 기타 카드를 변경하시는 걸까요
AIHub_LowQualityPhoneVoice_valid__37680,31.25,0.0,-31.25,False,인하가 적용되진 않으실 거세요,이나가 적용되진 않으실 거 같애,인하가 적용되진 않으실 거세요
AIHub_LowQualityPhoneVoice_valid__37692,3.7735849056603774,1.8867924528301887,-1.8867924528301887,False,아 네 어차피 이 학년 거를 하고 있어서 지금 수강은 상관없지 않을까요 아직 기한이 남아 있어서,아 근데 어차피 이 학년 거를 하고 있어서 지금 수강은 상관없지 않을까요 아직 기한이 남아 있어서,아 네 어차피 이 학년 거를 하고 있어서 지금 수강은 상관없지 않을까요 아직 기한이 남아있어서
AIHub_LowQualityPhoneVoice_valid__37698,12.244897959183673,6.122448979591836,-6.122448979591836,False,전혀 사용하지 않으신 지금 같은 지 미사용 상태시면은 언제 문의 주셔도 환불은 가능하세요,전혀 사용하지 않으신 지금 같은 지 미사 이용 상태이시면은 언제 문의 주셔도 공부를 가능하세요,전혀 사용하지 않으신 지금 같은 이제 미사용 상태시면은 언제 문의주셔도 환불은 가능하세요
AIHub_LowQualityPhoneVoice_valid__37699,10.0,8.0,-2.0,False,아 그게 뭐 이달 안에 아 그니까 다음 달에 아 어차피 이달까지죠 이 월 아 네 알겠습니다,아 그게 뭐 이달 안에 아 그니까 다음 달이 아 어쨌든 이달까지죠 이었 아 네 알겠습니다,아 그게 뭐 이달 안에 아니 그니까 다음 달이 아 어쨌든 이달까지죠 이 월 아 네 알겠습니다
AIHub_LowQualityPhoneVoice_valid__37700,0.0,0.0,0.0,False,네 감사합니다,네 감사합니다,네 감사합니다
AIHub_LowQualityPhoneVoice_valid__37736,27.77777777777778,11.11111111111111,-16.666666666666668,False,아 예 금 일단 그냥 취소해주세요,아예 그 일단 주행을 취소해주세요,아 예 그럼 일단 그냥 취소해주세요
AIHub_LowQualityPhoneVoice_valid__37741,12.299465240641712,8.02139037433155,-4.2780748663101615,False,그래서 저희가 일단은 태블릿이 출고됐는지 안 됐는지 확인 후에 제가 다시 연락드려서 환불 도와드릴게요 어머니 아 오늘 다시 결제하신다고요 네 근데 일단은 취소하시고 다시 결제하시는 부분이라 상품 자체가 이제 다 다른 상품으로 구매하시는 거라서 그래서 일단은 저희가 이 기기가 출고됐는지 안 됐는지 확인 후에 바로 연락드릴 거예요 어머니,그래서 저희가 일단은 태블릿이 초고 됐는지 안 됐는지 확인 후에 저희가 다시 연락 드려서 험벌 도와드릴게요 어머니 아 오늘 다시 결제하신다구요 네 네 일단은 취소하시고 다시 결제하시는 부분이라 상품 접시를 바 다른 상품으로 구매하시는 거라서 그래서 일단은 저희가 이 기기가 초고 됐는지 안 됐는지 확인 후에 바로 연락 드릴까요 어머니,그래서 저희가 일단은 태블릿이 출고되는지 안 되는지 확인 후에 저희가 다시 연락드려서 환불 도와드릴게요 어머니 아 오늘 다시 결제하신다고요 네 네 일단은 취소하시고 다시 결제하시는 부분이라 상품 접수가 다른 상품으로 구매하시는 거라서 그래서 일단은 저희가 이 기기가 출고되는지 안 되는지 확인 후에 바로 연락드릴 거예요 어머니
AIHub_LowQualityPhoneVoice_valid__37746,22.22222222222222,5.555555555555555,-16.666666666666664,False,아 그러신가 회원님 죄송하지만 저희가 환불 같은 경우에는 본인이 문의를 주셔야만 환불이 가능하세요,아 그러신가 선생님 죄송하지만 제가 환물 같은 경우에는 본인이 문의를 뒤져야 하는 문이 가능하세요,아 그러신가요 회원님 죄송하지만 제가 환불 같은 경우에는 본인이 문의를 주셔야만 환불이 가능하세요
AIHub_LowQualityPhoneVoice_valid__37749,16.666666666666664,10.0,-6.666666666666664,False,어 어 변경해서 배 다시 따른 걸로 살 거 같아가지고요,어 어 변경에서 되 다시 다른 걸로 살 거 같애가지구요,어 어 변경해서 제 다시 다른 걸로 살 것 같아가지고요
AIHub_LowQualityPhoneVoice_valid__37756,7.4074074074074066,0.0,-7.4074074074074066,False,네 잠시만 기다려주세요 아 어 잠시만 기다려주세요,네 조지만 기다려주세요 아 어 잠시만 기다려주세요,네 잠시만 기다려주세요 아 어 잠시만 기다려주세요
AIHub_LowQualityPhoneVoice_valid__37763,37.5,0.0,-37.5,False,무통장 입금 말씀하시는 거세요,무조건 장입금 말씀하시는 것에여,무통장 입금 말씀하시는 거세요
AIHub_LowQualityPhoneVoice_valid__37767,0.0,0.0,0.0,False,뭐 무료 뭐 배송 무료 쿠폰인가 뭐 그거 준다고,뭐 무료 뭐 배송 무료 쿠폰인가 뭐 그거 준다고,뭐 무료 뭐 배송 무료 쿠폰인가 뭐 그거 준다고
AIHub_LowQualityPhoneVoice_valid__37771,21.428571428571427,14.285714285714285,-7.142857142857142,False,네 군 잠시만 기다려주세요,야 고민 잠시만 기다려주세요,네 구매 잠시만 기다려주세요
AIHub_LowQualityPhoneVoice_valid__37775,37.93103448275862,10.344827586206897,-27.586206896551722,False,음 근데 그니까 제가 그걸 송금으로 하면 안 되냐고요,근데 근데 제가 그걸 송범호랑 안 되냐고요,음 근데 그니까 제가 그걸 송금을 하면 안되냐고요
AIHub_LowQualityPhoneVoice_valid__37785,13.88888888888889,5.555555555555555,-8.333333333333334,False,네 네 그럼 다른 거는 뭐 추 뭐 추가 할인 그런 건 없다는 거죠,네 네 그럼 다른 거는 뭐 뭐 추가할인 그런 건 없다는 거에요,네 네 그럼 다른 거는 뭐 뭐 추가 할인 그런 건 없다는 거죠
AIHub_LowQualityPhoneVoice_valid__37792,18.51851851851852,0.0,-18.51851851851852,False,네 환불 요청하시는 정확한 사유는 어떻게 되실까요,네 황후유 청하씨는 정확한 사유는 어떻게 되실까요,네 환불 요청하시는 정확한 사유는 어떻게 되실까요
AIHub_LowQualityPhoneVoice_valid__37804,0.0,0.0,0.0,False,그렇게 되면 고 전에 그,그렇게 되면 고 전에 그,그렇게 되면 고 전에 그
AIHub_LowQualityPhoneVoice_valid__37840,0.0,0.0,0.0,False,아 그래요 그래요,아 그래요 그래요,아 그래요 그래요
AIHub_LowQualityPhoneVoice_valid__37850,24.242424242424242,21.21212121212121,-3.030303030303031,False,아니면 직원을 좀 충원을 하시든지 그 전화가 바로바로 돼야지,아니면 직원을 좀 수원을 하시든지 이게 전화가 바로 가로되어야,아니면 직원을 지금 출근을 하시든지 이게 전화가 바로 바로 돼야지
AIHub_LowQualityPhoneVoice_valid__37856,18.181818181818183,0.0,-18.181818181818183,False,네 네 네 감사합니다,네 네 감사합니다,네 네 네 감사합니다
AIHub_LowQualityPhoneVoice_valid__37863,41.66666666666667,0.0,-41.66666666666667,False,컴퓨터가 지금 이상해서,컴퓨터가 지금 이사는 했어,컴퓨터가 지금 이상해서
AIHub_LowQualityPhoneVoice_valid__37875,85.71428571428571,0.0,-85.71428571428571,False,본인 맞으시죠,본인 말이야 진짜,본인 맞으시죠
AIHub_LowQualityPhoneVoice_valid__37878,66.66666666666666,0.0,-66.66666666666666,False,좋은 하루 되세요,오늘은 계세요,좋은 하루 되세요
AIHub_LowQualityPhoneVoice_valid__37885,0.0,0.0,0.0,False,감사합니다 좋은 하루 보내세요,감사합니다 좋은 하루 보내세요,감사합니다 좋은 하루 보내세요
AIHub_LowQualityPhoneVoice_valid__37887,33.33333333333333,0.0,-33.33333333333333,False,네 여보세요,안데 여보세요,네 여보세요
AIHub_LowQualityPhoneVoice_valid__37888,11.76470588235294,5.88235294117647,-5.88235294117647,False,예 지금 결제를 할려고 하는데요,네 지금 결제를 할려고 하는 데요,네 지금 결제를 할려고 하는데요
AIHub_LowQualityPhoneVoice_valid__37889,0.0,0.0,0.0,False,결제를 할려고 하는데,결제를 할려고 하는데,결제를 할려고 하는데
AIHub_LowQualityPhoneVoice_valid__37892,9.75609756097561,4.878048780487805,-4.878048780487805,False,이게 딱 보니까 뭐 이 페이스북 해가지고 간편결제 있고 기타 결제가 있는데,이게 딱 보니까 뭐 여 페이스북 해가지고 간편 결제했고 기타 결제가 있는데,이게 딱 보니까 뭐 요 페이스북 해가지고 간편 결제 있고 기타 결제가 있는데
AIHub_LowQualityPhoneVoice_valid__37921,11.428571428571429,14.285714285714285,2.857142857142856,False,아 제가 사실은 요기를 잘 못 찾아가지고 전화 드린 것도 있는데,아 제가 사실은 요필이 줄 잘 못 찾아가지고 전화 드린 것도 있는데,아 제가 사실은 여기 일을 잘 못 찾아가지고 전화드린 것도 있는데
AIHub_LowQualityPhoneVoice_valid__37923,13.88888888888889,0.0,-13.88888888888889,False,우선은 저희가 원칙적 저희가 유선상으로 받는 건 없어서요 혹시라도,우선은 저희가 원칙적 저희가 이수한 상으로 받는 건 없어서야 혹시라도,우선은 저희가 원칙적 저희가 유선상으로 받는 건 없어서요 혹시라도
AIHub_LowQualityPhoneVoice_valid__37925,0.0,0.0,0.0,False,네 감사합니다,네 감사합니다,네 감사합니다
AIHub_LowQualityPhoneVoice_valid__37938,18.51851851851852,14.814814814814813,-3.703703703703706,False,제 아이디는 아예 못 쓰는 거예요 그냥 그 혜택을,넌 걔 아이디는 아예 못 쓰는 거에요 그냥 그 헤택을,그럼 제 아이디를 아예 못 쓰는 거예요 그냥 그 혜택을
AIHub_LowQualityPhoneVoice_valid__37943,0.0,14.285714285714285,14.285714285714285,False,네 감사합니다,네 감사합니다,예 감사합니다
AIHub_LowQualityPhoneVoice_valid__37968,6.382978723404255,8.51063829787234,2.127659574468085,False,아 네 네 이쪽으로 오늘 접수해드릴 거구요 입금은 이번 주 금요일 오후 여섯 시 이후,아 네 네 이쪽으로 오늘 접수해드릴 거구요 입금은 이번 주 금요일 오후 여섯 시에요,아 네 네 이쪽으로 오늘 접수해드릴 거고요 입금은 이번 주 금요일 오후 여섯 시에요
AIHub_LowQualityPhoneVoice_valid__37975,28.125,15.625,-12.5,False,어 혹시 취소하시는 사유가 어떻게 되시는지 알 수 있을까요,어 혹시 신호사실 사회가 어떻게 된 지 알 수 있을까요,어 혹시 신청하신 사유가 어떻게 되는지 알 수 있을까요
AIHub_LowQualityPhoneVoice_valid__37986,47.82608695652174,6.521739130434782,-41.30434782608696,False,에 소중한 정보 확인 감사합니다 네 재구매 원하시는 교재가 어떤 교재이실까요 회원님,네 수정하는 거예요 감사합니다 네 지금에만 하시는 교재가 어떤 교재이시거니,네 소중한 정보 확인 감사합니다 네 재구매만 하시는 교재가 어떤 교재이실까요 회원님
AIHub_LowQualityPhoneVoice_valid__37994,6.8181818181818175,4.545454545454546,-2.2727272727272716,False,그러면 그까 별로 막 오래 지나지 않았는데 지금 강의가 새로 다 막 바뀌더라구요,그러면 긍까 별로 막 오래 지나지 않았는데 지금 감이가 새로 다 막 바뀌더라구요,그러면 그니까 별로 막 오래 지나지 않았는데 지금 강의가 새로 다 막 바뀌더라고요
AIHub_LowQualityPhoneVoice_valid__37995,28.57142857142857,0.0,-28.57142857142857,False,아 그 십 일이 넘으면 안 되는 거예요,아 그 시도리 나오면 안 되는 거예요,아 그 십 일이 넘으면 안 되는 거예요
AIHub_LowQualityPhoneVoice_valid__38013,4.444444444444445,0.0,-4.444444444444445,False,그러면 두 달 들은 시점에서 환불 신청을 하면은 이게 몇 프로 정도 환불이 되나요,그러면 두 달 들은 식감에서 환불 신청을 하면은 이게 몇 프로 정도 환불이 되나요,그러면 두 달 들은 시점에서 환불 신청을 하면은 이게 몇 프로 정도 환불이 되나요
AIHub_LowQualityPhoneVoice_valid__38018,12.5,7.5,-5.0,False,아 그 일부면 그면 그 단과에 일일 수강만큼 이게 또 차감이 되는 거네요,아 그 일 보면 그믄 그 단과에 일일 수박만큼 이게 또 차감이 드는 거네요,아 그 일 보면 그면 그 단과에 일 일 수강만큼 이게 또 차감이 되는 거네요
AIHub_LowQualityPhoneVoice_valid__38028,0.0,0.0,0.0,False,아 네 알겠습니다,아 네 알겠습니다,아 네 알겠습니다
AIHub_LowQualityPhoneVoice_valid__38038,14.285714285714285,0.0,-14.285714285714285,False,예 안녕하세요,네 안녕하세요,예 안녕하세요
AIHub_LowQualityPhoneVoice_valid__38042,16.666666666666664,13.88888888888889,-2.777777777777775,False,예 그거를 인제 집사람이 해 어저께 가니까 그걸 하더라구요 하면서,예 그거를 이제 지짜람이 했 어저께 가니까 그걸 하드라고요 하면서,예 그거를 이제 집사람이 어제께 가니까 그걸 하더라고요 하면서
AIHub_LowQualityPhoneVoice_valid__38049,12.195121951219512,7.317073170731707,-4.878048780487806,False,그래갖고 뭐 거기서 책 사는 거 할인해갖고 얼마가 지금 들어있는 거 같애요,그래갖고 뭐 거기서 책 사는 거 할인해갖고 얼마 좀 더 있는 거 같애요,그래갖고 뭐 거기서 책 사는 거 할인해갖고 얼마가 좀 들어 있는 거 같애요
AIHub_LowQualityPhoneVoice_valid__38061,0.0,14.285714285714285,14.285714285714285,False,네 그래가지고,네 그래가지고,네 그래 가지고
AIHub_LowQualityPhoneVoice_valid__38076,8.333333333333332,0.0,-8.333333333333332,False,장바구니에 안 담겨서요,장바구니 안 담겨서요,장바구니에 안 담겨서요
AIHub_LowQualityPhoneVoice_valid__38078,59.09090909090909,2.272727272727273,-56.81818181818182,False,네 소중한 정보 확인 감사합니다 네 실례지만 어떤 교재를 재구매 원하시는 거세요,네 감사합니다 네 슬레즈먼 어떤 교재로 채우면 원할 수 있는 것은가요,네 소중한 정보 확인 감사합니다 네 실례지만 어떤 교재로 재구매 원하시는 거세요
AIHub_LowQualityPhoneVoice_valid__38080,11.538461538461538,7.6923076923076925,-3.846153846153846,False,확인해드리겠습니다 잠시만 더 기다려주세요 회원님,확인해드리겠습니다 잠시만 더 기다려주세요 여연이,확인해 드리겠습니다 잠시만 더 기다려 주세요 회원님
AIHub_LowQualityPhoneVoice_valid__38081,20.0,0.0,-20.0,False,재구매 원하시는 이유는 어떻게 되실까요 회원님,재고링 원하시는 이유는 어떻게 되실까요 하느니,재구매 원하시는 이유는 어떻게 되실까요 회원님
AIHub_LowQualityPhoneVoice_valid__38115,29.629629629629626,7.4074074074074066,-22.22222222222222,False,교재를 아 아 잘못 주문해가지고 반송을 하려는데요,오제래 아 잘못 주문해가지고 반송을 하려는 거예요,교재를 아 잘못 주문해가지고 반송을 하려는데요
AIHub_LowQualityPhoneVoice_valid__38119,0.0,0.0,0.0,False,비닐로 투명 비닐로 포장,비닐로 투명 비닐로 포장,비닐로 투명 비닐로 포장
AIHub_LowQualityPhoneVoice_valid__38134,0.0,0.0,0.0,False,네 네 네 알겠습니다 알겠습니다,네 네 네 알겠습니다 알겠습니다,네 네 네 알겠습니다 알겠습니다
AIHub_LowQualityPhoneVoice_valid__38136,28.57142857142857,0.0,-28.57142857142857,False,네 안녕하세요,안녕하세요,네 안녕하세요
AIHub_LowQualityPhoneVoice_valid__38141,75.0,16.666666666666664,-58.333333333333336,False,결제 취소 카드 재취소,야 이제 치서 카드 치 치서,결제 취소 카드 제 취소
AIHub_LowQualityPhoneVoice_valid__38152,23.076923076923077,7.6923076923076925,-15.384615384615383,False,수강권만 환불이 돼가지구,스광권만 환불이 돼가지고,수강권만 환불이 돼가지고
AIHub_LowQualityPhoneVoice_valid__38166,48.0,0.0,-48.0,False,네 혹시 실례지만 결제하신 게 고등부 맞으세요,네 혹시 슬라임씨나 결자신 게 고등도 받으되 야,네 혹시 실례지만 결제하신 게 고등부 맞으세요
AIHub_LowQualityPhoneVoice_valid__38184,44.44444444444444,33.33333333333333,-11.111111111111114,False,네 네 수 원이요,네 육 회원이야,네 육천 원이요
AIHub_LowQualityPhoneVoice_valid__38189,33.33333333333333,0.0,-33.33333333333333,False,네 여보세요,여보세요,네 여보세요
AIHub_LowQualityPhoneVoice_valid__38194,15.0,15.0,0.0,False,그렇죠 그니까 그러니까 저희가 다시 받아야 되거든요 교재랑 저희가 배송비,그렇죠 그니까 그니까 저희가 다시 받아야죠 교재랑 저희가 배송비,그렇죠 그니까 그니까 저희가 다시 받아야 교재랑 저희가 배송비
AIHub_LowQualityPhoneVoice_valid__38201,42.857142857142854,14.285714285714285,-28.57142857142857,False,이 재결제창을,이 제결제 장을,이 재결제 창을
AIHub_LowQualityPhoneVoice_valid__38203,22.22222222222222,0.0,-22.22222222222222,False,확인 좀 해볼게요,하겐 좀 해볼게요,확인 좀 해볼게요
AIHub_LowQualityPhoneVoice_valid__38207,20.930232558139537,0.0,-20.930232558139537,False,아 그러신가요 확인 한번 해드리겠습니다 실례지만 회원님 성함이 어떻게 되십니까,아 그러신가요 확인은 번 해드리겠습니다 선생님 성함이 어떻게 되십니까,아 그러신가요 확인 한번 해드리겠습니다 실례지만 회원님 성함이 어떻게 되십니까
AIHub_LowQualityPhoneVoice_valid__38235,21.428571428571427,0.0,-21.428571428571427,False,이거 네 일단 취소를 하고,이거 이 내 취소를 하고,이거 네 일단 취소를 하고
AIHub_LowQualityPhoneVoice_valid__38243,0.0,0.0,0.0,False,어 인증을 또 새로 받아야 되는 건 아니죠,어 인증을 또 새로 받아야 되는 건 아니죠,어 인증을 또 새로 받아야 되는 건 아니죠
AIHub_LowQualityPhoneVoice_valid__38250,7.894736842105263,5.263157894736842,-2.6315789473684212,False,아 만약에 그게 인증하기로 뜨면 구매하기로 그대로 뜨면 그냥 결제하시,그까 만약에 그게 인증하기로 뜨면 구매하기로 그대로 뜨면 그냥 결제하실,만약에 그게 인증하기로 뜨면 구매하기로 그대로 뜨면 그냥 결제하시
AIHub_LowQualityPhoneVoice_valid__38270,81.81818181818183,9.090909090909092,-72.72727272727273,False,따로 할 거는 없어요,빠른 훗병은 없다 야,따로 할 수는 없어요
AIHub_LowQualityPhoneVoice_valid__38272,0.0,0.0,0.0,False,무엇을 도와드릴까요,무엇을 도와드릴까요,무엇을 도와드릴까요
AIHub_LowQualityPhoneVoice_valid__38284,0.0,0.0,0.0,False,아 제가 그 엄만데요,아 제가 그 엄만데요,아 제가 그 엄만데요
AIHub_LowQualityPhoneVoice_valid__38292,40.0,20.0,-20.0,False,두 시 넘어서 주세요 전화를,조심 넘어서 주세요 저는,두 시 넘어서 주세요 저는
AIHub_LowQualityPhoneVoice_valid__38294,20.0,11.11111111111111,-8.88888888888889,False,네 알겠습니다 그러면 제가 오후 두 시 이후에 다시 한번 연락 드리도록 하겠습니다,네 알겠습니다 그래서 그러면 제가 오후 두 시 이후에 네 살만 연락드리도록 하겠습니다,네 알겠습니다 저 그럼 제가 오후 두 시 이후에 다시 한번 연락드리도록 하겠습니다
AIHub_LowQualityPhoneVoice_valid__38318,25.0,10.0,-15.0,False,네 그냥 무조건 학생 회원이어야 돼요,네 그냥 무조건 학생회원이에요,네 그냥 무조건 학생 회원이라 돼요
AIHub_LowQualityPhoneVoice_valid__38344,5.0,15.0,10.0,False,아 이게 쓸 일 없을 거 같아가지구요,아 이게 쓸 일 없을 거 같아가지구야,아 이게 쓸 일 없을 것 같아 가지고요
AIHub_LowQualityPhoneVoice_valid__38352,83.33333333333334,16.666666666666664,-66.66666666666669,False,에 가능해요,땡 아니야,네 가능해요
AIHub_LowQualityPhoneVoice_valid__38353,12.244897959183673,6.122448979591836,-6.122448979591836,False,잠시만 기다려주세요 회원님 감사합니다 제가 지금 문자 발송해드렸는데요 문자 수신하셨을까요,감시만 기다려 주세요 네 감사합니다 제가 지금 문자 발송해 드렸는데요 문자 수신하셨을까요,잠시만 기다려주세요 네 네 감사합니다 제가 지금 문자 발송해드렸는데요 문자 수신하셨을까요
AIHub_LowQualityPhoneVoice_valid__38362,12.5,0.0,-12.5,False,네 일단은 네 이용 중인 패스,네 일단은 네 이용적인 패스,네 일단은 네 이용 중인 패스
AIHub_LowQualityPhoneVoice_valid__38367,28.57142857142857,0.0,-28.57142857142857,False,네 그거를 저희가 차감하고,네 그거를 저희가 또 하남하고,네 그거를 저희가 차감하고
AIHub_LowQualityPhoneVoice_valid__38375,18.75,18.75,0.0,False,아이 원래 써지는 게 아니에요,원래 써지는 게 아니에요,차가 원래 떠지는 게 아니에요
AIHub_LowQualityPhoneVoice_valid__38378,7.142857142857142,0.0,-7.142857142857142,False,차감하고 남은 금액으로 이제 저희가 환불 도와드리는 거예요 환불 진행 시에는,체감하고 남은 연핵으로 이제 저희가 환불 도와드리는 거예요 환불 진행 시에는,차감하고 남은 금액으로 이제 저희가 환불 도와드리는 거예요 환불 진행 시에는
AIHub_LowQualityPhoneVoice_valid__38382,36.36363636363637,0.0,-36.36363636363637,False,네 네 네 네 네 네,네 네 네 네,네 네 네 네 네 네
AIHub_LowQualityPhoneVoice_valid__38409,38.46153846153847,0.0,-38.46153846153847,False,내 강의실이라고 있으세요,뇌강의실 일하고 있으세요,내 강의실이라고 있으세요
AIHub_LowQualityPhoneVoice_valid__38458,85.71428571428571,57.14285714285714,-28.57142857142857,False,자퇴 중이에요,아프거든요,아파트 전이에요
AIHub_LowQualityPhoneVoice_valid__38464,33.33333333333333,5.555555555555555,-27.77777777777777,False,네 업로드 해주시면 되시는 거세요,에 업무도 해주시면 되시는 것이야,네 업로드해주시면 되시는 거세요
AIHub_LowQualityPhoneVoice_valid__38481,12.82051282051282,7.6923076923076925,-5.128205128205127,False,어 연장 그까 작년에 이까 올해 초에 구입하셨던 걸 말씀 주시는 걸까요,어 연증 그니까 작년에 아 막 올해 초에 구입하셨던 걸 말씀 주시는 걸까요,어 연장 그니까 작년에 그니까 올해 초에 구입하셨던 걸 말씀 주시는 걸까요
AIHub_LowQualityPhoneVoice_valid__38483,0.0,0.0,0.0,False,좋은 하루 되세요,좋은 하루 되세요,좋은 하루 되세요
AIHub_LowQualityPhoneVoice_valid__38509,12.0,0.0,-12.0,False,네 그거를 환불 받고 영 그 엔 수생 버전으로,네 그거를 환불받고 영 그 엔소생 버전으로,네 그거를 환불 받고 영 그 엔 수생 버전으로
AIHub_LowQualityPhoneVoice_valid__38512,0.0,0.0,0.0,False,네 잠시만 기다려주세요,네 잠시만 기다려주세요,네 잠시만 기다려주세요
AIHub_LowQualityPhoneVoice_valid__38514,18.181818181818183,0.0,-18.181818181818183,False,네 어느 은행이실까요,네 어느 행위실까요,네 어느 은행이실까요
AIHub_LowQualityPhoneVoice_valid__38534,6.25,0.0,-6.25,False,아 아니요 없습니다 감사합니다,아 아니 없습니다 감사합니다,아 아니요 없습니다 감사합니다
AIHub_LowQualityPhoneVoice_valid__38550,35.0,0.0,-35.0,False,이렇게 네 권은 환불이 가능하시거든요,내 거는 환불이 가능하시거든요,이렇게 네 권은 환불이 가능하시거든요
AIHub_LowQualityPhoneVoice_valid__38560,13.461538461538462,11.538461538461538,-1.9230769230769234,False,요 검토가 완료되고 나면은 회원님 그 결제해 주신 금액이 다시 캐시로 복구되실 거세요 지금 총,검토가 완료 되고 나면은 회원이 그 결제해 주신 금액이 다시 캐시로 복구 되실 거세요 지금 엄청,검토가 완료되고 나면은 회원님 그 결제해주신 금액이 캐시로 복구되실 거세요 지금 총
AIHub_LowQualityPhoneVoice_valid__38582,0.0,10.0,10.0,False,어제 보니깐 재수강하는 거 있드라구요,어제 보니깐 재수강하는 거 있드라구요,어제 보니깐 재수강하는 거 있더라고요
AIHub_LowQualityPhoneVoice_valid__38591,50.0,33.33333333333333,-16.66666666666667,False,감사드리구요 교재 캐시로 결 어제,감사드리고요 피씨를 어제,감사드리고요 캐시로 어제
AIHub_LowQualityPhoneVoice_valid__38603,55.55555555555556,11.11111111111111,-44.44444444444444,False,어 지구 과학 원,어 지호박원,어 지구과학 원
AIHub_LowQualityPhoneVoice_valid__38625,2.5,2.5,0.0,False,아 네 네 정보 확인 감사드리구요 제가 금액만 확인하고 그럼 말씀드릴게요,아 네 네 정보 확인 감사드리고요 제가 금액만 확인하고 그럼 말씀드릴게요,아 네 네 정보 확인 감사드리고요 제가 금액만 확인하고 그럼 말씀드릴게요
AIHub_LowQualityPhoneVoice_valid__38632,33.33333333333333,0.0,-33.33333333333333,False,그 근데 저가 입금을 저 이름으로 해가지고 원래 에 잠시만요,저 저가 일권문 저 일권문을 해가지고 원래 에 잠시만요,그 근데 저가 입금을 저 이름으로 해가지고 원래 에 잠시만요
AIHub_LowQualityPhoneVoice_valid__38640,0.0,14.285714285714285,14.285714285714285,False,그렇게 잘하는 것도 아닌데,그렇게 잘하는 것도 아닌데,그렇게 자라는 것도 아닌데
AIHub_LowQualityPhoneVoice_valid__38668,42.10526315789473,0.0,-42.10526315789473,False,교재 캐시만 깎인 거 해드릴 거예요,그저 저 지금 합긴 거 해드릴 거예요,교재 캐시만 깎인 거 해드릴 거예요
AIHub_LowQualityPhoneVoice_valid__38676,38.46153846153847,15.384615384615385,-23.07692307692308,False,교재를 시 주문을 했는데,조절을 주문을 했는데,교재를 주문을 했는데
AIHub_LowQualityPhoneVoice_valid__38685,27.27272727272727,0.0,-27.27272727272727,False,아 네 확인되셨을까요,아데 확인 되셨을까요,아 네 확인되셨을까요
AIHub_LowQualityPhoneVoice_valid__38686,35.0,10.0,-25.0,False,네 또 또 다른 문의 사항 없으실까요,에이 수술하는 문의 사항 없으실까요,네 수 투 다른 문의 사항 없으실까요
AIHub_LowQualityPhoneVoice_valid__38688,88.88888888888889,0.0,-88.88888888888889,False,좋은 하루 되세요,문어로 뜻이에요,좋은 하루 되세요
AIHub_LowQualityPhoneVoice_valid__38696,60.0,60.0,0.0,False,아 그러면 제가 지,아 그럼까지,아 그럼 다 취소
AIHub_LowQualityPhoneVoice_valid__38701,58.82352941176471,0.0,-58.82352941176471,False,관련돼서 문의 주신 거 맞으시죠,관련돼서 뭔 신검 아저씨 진짜,관련돼서 문의 주신 거 맞으시죠
AIHub_LowQualityPhoneVoice_valid__38702,12.5,0.0,-12.5,False,저희 간단한 정보 확인 필요하셔서 학교명 말씀 부탁드릴게요,되게 간단한 정보 확인 필요하셔서 조명 말씀 부탁드릴게요,저희 간단한 정보 확인 필요하셔서 학교명 말씀 부탁드릴게요
AIHub_LowQualityPhoneVoice_valid__38705,50.0,0.0,-50.0,False,무엇을 도와드릴까요,무엇을 더 하다니까요,무엇을 도와드릴까요
AIHub_LowQualityPhoneVoice_valid__38710,7.142857142857142,0.0,-7.142857142857142,False,그 다른 과목으로 이렇게 변경이 혹시 가능할지 해서,그 다른 과목으로 이렇게 변경 욕시 가능할지 해서,그 다른 과목으로 이렇게 변경이 혹시 가능할지 해서
AIHub_LowQualityPhoneVoice_valid__38718,20.833333333333336,0.0,-20.833333333333336,False,교재 같은 경우도 환불 원하시는 거 맞으시죠,규제 같은 경우도 선불 안 하시는 거 맞으시죠,교재 같은 경우도 환불 원하시는 거 맞으시죠
AIHub_LowQualityPhoneVoice_valid__38720,91.66666666666666,0.0,-91.66666666666666,False,아 네 사용 안 했어요,아,아 네 사용 안 했어요
AIHub_LowQualityPhoneVoice_valid__38729,20.833333333333336,0.0,-20.833333333333336,False,수강료하고 이렇게 따로따로 결제가 된 거예요,속 합류하고 이렇게 따끔따로 결제가 된 거예요,수강료하고 이렇게 따로따로 결제가 된 거예요
AIHub_LowQualityPhoneVoice_valid__38734,0.0,0.0,0.0,False,그 뭐지 저기 만약에 환불을 했다가,그 뭐지 저기 만약에 환불을 했다가,그 뭐지 저기 만약에 환불을 했다가
AIHub_LowQualityPhoneVoice_valid__38769,64.28571428571429,21.428571428571427,-42.85714285714286,False,이후에 구매하시면 버튼이 바뀌실 거예요 그때 구매를,고매하긴 그렇더니 아내셀 거예요 그 고민,구의하시면 버튼이 바뀌실 거예요 그때 구매하
AIHub_LowQualityPhoneVoice_valid__38782,2.3255813953488373,4.651162790697675,2.3255813953488373,False,말씀을 드려야 되는 건 이전에 구매하신 강좌를 뭐 예외 등록을 해드리기 위해선,말씀을 드려야 되는 건 이전에 구매하신 강좌를 뭐 예외 등록을 해드리기 위해서,말씀을 드려야 되는 거 이전에 구매하신 강좌를 뭐 예외 등록을 해드리기 위해서
AIHub_LowQualityPhoneVoice_valid__38788,19.047619047619047,0.0,-19.047619047619047,False,어떤 걸 연장으로 재구매하신다는 걸까요,떵궐 연장으로 재구매하신다는 걸까요,어떤 걸 연장으로 재구매하신다는 걸까요
AIHub_LowQualityPhoneVoice_valid__38808,0.0,0.0,0.0,False,방금 한 거예요 네 네,방금 한 거예요 네 네,방금 한 거예요 네 네
AIHub_LowQualityPhoneVoice_valid__38820,28.57142857142857,10.204081632653061,-18.36734693877551,False,국 영 수를 뺀 나머지 수강만 끊으면 되는데 왜 전체 끊었냐 그래서 다시 결제 안 될까요,이경프를 땐 나머지 수간만 끊으면 되는데 절대 끊었냐 라고 다시 결제 안 될까요,육 영 투를 뺀 나머지 수강만 끊으면 되는데 왜 전체 끊었냐 라고 다시 결제 안 될까요
AIHub_LowQualityPhoneVoice_valid__38830,15.789473684210526,0.0,-15.789473684210526,False,예 아이랑 다시 상의해서 다시 결제,예 아이랑 다시 탐의해서 다시 갈게,예 아이랑 다시 상의해서 다시 결제
AIHub_LowQualityPhoneVoice_valid__38832,100.0,18.181818181818183,-81.81818181818181,False,안 받는다는 얘기인가,만약,안 받는다는 얘기는
AIHub_LowQualityPhoneVoice_valid__38843,75.0,25.0,-50.0,False,지금 회원님 본인이세요,형이 고민 아니에요,회원님 본인이세요
AIHub_LowQualityPhoneVoice_valid__38846,37.5,0.0,-37.5,False,아 그러면 요게,아 그러면,아 그러면 요게
AIHub_LowQualityPhoneVoice_valid__38859,8.571428571428571,2.857142857142857,-5.7142857142857135,False,네 지금 취소 진행해드릴 거고요 취소 환불에서도 확인 가능하세요,네 지금 취소 진행해드릴 거고요 취소한 분에서도 확인 가능하세요,네 지금 취소 진행해 드릴 거고요 취소 환불에서도 확인 가능하세요
AIHub_LowQualityPhoneVoice_valid__38864,10.0,0.0,-10.0,False,지금 다시 그 통합반 할려고 하는데 그 단과 들었던 게 아까워가지고 문의하니까 환불이 가능하다고 하셔가지고요,지금 다시 그 통합반 할려고 하는데 그 단과 들었던 게 아까워가지고 운이 하니까 환불이 가능하다고 하신 가지구요,지금 다시 그 통합반 할려고 하는데 그 단과 들었던 게 아까워가지고 문의하니까 환불이 가능하다고 하셔가지고요
AIHub_LowQualityPhoneVoice_valid__38868,33.33333333333333,5.555555555555555,-27.77777777777777,False,아 두 강좌인가요 세 강좌가 아 두 강좌 예 예 하고 이거를 바로,아 두 관자가 세 관자가 아 두 관자에 하고 이거를 바로,아 두 강좌인가요 세 강좌가 아 두 강좌 예 하고 이거를 바로
AIHub_LowQualityPhoneVoice_valid__38874,45.45454545454545,9.090909090909092,-36.36363636363636,False,전액 환불 가능하세요,전역 한 번에 가능하세요,전액 환불이 가능하세요
AIHub_LowQualityPhoneVoice_valid__38886,27.77777777777778,5.555555555555555,-22.22222222222222,False,교재비가 포함된 부분이에요 어머님,교재리가 포함된 부분이에요,교재비가 포함된 부분이에요 어머니
AIHub_LowQualityPhoneVoice_valid__38905,28.57142857142857,4.761904761904762,-23.809523809523807,False,확인해 드리겠습니다 잠시만 기다려주세요,너 확인해 드리겠습니다 잠잠만 기다려 주시오,확인해 드리겠습니다 잠시만 기다려 주세요
AIHub_LowQualityPhoneVoice_valid__38910,36.666666666666664,3.3333333333333335,-33.33333333333333,False,학생분이요 네 자택 아 졸업하신 학교는 어떻게 되실까요,근데 학생분이야 네 사팩 아 졸업한 생각은 어떻게 되실까요,학생분이요 네 자택 아 졸업하신 학교명 어떻게 되실까요
AIHub_LowQualityPhoneVoice_valid__38915,7.4074074074074066,0.0,-7.4074074074074066,False,네 저 그 이거 환급형으로 해서 가입한 게 있는데,네 저 으 이거 황급형으로 해서 가입한 게 있는데,네 저 그 이거 환급형으로 해서 가입한 게 있는데
AIHub_LowQualityPhoneVoice_valid__38920,0.0,0.0,0.0,False,이것도 가능한가요,이것도 가능한가요,이것도 가능한가요
AIHub_LowQualityPhoneVoice_valid__38929,0.0,0.0,0.0,False,근데 이제 그 탭하고 같이 살려고 했는데 실수로 제가 탭을,근데 이제 그 탭하고 같이 살려고 했는데 실수로 제가 탭을,근데 이제 그 탭하고 같이 살려고 했는데 실수로 제가 탭을
AIHub_LowQualityPhoneVoice_valid__38937,6.666666666666667,6.666666666666667,0.0,False,바로 입금은 안 되세요 그래서 만약에거 취소 안 하시고,바로 입금은 안 되세요 그래서 만약 이거 취소 안 하시고,바로 입금은 안 되세요 그래서 만약 이거 취소 안 하시고
AIHub_LowQualityPhoneVoice_valid__38941,30.0,0.0,-30.0,False,취소를 하게 되면은,수술을 하게 되면은,취소를 하게 되면은
AIHub_LowQualityPhoneVoice_valid__38947,0.0,0.0,0.0,False,저희 아이가 그 영어 교재를 주문을 했는데요,저희 아이가 그 영어 교재를 주문을 했는데요,저희 아이가 그 영어 교재를 주문을 했는데요
AIHub_LowQualityPhoneVoice_valid__38991,75.0,33.33333333333333,-41.66666666666667,False,예 예 선생님 맞습니다,네 네 말씀하십니까,예 예 수고 많습니다
AIHub_LowQualityPhoneVoice_valid__38992,27.586206896551722,12.068965517241379,-15.517241379310343,False,네 저희 쪽에서 해당 부분 신청해드릴게요 신청해드리고 저희 쪽의 현금 환불 같은 경우 방금 말씀드렸다시피,네 저희 쪽은 현장 부분 신청해 드리께요 신청해 드리고 저희 쪽 현장 부분 같은 거 하나 말씀드렸다시피,네 저희 쪽에 현장 부분 신청해드릴게요 신청해드리고 저희 쪽 현금 같은 경우 방금 말씀드렸다시피
AIHub_LowQualityPhoneVoice_valid__39002,16.666666666666664,0.0,-16.666666666666664,False,네 안녕하세요 그 제가,안녕하세요 그 제가,네 안녕하세요 그 제가
AIHub_LowQualityPhoneVoice_valid__39006,0.0,0.0,0.0,False,그거 환불 좀 해주셨으면 좋겠는데,그거 환불 좀 해주셨으면 좋겠는데,그거 환불 좀 해주셨으면 좋겠는데
AIHub_LowQualityPhoneVoice_valid__39009,9.090909090909092,4.545454545454546,-4.545454545454546,False,교재 세 권 결제해주신 거 확인되시는데요,교적 세권 결제해주신 거 확인되시는데요,교재 세 권 결제해 주신 거 확인되시는데요
AIHub_LowQualityPhoneVoice_valid__39029,18.75,12.5,-6.25,False,네 책 주문한 거 취소할려고요,이 책 주문한 거 취소하려구요,예 책 주문한 거 취소할려구요
AIHub_LowQualityPhoneVoice_valid__39043,47.368421052631575,0.0,-47.368421052631575,False,바로 도와드리도록 하겠습니다 확인은,알아 도와주시오 하겠습니다 하기는,바로 도와드리도록 하겠습니다 확인은
AIHub_LowQualityPhoneVoice_valid__39048,22.22222222222222,22.22222222222222,0.0,False,이거는 선생님께서,이번에 선생님께서,이번에 선생님께서
AIHub_LowQualityPhoneVoice_valid__39064,28.205128205128204,15.384615384615385,-12.82051282051282,False,어 교재도 같이 오 그니까 프리패스를 신청하는 교재도 오는 이렇게 그런,어 교재도 갔죠 그니까 풀핏비를 신청하는 교재도 오는 역에 그런,어 교재도 같이 그니까 풀 풀스를 신청하면 교재도 오는 이렇게 그런
AIHub_LowQualityPhoneVoice_valid__39067,30.76923076923077,30.76923076923077,0.0,False,아 아 아 네 알겠습니다,아 네 알겠습니다,아 네 알겠습니다
AIHub_LowQualityPhoneVoice_valid__39073,56.25,0.0,-56.25,False,그거를 세 시 이후에 한다고요,그렇게 시 요리한다구요,그거를 세 시 이후에 한다고요
AIHub_LowQualityPhoneVoice_valid__39077,0.0,7.142857142857142,7.142857142857142,False,그 제가 아니 제가 옛날에,그 제가 아니 제가 옛날에,그 제가 아이 제가 옛날에
AIHub_LowQualityPhoneVoice_valid__39083,25.0,15.625,-9.375,False,아니요 지금 다 수강 신청하려고 하는데 일단 수 원에서 막 부터 막혀가지고 전화를 드린 거 다 지금 할까요 수강 신,아니요 지금 다 수강신청 할려봤는데 일단 수강신청 안에서 마 부터 막혀가지고 전화 드린 거예요 다 지금 할까요 수강신청,아니요 지금 다 수강신청 할려고 하는데 일단 수 원에서 막 붙어 막혀가지고 전화 드린 거예요 다 지금 할까요 수강신청
AIHub_LowQualityPhoneVoice_valid__39086,71.42857142857143,0.0,-71.42857142857143,False,네 다 했어요,여 탈 수,네 다 했어요
AIHub_LowQualityPhoneVoice_valid__39094,0.0,0.0,0.0,False,아 네 네 잠시만 기다려주세요,아 네 네 잠시만 기다려주세요,아 네 네 잠시만 기다려주세요
AIHub_LowQualityPhoneVoice_valid__39102,0.0,0.0,0.0,False,네 감사합니다,네 감사합니다,네 감사합니다
AIHub_LowQualityPhoneVoice_valid__39117,5.555555555555555,33.33333333333333,27.77777777777777,False,원래 금액이 연 올라가는 거였어요,원래 금액 연 올라가는 거였어요,그러면 금액이 연 이게 올라가는 거였어요
AIHub_LowQualityPhoneVoice_valid__39125,19.35483870967742,6.451612903225806,-12.903225806451614,False,감사합니다 어 그러면은 학생 회원님 저희가 전 전액 환불,감사합니다 어 그러면은 학생회원님 저희가 전에 컴공,감사합니다 어 그러면은 학생 회원님 저희가 전액 환불
AIHub_LowQualityPhoneVoice_valid__39131,0.0,0.0,0.0,False,네 네 알겠습니다 감사합니다,네 네 알겠습니다 감사합니다,네 네 알겠습니다 감사합니다
AIHub_LowQualityPhoneVoice_valid__39137,0.0,0.0,0.0,False,네 알겠습니다,네 알겠습니다,네 알겠습니다
AIHub_LowQualityPhoneVoice_valid__39155,20.0,0.0,-20.0,False,잠시만 기다려주세요,치만 기다려주세요,잠시만 기다려주세요
AIHub_LowQualityPhoneVoice_valid__39163,6.666666666666667,0.0,-6.666666666666667,False,가격이 아 예 예 알겠습니다,가격이 아 예예 알겠습니다,가격이 아 예 예 알겠습니다
AIHub_LowQualityPhoneVoice_valid__39166,8.333333333333332,2.7777777777777777,-5.5555555555555545,False,아 네 저기 아이가 그 수강 신청한 강좌 결제 취소할려고 하는데요,아 네 저기 아이가 그 수강신청은 강좌 결제 취소할려고 하던데요,아 네 저기 아이가 그 수강 신청한 강좌 결제 취소하려고 하는데요
AIHub_LowQualityPhoneVoice_valid__39167,52.63157894736842,0.0,-52.63157894736842,False,아 네 자녀분 생년월일 말씀해주세요,아 네 자나본 생명으로의 말씀이시아,아 네 자녀분 생년월일 말씀해주세요
AIHub_LowQualityPhoneVoice_valid__39186,0.0,0.0,0.0,False,네 근데 제가,네 근데 제가,네 근데 제가
AIHub_LowQualityPhoneVoice_valid__39205,31.25,12.5,-18.75,False,아 예 그러면 그 다른 게 뭐,아 예 그럼 그 다른 거,아 예 그러면 그 다른 뭐
AIHub_LowQualityPhoneVoice_valid__39207,5.555555555555555,0.0,-5.555555555555555,False,차감 없이 저희가 전액으로 환불 진행해 드리도록 하겠습니다 회원님,차감 없이 저희가 전액으로 환불 진행해 드리도록 하겠습니다 예언님,차감 없이 저희가 전액으로 환불 진행해 드리도록 하겠습니다 회원님
AIHub_LowQualityPhoneVoice_valid__39209,88.88888888888889,0.0,-88.88888888888889,False,좋은 하루 되세요,전화로 돼서 야,좋은 하루 되세요
AIHub_LowQualityPhoneVoice_valid__39235,42.30769230769231,19.230769230769234,-23.076923076923073,False,네 그냥 취소해드릴 테니까 두 건 결제하셨던 그,네 야 저희 필요해드릴 테니까 두꺼운 결제하셨다니까,네 그냥 저희가 취소해 드릴 테니까 두 건 결제하셨던 그
AIHub_LowQualityPhoneVoice_valid__39240,380.55555555555554,2.7777777777777777,-377.77777777777777,False,카드 결제 취소해 드릴 거구요 그래서 요거는 저희 사이트 내에서 한 시간 안쪽으로 접수가 될 거고요 다만 당일 결제 건은 아니셔서,카드를 지사해주실 거구요 요가 요가 요가 요가 요가 요가 요가 요가 요가 요가 요가 요가 요가 요가 요가 요가 요가 요가 요가 요가 요가 요가 요가 요가 요가 요가 요가 요가 요가 요가 요가 요가 요가 요가 요가 요가 요가 요가 요가 요가 요가 요가 요가 요가 요가 요가 요가 요가 요가 요가 요가 요가 요가 요가 요가 요가 요가 요가 요가 요가 요가 요가 요가 요가 요가 요가 요가 요가 요가 요가 요가 요가 요가 요가 요가 요가 요가 요가 요가 요가 요가 요가 요가 요가 요가 요가 요가 요가 요가 요가 요가 요가 요가 요가 요가 요,카드 결제 취소해드릴 거고요 그래서 요거는 저희 사이트 내에서 한 시간 안쪽으로 접수가 될 거고요 다만 당일 결제 건은 아니셔서
AIHub_LowQualityPhoneVoice_valid__39248,73.17073170731707,14.634146341463413,-58.53658536585366,False,네 지금 현재 이거 확인해보니까 이거 회원님께서 교재를 착불로 보내주셨어요,그 지민장 이거 확인해주세요,지금 현재 이거 확인해보니까 회원님께서 교재를 선불로 보내주셨어요
AIHub_LowQualityPhoneVoice_valid__39279,28.000000000000004,4.0,-24.000000000000004,False,가장 가까운 삼성 전자 서비스 센터 방문하셔서,가장 가까운 상상자자 서비스센터 문화셔서,가장 가까운 삼성전자 서비스 센터 방문하셔서
AIHub_LowQualityPhoneVoice_valid__39281,9.30232558139535,3.488372093023256,-5.813953488372094,False,일단 그 다운로드 받은 파일을 포함한 사진 있잖아요 뭐 여러 가지 뭐 다운로드 뭐 뭐 강의 파일을 포함한 사진이나 메모 같은 거 있잖아요 그럼 이거는 이제,일단 그 다운로드 받은 파일을 포함한 사진 있잖아요 뭐 여러 가지 뭐 예 다운로드 뭐 뭐 강의 파일을 포함한 사진이랑 메모 같은 거 있잖아요 그러면 이거는,일단 그 다운로드 받은 파일을 포함한 사진 있잖아요 뭐 여러 가지 다운로드 뭐 뭐 강의 파일을 포함한 사진이랑 메모 같은 거 있잖아요 그럼 이거는 이제
AIHub_LowQualityPhoneVoice_valid__39289,50.0,17.857142857142858,-32.14285714285714,False,고객 센터 자체가 다릅니다 같은 자 자회사는 맞아요,국외센터가 차 다릅니다 그까 같은 제 좌회상 맞아요,고객센터 자체가 다릅니다 그 같은 자 회사만 맞아요
AIHub_LowQualityPhoneVoice_valid__39309,73.68421052631578,26.31578947368421,-47.368421052631575,False,예 제가 아 계좌가 계좌가 잠깐만요,괴차가 괴차가 괴차가 그 말이야,계좌가 계좌가 계좌가 잠깐만요
AIHub_LowQualityPhoneVoice_valid__39316,0.0,0.0,0.0,False,아 그래요 예 아 예 알겠습니다,아 그래요 예 아 예 알겠습니다,아 그래요 예 아 예 알겠습니다
AIHub_LowQualityPhoneVoice_valid__39327,75.0,0.0,-75.0,False,결제 카드만 변경해 드리면 되는 거죠,협택화점은 반경을 지금 되나 봤잖아,결제 카드만 변경해 드리면 되는 거죠
AIHub_LowQualityPhoneVoice_valid__39328,33.33333333333333,0.0,-33.33333333333333,False,예 카드만 변경하고 싶어서요,그래 카드만 변경하고 싶었다,예 카드만 변경하고 싶어서요
AIHub_LowQualityPhoneVoice_valid__39337,22.22222222222222,0.0,-22.22222222222222,False,패스 인강 그거를 결제를 했는데요,패슨가 그거를 결제를 했는데요,패스 인강 그거를 결제를 했는데요
AIHub_LowQualityPhoneVoice_valid__39343,0.0,50.0,50.0,False,여보세요,여보세요,네 여보세요
AIHub_LowQualityPhoneVoice_valid__39347,10.256410256410255,8.974358974358974,-1.282051282051281,False,결제해주셔면 될 거 같고요 저희 쪽에서 카드 자체 변경이 어렵기 때문에 그냥 취소 후 다시 결제를 네 해주셔야 된다라는 점 참고 부탁드리고요,결제해야 될 거 같구요 저희 쪽에서 카드 자체 변경이 어렵기 때문에 한 취소 후 다시 결제를 네 해주셔야 된다 라는 점 참고 부탁드리구요,결제해 주셔야 될 것 같고요 저희 쪽에서 카드 자체 변경이 어렵기 때문에 취소 후 다시 결제를 네 해 주셔야 된다라는 점 참고 부탁드리고요
AIHub_LowQualityPhoneVoice_valid__39376,46.666666666666664,0.0,-46.666666666666664,False,교재 환불 말씀하시는 거세요,교재 환불매시 마시는 거슨 야,교재 환불 말씀하시는 거세요
AIHub_LowQualityPhoneVoice_valid__39401,31.25,0.0,-31.25,False,네 네 정보 확인 감사드리고요,네 네 전포하긴 감사드리고요,네 네 정보 확인 감사드리고요
AIHub_LowQualityPhoneVoice_valid__39402,28.57142857142857,0.0,-28.57142857142857,False,환불하실 거는 어떤 건가요,칸불하실은 어떤 건가요,환불하실 거는 어떤 건가요
AIHub_LowQualityPhoneVoice_valid__39426,85.71428571428571,0.0,-85.71428571428571,False,선생님 교재는,수능 선생님 조절은,선생님 교재는
AIHub_LowQualityPhoneVoice_valid__39439,0.0,0.0,0.0,False,아 다 들을 수 있어요,아 다 들을 수 있어요,아 다 들을 수 있어요
AIHub_LowQualityPhoneVoice_valid__39445,9.523809523809524,0.0,-9.523809523809524,False,전액으로 카드 취소 가능하신 부분입니다,전액으로 카드 찍어 가능하신 부분입니다,전액으로 카드 취소 가능하신 부분입니다
AIHub_LowQualityPhoneVoice_valid__39454,36.84210526315789,21.052631578947366,-15.789473684210524,False,아 다른 교재 추가 결제하신 거예요,다 다른 교재 초반에 자신 거예요,다른 교재 수강 결제하신 거예요
AIHub_LowQualityPhoneVoice_valid__39459,100.0,44.44444444444444,-55.55555555555556,False,네 네 잘 들려요,그,네 네 다 된다
AIHub_LowQualityPhoneVoice_valid__39460,13.793103448275861,0.0,-13.793103448275861,False,아 네 저희 아이가 요번에 그거 네 그 결제를 했는데,아 네 저의 아이가 연봉의 그거 네 그 결제를 했는데,아 네 저희 아이가 요번에 그거 네 그 결제를 했는데
AIHub_LowQualityPhoneVoice_valid__39471,0.0,0.0,0.0,False,그니까 아이가,그니까 아이가,그니까 아이가
AIHub_LowQualityPhoneVoice_valid__39472,13.88888888888889,8.333333333333332,-5.555555555555557,False,예 이거 확률이 아니고 뭐 제가 모르겠는데 뭔가 다른 것이 되는데,이게 이거 확률이 아니고 뭐 제가 모르겠는데 뭔가 다른 거 싶이 되는데,예 이거 확률이 아니고 뭐 제가 모르겠는데 뭔가 다른 거 싶는데
AIHub_LowQualityPhoneVoice_valid__39487,0.0,0.0,0.0,False,네 감사합니다 좋은 하루 보내세요,네 감사합니다 좋은 하루 보내세요,네 감사합니다 좋은 하루 보내세요
AIHub_LowQualityPhoneVoice_valid__39529,0.0,0.0,0.0,False,선생님 혹시 말을 조금 천천히 해주실 수 있어요,선생님 혹시 말을 조금 천천히 해주실 수 있어요,선생님 혹시 말을 조금 천천히 해주실 수 있어요
AIHub_LowQualityPhoneVoice_valid__39536,6.666666666666667,0.0,-6.666666666666667,False,주소요 주소 주소 학원 주소,주소야 주소 주소 학원 주소,주소요 주소 주소 학원 주소
AIHub_LowQualityPhoneVoice_valid__39543,22.666666666666664,8.0,-14.666666666666664,False,아 회원님 그니까 그 제가 말씀드렸던 게 이제 그 회원님께서 본인 다니셨다고 하셨잖아요 그 주소를 잘 모르 어딨는지 그거 여쭤봤던 건데,아니 그니까 그 제가 말씀드렸던 게 이제 그 하 선생님 본인 다니셨다고 하셨잖아요 그 두 손을 잘 모르는 거 어딨는지 그걸 여쭤봤던 건데,아 회원님 그니까 그 제가 말씀드렸던 게 이제 그 회원님께서 본인 다니셨다고 하셨잖아요 그 주소를 잘 모르는데 어디 있는지 그걸 여쭤봤던 건데
AIHub_LowQualityPhoneVoice_valid__39549,0.0,0.0,0.0,False,아 뭐 지금도 그러면 뭐 다른 문제가 있으신 거예요 지금 몇 년 지나셨는데,아 뭐 지금도 그러면 뭐 다른 문제가 있으신 거예요 지금 몇 년 지나셨는데,아 뭐 지금도 그러면 뭐 다른 문제가 있으신 거예요 지금 몇 년 지나셨는데
AIHub_LowQualityPhoneVoice_valid__39551,12.380952380952381,14.285714285714285,1.9047619047619033,False,솔직히 사과는 이제 더 이상은 됐고요 그냥 이제 저도 저 좀 불쌍한 인생이고 그렇긴 한데 저 사회 부적응자고 그렇긴 한데 그 제 인생이 제가 알아서 살 테니까요 예 그만해주셨으면 좋겠습니다,솔직히 사과는 이제 더 이상 됐고요 그냥 이제 저도 좀 좀 불쌍한 인생이고 그렇게 한데 좀 사회 부정은 자고 그렇게 한데 제 인생 제가 알아서 살 테니까요 이제 그만해주셨으면 좋겠습니다,솔직히 사과는 이제 더 이상 됐고요 그냥 이제 저도 좀 좀 불쌍한 인생이고 그렇긴 한데 좀 살 부정은 잘 오고 그렇긴 한데 제 인생 제가 알아서 살 테니까요 이 그만해주셨으면 좋겠습니다
AIHub_LowQualityPhoneVoice_valid__39559,5.063291139240507,3.79746835443038,-1.2658227848101267,False,그러니까 제가 그냥 저를 이제 그만 신경 써줬으면 좋겠어요 아 그니까 어차피 그만 신경 써줬다 해도 그런 적이 없다고 나오실 게 뻔하긴 한데요,그러니까 제가 그냥 저는 이제 그만 신경 써줬으면 좋겠어요 아 그니까 어차피 그만 신경 써줬다 해도 그런 적이 없다고 나오시길 뻔하긴 한데요,그러니까 제가 그냥 저를 이제 그만 신경 써줬으면 좋겠어요 아 그니까 어차피 그만 신경 써줬다 해도 그런 적이 없다고 나오시길 뻔하긴 한데요
AIHub_LowQualityPhoneVoice_valid__39572,23.076923076923077,23.076923076923077,0.0,False,그리고 혹시 또 있으세요,요로고 시 또 있으세요,그리고 또 있으세요
AIHub_LowQualityPhoneVoice_valid__39587,0.0,0.0,0.0,False,많이 안 하셨어요,많이 안 하셨어요,많이 안 하셨어요
AIHub_LowQualityPhoneVoice_valid__39597,14.529914529914532,9.401709401709402,-5.1282051282051295,False,어 그까 회원님 저도 그 말씀 충분히 이해하는데 어쨌든 저희 쪽은 이제 이 인터넷 강좌 사이트라서 전달을 해드릴 전달을 하더라도 조금 전달이 어려울 수도 있긴 하거든요 고거는 인제 음 참고로 조금 해주셔야 돼요,어 그서 하여튼 저도 그 말씀을 충분히 이해하는데 어쨌든 저희 쪽은 인제 이거 인터넷 선저 사이트에서 전달하드리 전달을 하더라도 조금 전달을 어려울 수도 있긴 하거든요 이거는 이제 음 참고로 조금 해주셔야 돼요,어 그니까 회원님 저도 그 말씀을 충분히 이해하는데 어쨌든 저희 쪽은 이제 요거 인터넷 강좌 사이트 가서 전달해드리려 전달을 하더라도 조금 전달이 어려울 수도 있긴 하거든요 고거는 이제 음 참고로 조금 해주셔야 돼요
AIHub_LowQualityPhoneVoice_valid__39602,4.411764705882353,1.4705882352941175,-2.9411764705882355,False,갈 생각이 없고요 저는 그래도 그래도 저한테 고통을 주시고 그래도 저는 마지막까지 제가 수강 후기에 좋은 글을 썼어요 제가,갈 생각이 없구요 저는 그래도 그래도 저한테 고통을 주시고 그래도 저는 마지막까지 제가 소감 후기에 좋은 글을 썼어요 제가,갈 생각이 없고요 저는 그래도 그래도 저한테 보통을 주시고 그래도 저는 마지막까지 제가 수강 후기에 좋은 글을 썼어요 제가
AIHub_LowQualityPhoneVoice_valid__39611,7.6923076923076925,3.296703296703297,-4.395604395604396,False,진행 도와드릴 건데요 어 일단 저희가 신용카드로 진행하신 거다 보니까 어 어제 결제하신 거여서 저희 홈페이지에서 한 시간 뒤에 그럼 환불 가능하신 거 확인되실 건데,진행 도와드릴 건데요 어 일단 저희가 신용카드로 진행하신 거 다 보니까 어 어제 결제하신 거여서 저희 홈페이지에는 한 시간 뒤에 반 환불받은 하신 거 확인되실 건데,진행 도와드릴 건데요 어 일단 저희가 신용카드로 진행하신 거다 보니까 어 어제 결제하신 거여서 저희 홈페이지에는 한 시간 뒤에 환 환불 가능하신 거 확인되실 건데
AIHub_LowQualityPhoneVoice_valid__39612,0.0,0.0,0.0,False,네 네 그러면 지금 이제 그 완료가 된 건가요,네 네 그러면 지금 이제 그 완료가 된 건가요,네 네 그러면 지금 이제 그 완료가 된 건가요
AIHub_LowQualityPhoneVoice_valid__39621,18.6046511627907,4.651162790697675,-13.953488372093023,False,그러면은 저희가 정보 아 그래서 취소하시려는 건가요 그럼 저희가 정보 확인하고,그러면은 저희가 취소 아 그래서 취소하시려는 건가요 그럼 저희가 전부 하기도,그러면은 저희가 정보 아 거기서 취소하시려는 건가요 그럼 저희가 정보 확인하고
AIHub_LowQualityPhoneVoice_valid__39622,21.052631578947366,0.0,-21.052631578947366,False,네 혹시 다른 문의 사항 있으실까요,네 혹시 다른 분 이상 있으실까요,네 혹시 다른 문의 사항 있으실까요
AIHub_LowQualityPhoneVoice_valid__39628,33.33333333333333,0.0,-33.33333333333333,False,구매한 거 같은데,보면 한 거 같은데,구매한 거 같은데
AIHub_LowQualityPhoneVoice_valid__39630,40.0,20.0,-20.0,False,현금 결제를 카드요,현금 결절을 하두요,현금 결제를 하도요
AIHub_LowQualityPhoneVoice_valid__39634,28.57142857142857,0.0,-28.57142857142857,False,어머니 잠시만 기다려주세요,아 오늘 잠시만 기다려주세요,어머니 잠시만 기다려주세요
AIHub_LowQualityPhoneVoice_valid__39654,8.333333333333332,0.0,-8.333333333333332,False,아 여쭤볼 게 있는데요,아 여쭤볼게 있는데요,아 여쭤볼 게 있는데요
AIHub_LowQualityPhoneVoice_valid__39673,30.0,10.0,-20.0,False,아 환불하시는 사유는 어떻게 되실까요,그냥 함브라시나 사유는 어떻게 되실까요,그냥 환불하시는 사유는 어떻게 되실까요
AIHub_LowQualityPhoneVoice_valid__39674,92.85714285714286,0.0,-92.85714285714286,False,그 십 오만 원 다 사용하,에 휴,그 십 오만 원 다 사용하
AIHub_LowQualityPhoneVoice_valid__39682,0.0,0.0,0.0,False,아 네 저희가,아 네 저희가,아 네 저희가
AIHub_LowQualityPhoneVoice_valid__39687,28.57142857142857,0.0,-28.57142857142857,False,세 네 번이요,네 번이요,세 네 번이요
AIHub_LowQualityPhoneVoice_valid__39688,13.333333333333334,13.333333333333334,0.0,False,네 네 그니까 고거까지 하고,네 네 그까 고급까지 하고,네 네 까 고거까지 하고
AIHub_LowQualityPhoneVoice_valid__39694,7.142857142857142,28.57142857142857,21.428571428571427,False,아 근데 확인을 해 주셔야,아 근데 확인을 해주셔야,아 근데 확인을 해주셔야 돼요
AIHub_LowQualityPhoneVoice_valid__39698,18.181818181818183,18.181818181818183,0.0,False,그 문자 받으신 일시,그 문자 받으신 이 시,그 문자 받으신 이 시
AIHub_LowQualityPhoneVoice_valid__39702,60.0,10.0,-50.0,False,승인 번호 있잖아요,빙긴뽀는 있잖아,승인번호 있잖아요
AIHub_LowQualityPhoneVoice_valid__39711,0.0,0.0,0.0,False,네 취소하고 싶어요,네 취소하고 싶어요,네 취소하고 싶어요
AIHub_LowQualityPhoneVoice_valid__39738,0.0,0.0,0.0,False,네 알겠습니다,네 알겠습니다,네 알겠습니다
AIHub_LowQualityPhoneVoice_valid__39739,11.428571428571429,2.857142857142857,-8.571428571428571,False,앞서서 그러면 학생 회원님 그 생년월일 한 번만 부탁드리겠습니다,앞서서 그러면 학생회원님 그 생명원이 한 번만 부탁드리겠습니다,앞서서 그러면 학생 회원님 그 생년월일 한번만 부탁드리겠습니다
AIHub_LowQualityPhoneVoice_valid__39749,5.555555555555555,5.555555555555555,0.0,False,예 어제 그 거기에 등록을 했어요,예 어제 그 거기 등록을 했어요,예 어제 그 거기 등록을 했어요
AIHub_LowQualityPhoneVoice_valid__39751,0.0,0.0,0.0,False,그 인제 본인 계정으로 된 게 아니라 인제 그 재수생 그 이렇게 뭐지,그 인제 본인 계정으로 된 게 아니라 인제 그 재수생 그 이렇게 뭐지,그 인제 본인 계정으로 된 게 아니라 인제 그 재수생 그 이렇게 뭐지
AIHub_LowQualityPhoneVoice_valid__39755,15.384615384615385,0.0,-15.384615384615385,False,저희가 자정까지 하거든요,저희가 자전거까지 하거든요,저희가 자정까지 하거든요
AIHub_LowQualityPhoneVoice_valid__39841,23.52941176470588,0.0,-23.52941176470588,False,아 그러면 혹시 컴퓨터로 로그인,아 그러면 혹시 컴비터로 녹음,아 그러면 혹시 컴퓨터로 로그인
AIHub_LowQualityPhoneVoice_valid__39844,4.545454545454546,4.545454545454546,0.0,False,어 그러면은 그 모바일로 접속하신 다음에,아 그러면은 그 모바일로 접속하신 다음에,아 그러면은 그 모바일로 접속하신 다음에
AIHub_LowQualityPhoneVoice_valid__39855,0.0,0.0,0.0,False,빠르게 확인하고 연락드릴게요,빠르게 확인하고 연락드릴게요,빠르게 확인하고 연락드릴게요
AIHub_LowQualityPhoneVoice_valid__39872,7.8431372549019605,5.88235294117647,-1.9607843137254903,False,그 수강료에 대해서는 네 알겠습니다 그러면 총금액에서 제가 지금 얼마 정도를 차감이 된 거죠,수강요에 대해서는 네 알겠습니다 그러면 총금액에서 제가 지금 얼마 정도를 사감이 된 거죠,수강료에 대해서는 네 알겠습니다 그러면 총 금액에서 제가 지금 얼마 정도를 차감이 된 거죠
AIHub_LowQualityPhoneVoice_valid__39901,20.0,8.0,-12.0,False,네 오늘도 안 됐어요 어제도 여러 차례했거든요,네 오늘도 안 됐어 어제도 여럿 사라 했거든요,네 오늘도 안 됐어 어제도 여러 차례 했거든요
AIHub_LowQualityPhoneVoice_valid__39913,7.6923076923076925,7.6923076923076925,0.0,False,아 종료되는 거 상관없이,아 등료되는 거 상관없이,아 종료되는 건 상관없이
